tree
version=v4
num_class=1
num_tree_per_iteration=1
label_index=0
max_feature_idx=11
objective=regression
feature_names=route_id segment_id segment_type time_of_day_bin day_of_week is_weekend is_holiday hour_of_day distance_km current_speed previous_segment_speed weather_severity
feature_infos=-1:2:0:5:1:4:3 -1:0:1:2:3:4:5:6:7:8:9:10:11:12:13:14:15:16:17:18:19:20:21:22:23:24:25:26:27:28:29:30:31:32:33:34:35:36:37:38:39:40:41:42:43:44 -1:5:0:1:2:3:7:4:6 -1:18:19:59:58:60:20:25:61:21:37:30:29:13:26:43:33:52:22:14:42:53:38:34:16:17:4:36:51:28:23:12:44:15:31:41:11:24:6:32:27:39:54:56:45:7:40:50:55:5:35:3:57:49:10:48:62:9:2:8:47:46:1:63:0:64:65:66 [0:6] [0:1] [0:1] [6:22.91] [0.69999999999999996:4.5] [3:61.710000000000001] [3:60.850000000000001] [0:1]
tree_sizes=2053 1976 2066 2049 2080 2017 2068 1995 2006 2103 2072 2053 2078 2052 1992 1999 2081 2064 2098 2092 2088 2060 2091 2070 2073 2080 2079 2104 2091 2102 2124 2096 2115 2060 2086 2084 2071 2100 2033 2065 2034 2029 2052 2032 2012 2010 2098 2026 2001 2054 2009 2044 2003 2033 1982 2030 2046 2093 1969 2086 2065 2059 1972 2035 1970 1990 2052 2057 1961 2059 2001 2026 2022 2030 2053 2011 2044 2011 2056 1969 2044 2027 2032 1981 2004 1994 1984 1998 2005 2047 2023 2023 1967 2057 2112 2037 1959 2049 2055 2009 2004 2036 2008 2056 2076 2066 2060 2089 2028 2025 2061 2074 2032 2095 2038 2012 2004 2030 2030 2059 1946 1985 1955 1962 2013 1992 1957 2059 1940 2018 2014 2026 2013 2013 2011 2007 1939 2068 2021 2006 1985 1905 2002 1971 1966 2013 1966 2030 1940 2039 2004 2061 1975 1957 2007 2055 1996 1987 2072 1965 1939 2049 2028 1980 1981 1991 2024 2003 2055 1982 2012 2002 2000 2027 1916 1962 2049 1972 2018 2098 1982 2052 2046 2087 2032 2039 1933 2046 2003 1993 2058 1992 1942 2087 2022 2043 2025 1983 2028 2058 2011 2036 1967 1997 1935 2012 2002 1997 1962 2093 2035 1955 1981 2000 2038 2018 2008 2045 1985 1995 1967 1977 2104 2059 2057 2028 1972 2006 1959 2012 2004 2055 1989 1990 1994 1991 2054 2014 2039 2028 2000 1961 1990 2016 2015 1973 1990 2014 1974 2078 2044 2068 1972 2030 2008 2004 1994 2051 1986 1965 2078 1994 1974 2025 1983 2078 1999 2006 1952 1969 2033 2001 2004 1959 1977 1949 2032 2033 2015 1992 1924 2005 2021 2084 1963 2052 2104 1977 1965 2023 2033 2061 2014 1963 2043 1983 2041 1986 1945 2062 1967 1981 1961 1978 2041 2076 1960 2076 1978 2022 2037 2004 2087 2003 2071 2029 2040 1973 2000 1965 1973 1970 2026 1956 1988 1991 2013 2000 1934 1939 2056 2051 1988 1974 2033 2039 2012 2061 2053 2066 2060 2050 1964 1985 2020 1944

Tree=0
num_leaves=21
num_cat=11
split_feature=1 9 9 8 1 3 11 3 11 1 3 1 11 1 11 8 8 1 3 1
split_gain=8.24245e+08 5.08973e+08 1.9435e+08 1.62897e+08 1.12456e+08 1.07125e+08 7.37852e+07 7.03672e+07 6.23534e+07 4.8017e+07 3.67383e+07 3.34724e+07 3.05131e+07 2.97445e+07 2.87764e+07 2.43797e+07 2.12647e+07 1.8304e+07 1.91741e+07 1.46285e+07
threshold=0 9.4950000000000028 8.1150000000000002 2.4500000000000006 1 2 1.0000000180025095e-35 3 1.0000000180025095e-35 4 5 6 1.0000000180025095e-35 7 1.0000000180025095e-35 1.3500000000000003 1.3500000000000003 8 9 10
decision_type=1 8 8 2 1 9 2 9 2 1 9 1 2 1 2 2 2 1 9 1
left_child=1 3 13 7 12 11 10 15 9 -7 -6 -3 17 -2 -13 -1 -9 -4 -19 -11
right_child=2 5 4 -5 6 8 -8 16 -10 19 -12 14 -14 -15 -16 -17 -18 18 -20 -21
leaf_value=468.24300845104892 445.11775535097928 482.18549532599411 432.56474094964966 503.53121140808514 445.75287736091519 461.3854206190947 450.3620524209822 457.15188437944641 456.58713433081527 447.78385320096123 439.82127588216133 455.26822431135014 442.18489740555367 455.90517862996535 466.99505213917143 481.27901264337322 467.01807266233089 441.72248847277604 435.59730843854499 443.5946624273227
leaf_weight=1173 1721 280 6352 712 7734 1049 6224 2205 3929 8784 16768 5900 4572 5204 1290 1906 2216 3624 9594 8098
leaf_count=1173 1721 280 6352 712 7734 1049 6224 2205 3929 8784 16768 5900 4572 5204 1290 1906 2216 3624 9594 8098
internal_value=447.057 455.368 442.008 471.021 440.59 450.988 443.448 467.934 448.472 446.694 441.69 458.335 436.958 453.234 457.358 476.219 462.064 435.731 437.271 445.774
internal_weight=99335 37542 61793 8212 54868 29330 30726 7500 21860 17931 24502 7470 24142 6925 7190 3079 4421 19570 13218 16882
internal_count=99335 37542 61793 8212 54868 29330 30726 7500 21860 17931 24502 7470 24142 6925 7190 3079 4421 19570 13218 16882
cat_boundaries=0 2 4 7 9 10 12 13 14 16 18 20
cat_threshold=1646101704 4619 490760453 288 261888 67092480 3 256 67092480 128 261888 67092480 128 150994944 138412036 256 261888 67092480 1075314688 4619
is_linear=0
shrinkage=1


Tree=1
num_leaves=21
num_cat=14
split_feature=9 2 2 9 11 0 0 9 3 2 3 9 2 0 2 3 9 3 0 0
split_gain=6.63129e+08 2.30105e+08 2.01483e+08 1.39591e+08 6.95433e+07 6.81793e+07 5.94214e+07 4.98523e+07 3.97315e+07 3.18777e+07 3.01945e+07 3.01796e+07 2.56578e+07 2.44726e+07 3.33835e+07 2.16796e+07 2.04252e+07 1.85718e+07 1.73978e+07 1.68638e+07
threshold=9.0450000000000017 0 1 14.255000000000001 1.0000000180025095e-35 2 3 12.195000000000002 4 5 6 5.9050000000000011 7 8 9 10 38.425000000000004 11 12 13
decision_type=8 1 1 8 2 1 1 10 9 1 9 10 1 1 1 9 10 9 1 1
left_child=1 5 3 13 8 12 9 15 -5 -3 -8 -7 -1 14 -2 -4 -9 -15 -6 -10
right_child=2 6 7 4 18 11 10 16 19 -11 -12 -13 -14 17 -16 -17 -18 -19 -20 -21
leaf_value=54.728817799705801 26.326949650437296 21.255434735685959 3.1585205419706082 1.1384575730966331 7.1875399641259188 32.263334884873125 8.4917216303140819 -7.2822641399096755 -2.8287902533304243 5.9009638690566293 -0.089228566152311395 18.102227861718223 24.470120479027351 9.9662253142273975 3.4917868031795734 -4.6575720223251524 -11.805108205530797 2.5577004409247759 -0.28559154132534392 -6.6072667383596411
leaf_weight=578 821 2159 2506 9640 5028 1134 4993 15938 16408 1038 3553 2318 265 4064 552 6279 7395 2993 2301 9446
leaf_count=578 821 2159 2506 9640 5028 1134 4993 15938 16408 1038 3553 2318 265 4064 552 6279 7395 2993 2301 9446
internal_value=-0.0306039 13.2139 -2.57844 0.190047 -1.4568 27.286 8.03674 -6.99419 -2.75922 16.3044 4.92829 22.6892 45.6187 8.5559 17.2387 -2.42966 -8.71574 6.83227 4.85073 -4.21133
internal_weight=99409 16038 83371 51253 42823 4295 11743 32118 35494 3197 8546 3452 843 8430 1373 8785 23333 7057 7329 25854
internal_count=99409 16038 83371 51253 42823 4295 11743 32118 35494 3197 8546 3452 843 8430 1373 8785 23333 7057 7329 25854
cat_boundaries=0 1 2 3 4 6 7 9 10 11 12 14 16 17 18
cat_threshold=97 165 1 52 261888 67092480 136 261888 67092480 1 1 1 261888 67092484 261888 1073729536 21 21
is_linear=0
shrinkage=0.0711242


Tree=2
num_leaves=21
num_cat=13
split_feature=1 3 1 11 3 11 1 11 1 1 8 1 1 3 7 7 1 7 1 1
split_gain=6.60697e+08 3.34401e+08 1.65754e+08 1.30676e+08 9.03546e+07 8.38135e+07 6.72798e+07 5.10327e+07 4.60877e+07 4.51383e+07 3.86953e+07 3.80292e+07 3.78399e+07 3.22695e+07 2.63282e+07 2.18625e+07 2.00205e+07 1.51795e+07 1.45913e+07 1.09952e+07
threshold=0 1 2 1.0000000180025095e-35 3 1.0000000180025095e-35 4 1.0000000180025095e-35 5 6 2.4500000000000006 7 8 9 17.445000000000004 17.505000000000006 10 17.445000000000004 11 12
decision_type=1 9 1 2 9 2 1 2 1 1 2 1 1 9 2 2 1 2 1 1
left_child=1 2 10 4 6 8 -2 12 -3 -5 17 -6 14 -11 -4 -12 -7 -1 -8 -10
right_child=3 5 7 9 11 16 18 -9 19 13 15 -13 -14 -15 -16 -17 -18 -19 -20 -21
leaf_value=20.42928335716871 3.6743822231848333 14.000025843357585 9.5808450456811443 -3.0458088581880354 -11.295331608701037 22.311648039264384 -10.553977792908109 22.559389130114916 1.5415495133476222 11.712978208296766 35.653051344780685 -6.309422021181903 6.8507576707450388 1.963454493199563 22.991208199115306 60.919152276965583 8.8027987528425715 34.933828373888254 -4.1011606505258023 -1.9740019533352156
leaf_weight=666 6507 1185 1344 5847 13602 631 2335 2280 8066 2580 335 18237 5247 5138 1650 360 4885 809 7517 10156
leaf_count=666 6507 1185 1344 5847 13602 631 2335 2280 8066 2580 335 18237 5247 5138 1650 360 4885 809 7517 10156
internal_value=0.025971 7.45613 16.8507 -4.49952 -6.23583 2.66743 -1.93496 13.1295 0.469574 1.66649 34.7487 -8.44236 10.5362 5.23359 16.9153 48.7465 10.4049 28.3863 -5.63976 -0.417845
internal_weight=99377 37614 12691 61763 48198 24923 16359 10521 19407 13565 2170 31839 8241 7718 2994 695 5516 1475 9852 18222
internal_count=99377 37614 12691 61763 48198 24923 16359 10521 19407 13565 2170 31839 8241 7718 2994 695 5516 1475 9852 18222
cat_boundaries=0 2 4 6 8 10 11 13 15 16 18 20 22 24
cat_threshold=1646101704 4619 261888 67092480 128 4608 261888 67092480 69206833 1232 128 415393798 288 432032006 288 1644494848 261888 67092480 128 512 4196356 256 1572864 4619
is_linear=0
shrinkage=0.0711242


Tree=3
num_leaves=21
num_cat=3
split_feature=2 7 11 8 8 2 7 8 11 8 2 7 8 8 8 7 7 4 7 7
split_gain=2.85426e+08 2.89878e+08 1.51022e+08 9.01936e+07 8.96839e+07 7.09188e+07 6.46425e+07 6.14548e+07 5.31404e+07 4.46603e+07 3.97403e+07 3.2276e+07 3.09368e+07 2.36458e+07 1.57872e+07 1.48119e+07 1.88499e+07 1.2968e+07 1.23245e+07 1.70632e+07
threshold=0 17.445000000000004 1.0000000180025095e-35 2.4500000000000006 2.4500000000000006 1 20.535000000000004 1.6500000000000001 1.0000000180025095e-35 1.3500000000000003 2 20.475000000000005 1.3500000000000003 2.0500000000000003 3.1500000000000008 10.485000000000001 7.9850000000000012 4.5000000000000009 10.485000000000001 7.9850000000000012
decision_type=1 2 2 2 2 1 2 2 2 2 1 2 2 2 2 2 2 2 2 2
left_child=1 4 5 6 8 14 9 -7 12 -3 -4 -5 18 -12 -2 16 -14 -9 19 -1
right_child=2 3 10 11 -6 7 -8 17 -10 -11 13 -13 15 -15 -16 -17 -18 -19 -20 -21
leaf_value=-7.5567872188182799 -12.147476372448798 14.076205431976502 -3.6490027475088507 56.061690067621981 18.076894784962391 -5.9432890387639752 5.584055844236298 0.28531115162360626 7.644642468649069 28.084844949881511 2.7825229547383463 24.433623259206222 -1.5472498469133451 8.8572145451253075 -6.5738741877466049 -0.73290368670799355 11.703339355257238 -3.1569154997861326 -7.1085755205030265 3.6329900622435809
leaf_weight=1206 5135 2520 2952 396 1553 18897 2161 19835 3842 2120 7296 278 898 5833 5149 3975 1374 7680 4714 1609
leaf_count=1206 5135 2520 2952 396 1553 18897 2161 19835 3842 2120 7296 278 898 5833 5149 3975 1374 7680 4714 1609
internal_value=0.0257707 6.32236 -2.28017 18.2049 1.69245 -4.00601 15.745 -2.81972 0.248102 20.4771 3.80309 43.0211 -1.81476 5.47728 -9.34787 1.88544 6.46623 -0.675492 -4.88489 -1.16101
internal_weight=99423 26646 72777 7475 19171 56696 6801 46412 17618 4640 16081 674 13776 13129 10284 6247 2272 27515 7529 2815
internal_count=99423 26646 72777 7475 19171 56696 6801 46412 17618 4640 16081 674 13776 13129 10284 6247 2272 27515 7529 2815
cat_boundaries=0 1 2 3
cat_threshold=9 2 2
is_linear=0
shrinkage=0.0711242


Tree=4
num_leaves=21
num_cat=2
split_feature=9 8 2 9 8 8 8 8 9 9 9 9 8 8 9 9 8 8 9 3
split_gain=4.74256e+08 2.3105e+08 1.32943e+08 9.12704e+07 8.44746e+07 6.11532e+07 5.46811e+07 4.42052e+07 3.61377e+07 3.10794e+07 3.08561e+07 2.94326e+07 2.14065e+07 2.0144e+07 2.41945e+07 1.83725e+07 1.2937e+07 1.28672e+07 1.51105e+07 1.15599e+07
threshold=9.1550000000000029 1.3500000000000003 0 15.265000000000002 2.0500000000000003 2.4500000000000006 1.7500000000000002 0.8500000000000002 32.395000000000003 6.3350000000000009 12.195000000000002 6.3350000000000009 1.0500000000000003 4.1000000000000005 20.085000000000004 12.975000000000003 2.4500000000000006 3.5500000000000003 35.535000000000004 1
decision_type=8 2 1 10 2 2 2 2 10 10 10 10 2 2 10 8 2 2 10 9
left_child=1 7 3 6 -5 9 -2 -1 13 -3 12 -9 -4 14 -6 16 -8 18 -12 -13
right_child=2 5 10 4 8 -7 15 11 -10 -11 17 19 -14 -15 -16 -17 -18 -19 -20 -21
leaf_value=-1.5590008957392738 1.104819155426457 28.421523764287155 -5.5275480841124862 -5.9167836196077319 5.8281490505506497 44.302851286022921 11.754275631176828 12.801365858294671 -3.1995173873744087 15.967636201359571 -6.5751546591578034 8.1666265698071197 1.6234028660531181 8.3397084574947478 -0.46310002047804733 7.2930968659611857 23.263521504535905 -3.6617064335311049 -10.860939452903242 0.92819409610470582
leaf_weight=3226 6785 1664 4510 14659 4687 647 1445 3857 7374 2595 12731 2099 3992 2755 9088 3296 751 4290 6183 2393
leaf_count=3226 6785 1664 4510 14659 4687 647 1445 3857 7374 2595 12731 2099 3992 2755 9088 3296 751 4290 6183 2393
internal_value=-0.0208835 10.9946 -2.22022 0.0344282 -1.66592 23.9297 5.37537 5.51194 0.940904 20.8339 -5.83366 8.24409 -2.16993 2.78795 1.67755 10.6512 15.691 -7.17856 -7.97622 4.33087
internal_weight=99027 16481 82546 50840 38563 4906 12277 11575 23904 4259 31706 8349 8502 16530 13775 5492 2196 23204 18914 4492
internal_count=99027 16481 82546 50840 38563 4906 12277 11575 23904 4259 31706 8349 8502 16530 13775 5492 2196 23204 18914 4492
cat_boundaries=0 1 3
cat_threshold=165 245504 67092480
is_linear=0
shrinkage=0.0711242


Tree=5
num_leaves=21
num_cat=8
split_feature=3 2 11 8 11 2 8 2 7 8 2 2 8 2 7 3 11 10 8 11
split_gain=2.98756e+08 2.70225e+08 1.07037e+08 9.04713e+07 5.62623e+07 4.89086e+07 4.2992e+07 3.71441e+07 3.52245e+07 2.45521e+07 2.36707e+07 2.2416e+07 2.05997e+07 1.90141e+07 1.49065e+07 1.37449e+07 1.34534e+07 1.09173e+07 1.06662e+07 1.04435e+07
threshold=0 1 1.0000000180025095e-35 2.4500000000000006 1.0000000180025095e-35 2 1.0500000000000003 3 17.445000000000004 1.3500000000000003 4 5 2.4500000000000006 6 17.505000000000006 7 1.0000000180025095e-35 30.005000000000006 2.0500000000000003 1.0000000180025095e-35
decision_type=9 1 2 2 2 1 2 1 2 2 1 1 2 1 2 9 2 10 2 2
left_child=1 3 5 6 7 17 -1 -3 16 -7 12 -4 15 -6 -5 -11 -8 -2 -9 -10
right_child=2 4 11 14 13 9 8 18 19 10 -12 -13 -14 -15 -16 -17 -18 -19 -20 -21
leaf_value=5.6991742196207493 -7.880486247184904 -6.8158847446503286 -2.0253090110010832 29.216224019763946 -0.90130222082258271 -6.027769000858668 8.4801581889914441 -0.37004016054783395 20.027353287342624 8.3405203032329922 -2.8610229774289113 4.2871424585911129 10.834961807182443 10.139634997321799 49.783118409813135 -1.1812682406003725 20.469158835485082 -3.3767948479314875 3.372086613283626 29.878447749494203
leaf_weight=2313 16129 3494 3874 333 973 7895 2116 8700 2547 903 17197 10683 1136 4281 385 4781 610 3276 6916 693
leaf_count=2313 16129 3494 3874 333 973 7895 2116 8700 2547 903 17197 10683 1136 4281 385 4781 610 3276 6916 693
internal_value=0.00337478 5.4862 -2.77374 16.0138 1.59361 -4.30114 13.9309 -0.197864 17.1222 -2.58611 -1.45581 2.60878 2.08863 8.11254 40.2491 0.34413 11.1635 -7.11651 1.28646 22.1351
internal_weight=99235 33361 65874 8997 24364 51317 8279 19110 5966 31912 24017 14557 6820 5254 718 5684 2726 19405 15616 3240
internal_count=99235 33361 65874 8997 24364 51317 8279 19110 5966 31912 24017 14557 6820 5254 718 5684 2726 19405 15616 3240
cat_boundaries=0 2 3 4 5 6 7 8 10
cat_threshold=261888 67092480 9 146 2 9 130 2 0 1006645248
is_linear=0
shrinkage=0.0711242


Tree=6
num_leaves=21
num_cat=6
split_feature=1 7 1 1 11 11 7 8 1 11 7 7 7 1 7 1 7 8 11 7
split_gain=4.34116e+08 1.06879e+08 1.01767e+08 8.01649e+07 6.7316e+07 5.30716e+07 3.8409e+07 2.99401e+07 2.51119e+07 2.33199e+07 2.08512e+07 2.14538e+07 1.92994e+07 1.77821e+07 1.68142e+07 1.55159e+07 1.31956e+07 1.16571e+07 1.09572e+07 1.06031e+07
threshold=0 17.505000000000006 1 2 1.0000000180025095e-35 1.0000000180025095e-35 20.535000000000004 2.4500000000000006 3 1.0000000180025095e-35 10.485000000000001 7.9850000000000012 20.475000000000005 4 17.505000000000006 5 20.475000000000005 1.4500000000000002 1.0000000180025095e-35 10.485000000000001
decision_type=1 2 1 1 2 2 2 2 1 2 2 2 2 1 2 1 2 2 2 2
left_child=1 4 6 9 8 14 7 -3 -1 -2 11 -10 13 -4 19 -6 17 -16 -15 -5
right_child=3 2 12 5 15 -7 -8 -9 10 -11 -12 -13 -14 18 16 -17 -18 -19 -20 -21
leaf_value=11.642680024624976 -7.4854968974858487 24.38031478710954 17.633353974744008 -1.6521644768177892 20.551225972820458 4.1319747977147436 12.175398425396809 46.001407883052238 -0.39386953702251043 -2.5919850989940429 -0.53791464102948183 7.492411740061395 2.6544732076660131 5.5167360602163802 6.7572203150172765 9.0295810366181914 -3.9818016395807447 -0.51633663674249919 15.186004464921394 -5.1721817227768527
leaf_weight=1228 22254 1655 1225 6821 677 7227 1105 403 2961 6327 12662 4249 2635 2734 1871 5240 2508 2757 757 11849
leaf_count=1228 22254 1655 1225 6821 677 7227 1105 403 2961 6327 12662 4249 2635 2734 1871 5240 2508 2757 757 11849
internal_value=0.030864 6.0601 12.1459 -3.64212 3.69395 -1.25473 22.8008 28.616 1.81389 -6.39999 1.2 4.25371 7.5198 10.2541 -2.76377 10.3981 0.172792 2.42428 7.59203 -3.88617
internal_weight=99145 37531 10514 61614 27017 33033 3163 2058 21100 28581 19872 7210 7351 4716 25806 5917 7136 4628 3491 18670
internal_count=99145 37531 10514 61614 27017 33033 3163 2058 21100 28581 19872 7210 7351 4716 25806 5917 7136 4628 3491 18670
cat_boundaries=0 2 4 6 7 8 10
cat_threshold=1646101704 4619 1073807488 4608 432171014 288 128 570687488 128 512
is_linear=0
shrinkage=0.0711242


Tree=7
num_leaves=21
num_cat=12
split_feature=3 2 11 11 2 7 2 2 11 2 2 3 11 2 10 10 2 4 2 3
split_gain=2.39602e+08 2.04842e+08 7.52271e+07 4.56792e+07 3.86576e+07 3.30323e+07 2.68973e+07 2.51496e+07 1.76691e+07 1.67863e+07 1.55943e+07 1.6485e+07 1.45998e+07 1.44187e+07 1.29151e+07 8.38822e+06 8.34074e+06 7.24356e+06 4.95336e+06 1.00344e+07
threshold=0 1 1.0000000180025095e-35 1.0000000180025095e-35 2 17.445000000000004 3 4 1.0000000180025095e-35 5 6 7 1.0000000180025095e-35 8 17.415000000000003 29.355000000000004 9 4.5000000000000009 10 11
decision_type=9 1 2 2 1 2 1 1 2 1 1 9 2 1 10 10 1 2 1 9
left_child=1 5 4 6 -2 8 -3 12 -1 -4 11 -6 -7 -5 -9 16 -12 -8 19 -11
right_child=2 3 9 13 10 7 17 14 -10 18 15 -13 -14 -15 -16 -17 -18 -19 -20 -21
leaf_value=6.8952065569046335 -7.2047281708194477 -5.8246477135378463 -1.9631522470579175 -0.52640015170436638 8.3904916497307696 20.531483879032045 2.0654736033905641 9.3915932468230423 17.983315276938427 11.921098384271923 -2.5656608242956489 -1.1051544499164665 34.238887333630046 9.0542196935597641 20.276886946813551 -1.7353389442671998 -5.4315861930367753 -1.3762193808373959 1.8171720766091835 3.6447068004575427
leaf_weight=3232 12554 3436 3870 979 1091 1870 11275 1701 938 874 9325 5770 498 4353 816 11016 11624 4263 4805 4856
leaf_count=3232 12554 3436 3870 979 1091 1870 11275 1701 938 874 9325 5770 498 4353 816 11016 11624 4263 4805 4856
internal_value=-0.0106866 4.89831 -2.50051 1.49419 -3.7744 14.024 -0.139706 18.0085 9.38969 2.04146 -2.66268 0.414894 23.3169 7.31115 12.87 -3.32318 -4.15971 1.12049 3.51108 4.92584
internal_weight=99146 33361 65785 24306 51380 9055 18974 4885 4170 14405 38826 6861 2368 5332 2517 31965 20949 15538 10535 5730
internal_count=99146 33361 65785 24306 51380 9055 18974 4885 4170 14405 38826 6861 2368 5332 2517 31965 20949 15538 10535 5730
cat_boundaries=0 2 3 4 5 6 7 8 10 11 12 13 15
cat_threshold=261888 67092480 9 18 2 1 130 1 0 1006645248 2 36 13 0 1006645248
is_linear=0
shrinkage=0.0711242


Tree=8
num_leaves=21
num_cat=12
split_feature=9 2 2 0 9 9 9 0 9 0 3 11 3 9 3 0 9 2 0 2
split_gain=3.0607e+08 1.1249e+08 7.97022e+07 4.31826e+07 4.13946e+07 3.75872e+07 2.67247e+07 2.37971e+07 1.84162e+07 1.80327e+07 1.78054e+07 1.60952e+07 1.18562e+07 1.17571e+07 1.04017e+07 9.1733e+06 8.52914e+06 9.70994e+06 7.86073e+06 7.58738e+06
threshold=10.255000000000001 0 1 2 16.845000000000002 6.3350000000000009 7.0150000000000006 3 6.0550000000000006 4 5 1.0000000180025095e-35 6 38.425000000000004 7 8 37.085000000000008 9 10 11
decision_type=8 1 1 1 10 10 10 1 10 1 9 2 9 10 9 1 10 1 1 1
left_child=1 5 4 8 12 9 -5 11 -3 -1 15 16 -2 14 -4 -7 17 -6 -16 -11
right_child=2 3 13 6 7 10 -8 -9 -10 19 -12 -13 -14 -15 18 -17 -18 -19 -20 -21
leaf_value=6.4388003515544359 4.8545045947189021 44.450163196115987 -1.5792216216921857 19.728871448805794 0.74333884363331637 9.8143210221553812 8.7693502088294917 -4.2470741819872986 23.547281775698377 7.760849805648772 -1.6403751009077308 3.8842361881375926 0.84959413211645696 -7.4046626829685991 -6.9525456845941136 2.6335253636447598 -4.2331712338971847 -3.0789173202513469 -3.7128718700626067 19.111792790407865
leaf_weight=4137 7477 282 5941 1829 11008 1267 2927 11604 876 485 4496 3867 7501 7419 6624 3139 3660 4829 9097 1032
leaf_count=4137 7477 282 5941 1829 11008 1267 2927 11604 876 485 4496 3867 7501 7419 6624 3139 3660 4829 9097 1032
internal_value=0.00771004 7.75858 -1.99997 16.0232 -0.275852 4.38663 12.9571 -1.61599 28.3954 8.92465 1.50923 -0.307266 2.85267 -4.95929 -4.12404 4.71615 -1.13877 -0.423624 -5.08148 15.558
internal_weight=99497 20470 79027 5914 49946 14556 4756 34968 1158 5654 8902 23364 14978 29081 21662 4406 19497 15837 15721 1517
internal_count=99497 20470 79027 5914 49946 14556 4756 34968 1158 5654 8902 23364 14978 29081 21662 4406 19497 15837 15721 1517
cat_boundaries=0 1 2 3 4 5 7 9 11 12 13 14 15
cat_threshold=152 165 1 21 11 261888 872402944 261888 1073737728 1074003712 67092480 52 36 10 16
is_linear=0
shrinkage=0.0711242


Tree=9
num_leaves=21
num_cat=11
split_feature=1 3 1 3 11 1 1 11 11 1 8 11 1 1 1 11 11 11 11 1
split_gain=3.29937e+08 1.44829e+08 7.75456e+07 5.79558e+07 3.82403e+07 3.77294e+07 2.89735e+07 2.7405e+07 1.85107e+07 1.81537e+07 1.63102e+07 1.63021e+07 1.30039e+07 1.04926e+07 8.01748e+06 7.27185e+06 6.85851e+06 6.68803e+06 6.31826e+06 6.08169e+06
threshold=0 1 2 3 1.0000000180025095e-35 4 5 1.0000000180025095e-35 1.0000000180025095e-35 6 2.4500000000000006 1.0000000180025095e-35 7 8 9 1.0000000180025095e-35 1.0000000180025095e-35 1.0000000180025095e-35 1.0000000180025095e-35 10
decision_type=1 9 1 9 2 1 1 2 2 1 2 2 1 1 1 2 2 2 2 1
left_child=1 2 10 5 9 11 8 12 -5 -3 18 19 -4 -6 -11 -7 -8 -12 -1 -2
right_child=3 4 7 6 13 15 16 -9 -10 14 17 -13 -14 -15 -16 -17 -18 -19 -20 -21
leaf_value=16.758298667963555 3.4707179909375641 9.2469480800272361 2.8517930309440276 -4.2024285336108385 19.413271861853417 -4.5089144640177592 -7.6533729731621758 15.310871622899707 0.9708654524147553 -1.5365531947455424 28.871706648354433 7.9695097968576283 8.7356778822638219 6.2913067528924538 1.3630162958622245 0.25062270744752085 -4.3993384131726039 46.076676054005112 28.122073747982636 -0.45750280416788819
leaf_weight=1146 3467 1131 2878 15975 323 7443 14810 2452 4480 9003 560 2327 5779 5489 10369 2077 4208 144 316 4674
leaf_count=1146 3467 1131 2878 15975 323 7443 14810 2452 4480 9003 560 2327 5779 5489 10369 2077 4208 144 316 4674
internal_value=-0.000450887 5.0295 11.0844 -3.34975 1.97196 -0.228468 -4.92982 8.66541 -3.06789 0.529157 23.393 2.71717 6.79303 7.06506 0.0153635 -3.46688 -6.92975 32.3962 19.216 1.21913
internal_weight=99051 39590 13275 59461 26315 19988 39473 11109 20455 20503 2166 10468 8657 5812 19372 9520 19018 704 1462 8141
internal_count=99051 39590 13275 59461 26315 19988 39473 11109 20455 20503 2166 10468 8657 5812 19372 9520 19018 704 1462 8141
cat_boundaries=0 2 4 6 8 10 12 13 15 16 18 20
cat_threshold=1646101704 4747 261888 67092480 128 4608 261888 67092480 2233467699 3152 2216833585 3140 128 1081408 129 128 1644527624 128 69206529 1040
is_linear=0
shrinkage=0.0711242


Tree=10
num_leaves=21
num_cat=12
split_feature=1 9 9 3 1 1 1 1 3 11 1 9 11 11 1 11 1 1 3 9
split_gain=2.86215e+08 1.67953e+08 7.0741e+07 4.16815e+07 3.91265e+07 3.81969e+07 2.01564e+07 1.87678e+07 1.64667e+07 1.41366e+07 1.33034e+07 1.24531e+07 8.8864e+06 8.7223e+06 8.6853e+06 8.42891e+06 7.90495e+06 7.18741e+06 6.057e+06 5.38829e+06
threshold=0 8.0050000000000008 8.1150000000000002 1 2 3 4 5 6 1.0000000180025095e-35 7 15.375000000000002 1.0000000180025095e-35 1.0000000180025095e-35 8 1.0000000180025095e-35 9 10 11 4.8950000000000005
decision_type=1 8 8 9 1 1 1 1 9 2 1 8 2 2 1 2 1 1 9 10
left_child=1 4 10 7 19 16 11 -3 12 17 -2 -5 -7 -8 18 -10 -4 -9 -6 -1
right_child=2 3 5 6 14 8 13 9 15 -11 -12 -13 -14 -15 -16 -17 -18 -19 -20 -21
leaf_value=38.668325976963715 -0.42609731093053904 22.301947292554598 -8.6169053654065255 9.2850220940710742 12.932677270133741 -1.0784500021170198 -1.0754060444652989 2.3793728831066217 -4.2228162222165189 12.178942840553097 6.0175071066627259 2.6199321709050913 4.3367615350603455 3.1652628965086986 17.866358217951294 -0.77066299643454916 -5.4996711326649725 6.8791257748662984 5.8549057274992151 26.347320628413215
leaf_weight=246 2580 373 5841 1783 2547 7814 12950 3359 17769 1613 4367 6928 1907 3027 1495 4480 14867 3942 882 671
leaf_count=246 2580 373 5841 1783 2547 7814 12950 3359 17769 1613 4367 6928 1907 3027 1495 4480 14867 3942 882 671
internal_value=0.00491375 4.6737 -3.11304 2.75951 15.8157 -4.00322 1.22933 6.81853 -2.45918 6.14617 3.63253 3.97968 -0.0160844 -0.271786 13.2109 -3.52612 -6.3827 4.82164 11.1347 29.3361
internal_weight=99441 39816 59625 33975 5841 52678 24688 9287 31970 8914 6947 8711 9721 15977 4924 22249 20708 7301 3429 917
internal_count=99441 39816 59625 33975 5841 52678 24688 9287 31970 8914 6947 8711 9721 15977 4924 22249 20708 7301 3429 917
cat_boundaries=0 2 4 6 8 10 11 13 14 15 16 18 20
cat_threshold=1646101704 4747 261888 67092480 128 4096 163602693 288 1572992 4105 128 261888 67092480 150995200 570753032 138412036 34635848 129 261440 1006620672
is_linear=0
shrinkage=0.0711242


Tree=11
num_leaves=21
num_cat=8
split_feature=1 1 1 7 1 7 10 7 7 7 10 7 1 1 1 0 10 7 4 7
split_gain=2.42336e+08 6.10731e+07 4.7961e+07 4.14595e+07 3.48014e+07 2.44644e+07 1.96512e+07 1.81208e+07 1.64042e+07 1.76507e+07 1.45323e+07 9.85512e+06 9.44575e+06 6.34572e+06 5.53372e+06 5.19681e+06 4.64861e+06 4.53385e+06 4.47385e+06 4.34222e+06
threshold=0 1 2 17.505000000000006 3 17.025000000000002 8.2450000000000028 20.535000000000004 10.485000000000001 7.9850000000000012 8.1450000000000014 20.535000000000004 4 5 6 7 34.625000000000007 10.485000000000001 4.5000000000000009 7.9850000000000012
decision_type=1 1 1 2 1 2 8 2 2 2 8 2 1 1 1 1 10 2 2 2
left_child=1 5 6 8 7 17 -2 15 9 -3 -4 -7 -12 -10 18 -5 -6 19 -8 -1
right_child=2 3 10 4 16 11 14 -9 13 -11 12 -13 -14 -15 -16 -17 -18 -19 -20 -21
leaf_value=7.5659890523016564 2.7200020311718749 0.87970713265197198 -0.98141024650532238 19.711647368104281 5.2810261284569071 33.179727968659542 0.48047941171619657 6.0184440886572936 -0.69705585459893893 7.2507927975366364 -7.6069436682872817 16.183494956798757 -4.5455199321941073 2.1458576397359099 -2.6134169158017526 12.975310370716448 0.66970594600997213 7.8395599385144692 -2.8037081560219743 20.890975200488779
leaf_weight=195 6482 3683 4462 1181 4024 451 7462 1401 7000 5462 7045 280 19201 9165 13924 1634 1525 953 2919 339
leaf_count=195 6482 3683 4462 1181 4024 451 7462 1401 7000 5462 7045 280 19201 9165 13924 1634 1525 953 2919 339
internal_value=-0.000612756 4.52225 -2.74375 3.79541 7.73325 15.9471 -0.759266 12.5987 2.27761 4.68497 -4.73243 26.6723 -5.37193 0.915678 -1.68748 15.9181 4.00653 10.7806 -0.44258 16.0271
internal_weight=98788 37293 61495 35075 9765 2218 30787 4216 25310 9145 30708 731 26246 16165 24305 2815 5549 1487 10381 534
internal_count=98788 37293 61495 35075 9765 2218 30787 4216 25310 9145 30708 731 26246 16165 24305 2815 5549 1487 10381 534
cat_boundaries=0 2 3 5 7 8 9 11 12
cat_threshold=1646101704 4619 128 2216821297 3284 1644494848 4608 155189252 1644527624 2149580832 192 48
is_linear=0
shrinkage=0.0711242


Tree=12
num_leaves=21
num_cat=1
split_feature=9 8 8 9 8 8 8 9 9 9 9 8 8 9 9 8 9 9 9 3
split_gain=2.00802e+08 1.06713e+08 3.70845e+07 5.6643e+07 3.27798e+07 3.12942e+07 3.03724e+07 2.56552e+07 1.983e+07 1.88685e+07 1.73098e+07 1.72217e+07 1.29799e+07 1.18087e+07 1.1054e+07 9.70316e+06 8.31764e+06 7.55545e+06 6.19488e+06 6.15736e+06
threshold=10.255000000000001 1.3500000000000003 1.3500000000000003 18.825000000000003 3.7000000000000006 2.0500000000000003 2.4500000000000006 6.0550000000000006 33.545000000000009 7.0150000000000006 27.815000000000001 2.0500000000000003 0.8500000000000002 14.865 13.075000000000001 0.8500000000000002 7.2750000000000012 13.265000000000002 24.505000000000006 0
decision_type=8 2 2 10 2 2 2 10 10 10 10 2 2 8 10 2 10 10 10 9
left_child=1 7 17 5 8 14 9 15 11 -3 -6 -5 -9 -7 -4 -1 -8 -2 -13 -14
right_child=2 6 3 4 10 13 16 12 -10 -11 -12 18 19 -15 -16 -17 -18 -19 -20 -21
leaf_value=1.9383428247505903 -2.8872810116249048 17.223483433816057 3.0240025385408251 -4.7569592467208777 7.5916882715208498 9.9693654217111902 34.974545900554844 -3.6602097410852181 -5.9726161504707989 8.6924897314624747 -0.17883218478605556 1.0986491583887694 4.2420703107727373 3.9385783156441461 -1.3123632926946958 9.0328272896760353 20.58523585166061 -5.9156713900327222 -2.1016573398731251 -0.12836198708129162
leaf_weight=1355 7514 2167 4499 7966 1739 2445 350 2558 10677 3323 8730 6095 3672 5004 8771 3480 486 9358 6144 2935
leaf_count=1355 7514 2167 4499 7966 1739 2445 350 2558 10677 3323 8730 6095 3672 5004 8771 3480 486 9358 6144 2935
internal_value=0.0129589 6.31707 -1.61023 -0.80651 -2.32738 2.22883 13.9835 2.85285 -3.49332 12.06 1.11198 -2.18315 0.641401 5.91817 0.157828 7.04468 26.6125 -4.56699 -0.507914 2.30686
internal_weight=99268 20326 78942 62070 41351 20719 6326 14000 30882 5490 10469 20205 9165 7449 13270 4835 836 16872 12239 6607
internal_count=99268 20326 78942 62070 41351 20719 6326 14000 30882 5490 10469 20205 9165 7449 13270 4835 836 16872 12239 6607
cat_boundaries=0 2
cat_threshold=786240 872411136
is_linear=0
shrinkage=0.0711242


Tree=13
num_leaves=21
num_cat=7
split_feature=1 11 1 7 1 11 1 7 1 7 10 10 7 1 1 7 7 7 7 7
split_gain=1.87782e+08 5.06111e+07 3.63088e+07 3.21843e+07 3.18132e+07 2.59043e+07 1.78993e+07 1.23638e+07 9.81212e+06 9.5681e+06 8.96543e+06 8.81866e+06 8.25372e+06 7.8613e+06 7.36126e+06 7.22925e+06 7.13451e+06 6.01377e+06 5.9566e+06 6.31742e+06
threshold=0 1.0000000180025095e-35 1 17.505000000000006 2 1.0000000180025095e-35 3 20.535000000000004 4 17.265000000000004 9.8350000000000026 7.245000000000001 20.475000000000005 5 6 10.485000000000001 7.9150000000000009 17.085000000000004 10.555000000000001 7.9850000000000012
decision_type=1 2 1 2 1 2 1 2 1 2 8 8 2 1 1 2 2 2 2 2
left_child=1 3 10 8 7 11 17 -5 -1 18 -2 -4 14 -11 -6 16 -10 -3 19 -8
right_child=2 6 5 4 12 -7 9 -9 15 13 -12 -13 -14 -15 -16 -17 -18 -19 -20 -21
leaf_value=7.3045703237868214 -2.009085534677828 17.103178928895293 1.4568627882401812 18.44027060885448 10.130395535069125 2.5071438333131444 4.4974391613292326 6.7210142181957764 -0.28772891886681151 17.138808177134436 -5.2867203541099261 -2.4596397476116327 0.20814380021283591 8.3758059600113821 3.6141334189247285 -0.28710901884314388 4.3197300702788901 34.133499457178111 4.5930212337303251 12.653082093253019
leaf_weight=1211 5435 317 3278 1277 1293 8207 787 708 2771 899 18913 25784 2091 1412 2820 12667 4399 157 3368 1234
leaf_count=1211 5435 317 3278 1277 1293 8207 787 708 2771 899 18913 25784 2091 1412 2820 12667 4399 157 3368 1234
internal_value=-0.00416284 3.97003 -2.41737 2.58786 6.37107 -1.02115 8.91861 14.1893 1.11593 8.05651 -4.55322 -2.01788 3.84036 11.8956 5.69623 0.734048 2.5391 22.2793 6.42494 9.47752
internal_weight=99028 37411 61617 29237 8189 37269 8174 1985 21048 7700 24348 29062 6204 2311 4113 19837 7170 474 5389 2021
internal_count=99028 37411 61617 29237 8189 37269 8174 1985 21048 7700 24348 29062 6204 2311 4113 19837 7170 474 5389 2021
cat_boundaries=0 2 4 6 7 8 10 11
cat_threshold=1646101704 4619 432031750 288 1073741952 4608 128 128 1610940416 4608 570753024
is_linear=0
shrinkage=0.0711242


Tree=14
num_leaves=21
num_cat=8
split_feature=11 2 7 2 7 2 8 8 8 8 0 2 7 10 8 2 8 2 0 8
split_gain=7.1848e+07 3.99686e+07 3.66157e+07 2.34427e+07 2.50687e+07 1.98608e+07 1.39232e+07 1.18729e+07 1.14324e+07 1.00574e+07 9.44748e+06 9.18456e+06 8.33331e+06 7.76449e+06 9.37618e+06 1.09126e+07 7.48226e+06 6.19935e+06 5.82133e+06 6.41101e+06
threshold=1.0000000180025095e-35 0 17.025000000000002 1 17.025000000000002 2 2.4500000000000006 1.5500000000000003 1.7500000000000002 2.4500000000000006 3 4 20.415000000000003 8.0450000000000017 1.3500000000000003 5 2.0500000000000003 6 7 2.5500000000000003
decision_type=2 1 2 1 2 1 2 2 2 2 1 1 2 8 2 1 2 1 1 2
left_child=1 2 8 4 9 18 12 -6 -1 -2 17 -5 -4 -12 -15 -16 -13 -7 -3 -20
right_child=3 5 6 11 7 10 -8 -9 -10 -11 13 16 -14 14 15 -17 -18 -19 19 -21
leaf_value=-1.7157121061499241 3.3310456047649017 -5.2390353466095076 10.176253769395881 -1.4194660736802935 11.134463825190858 2.4882571298372711 19.921874009563478 24.490699267041222 4.3822675906473902 16.344778445419731 1.0630776871070937 1.4773811992304431 1.8371610903014426 -3.8731086298190944 4.2873595547950112 -1.6923995888664969 4.8819665831228809 -0.43543577212407647 -0.75143806957728099 -4.0580466431751416
leaf_weight=4807 3685 6917 1770 2899 1312 5265 531 453 2299 327 4636 7293 922 9544 1711 15040 5913 12043 5178 6944
leaf_count=4807 3685 6917 1770 2899 1312 5265 531 453 2299 327 4636 7293 922 9544 1711 15040 5913 12043 5178 6944
internal_value=0.00343647 -1.01148 3.10615 3.60295 7.48687 -1.64387 9.39693 14.5635 0.257193 4.39207 -0.875689 2.2037 7.3203 -1.62013 -2.09382 -1.08004 2.99954 0.454867 -3.58871 -2.64344
internal_weight=99489 77607 10329 21882 5777 67278 3223 1765 7106 4012 48239 16105 2692 30931 26295 16751 13206 17308 19039 12122
internal_count=99489 77607 10329 21882 5777 67278 3223 1765 7106 4012 48239 16105 2692 30931 26295 16751 13206 17308 19039 12122
cat_boundaries=0 1 2 3 4 5 6 7 8
cat_threshold=1 9 18 20 2 8 40 12
is_linear=0
shrinkage=0.0711242


Tree=15
num_leaves=21
num_cat=11
split_feature=9 2 2 9 0 9 9 3 9 0 0 9 0 2 11 0 0 11 3 9
split_gain=1.47044e+08 4.2406e+07 3.48476e+07 3.19901e+07 1.49618e+07 1.2754e+07 1.21157e+07 1.15908e+07 8.90405e+06 7.03381e+06 6.9746e+06 6.84221e+06 6.15213e+06 5.88262e+06 5.67901e+06 5.26042e+06 4.70275e+06 4.69922e+06 4.57338e+06 4.02834e+06
threshold=8.7050000000000018 0 1 13.265000000000002 2 11.795000000000002 5.4250000000000007 3 4.8950000000000005 4 5 5.5850000000000009 6 7 1.0000000180025095e-35 8 9 1.0000000180025095e-35 10 21.265000000000004
decision_type=8 1 1 8 1 10 10 9 10 1 1 10 1 1 2 1 1 2 9 10
left_child=1 6 3 16 11 13 15 17 -6 -7 -8 -3 14 18 -9 -1 -2 -5 -4 -14
right_child=2 4 5 7 8 9 10 12 -10 -11 -12 -13 19 -15 -16 -17 -18 -19 -20 -21
leaf_value=11.678584392086648 8.8421815132576373 32.039196551837804 -1.2434303759085441 0.56208539846234573 17.832790277305492 0.076919591561980777 4.7987907922152733 -1.2451368579980724 8.674496224299638 -4.2028300110883841 0.24697309420491789 17.480107251610757 -1.4834377112941126 -2.6261136099332378 1.7414604695882592 5.6518913935381798 3.7250766367666288 4.4065880565589266 3.2319269026267321 -4.1250792322562955
leaf_weight=1035 1101 234 2210 10326 671 2139 3134 16774 2691 22096 3730 542 6282 4029 3986 2805 5502 1905 2403 5457
leaf_count=1035 1101 234 2210 10326 671 2139 3134 16774 2691 22096 3730 542 6282 4029 3986 2805 5502 1905 2403 5457
internal_value=-0.0314517 6.496 -1.18192 -0.023722 12.6051 -2.98937 4.11862 -0.705908 10.4716 -3.8268 2.33265 21.5952 -1.40805 -0.64437 -0.67137 7.32163 4.59745 1.15995 1.08983 -2.70915
internal_weight=99052 14842 84210 51333 4138 32877 10704 44730 3362 24235 6864 776 32499 8642 20760 3840 6603 12231 4613 11739
internal_count=99052 14842 84210 51333 4138 32877 10704 44730 3362 24235 6864 776 32499 8642 20760 3840 6603 12231 4613 11739
cat_boundaries=0 1 2 3 5 6 7 8 9 10 11 13
cat_threshold=24 165 1 261888 67092480 16 37 21 72 36 1 1073494063 3556773856
is_linear=0
shrinkage=0.0711242


Tree=16
num_leaves=21
num_cat=6
split_feature=1 9 9 8 1 1 9 9 9 8 9 5 8 9 9 8 1 1 1 9
split_gain=1.37217e+08 8.01497e+07 3.11829e+07 2.67635e+07 2.10733e+07 2.0404e+07 1.74374e+07 9.80332e+06 7.56971e+06 7.43438e+06 6.87279e+06 6.01839e+06 6.00256e+06 5.53787e+06 4.86217e+06 4.79206e+06 4.77224e+06 4.67344e+06 4.52886e+06 4.19613e+06
threshold=0 7.8750000000000009 7.2750000000000012 1.7500000000000002 1 2 13.265000000000002 11.395000000000001 11.395000000000001 2.1500000000000008 4.8950000000000005 1.0000000180025095e-35 1.2500000000000002 18.825000000000003 4.2650000000000006 2.1500000000000008 3 4 5 14.255000000000001
decision_type=1 8 8 2 1 1 8 10 10 2 10 2 2 10 10 2 1 1 1 8
left_child=1 3 12 10 6 11 9 18 16 -3 -1 19 -2 15 -5 -8 -7 -10 -6 -4
right_child=2 4 5 14 7 8 13 -9 17 -11 -12 -13 -14 -15 -16 -17 -18 -19 -20 -21
leaf_value=12.070907023447869 2.5844992980588217 5.3924685999254072 2.2768965539827328 30.894276325011841 0.2126411127542126 0.065322763089948693 1.6596485887137524 -1.109768345881238 -5.9125611662884401 12.23948149106268 6.6103917732476738 -2.9886487913186119 12.989640980739537 1.3932009581383802 18.459887815159316 5.9989832293395526 -3.8296800772208144 -3.7996538084160711 4.3933228573387852 -0.92897092846180851
leaf_weight=1727 4506 2015 2415 195 2352 3254 2150 12034 8773 1333 3591 6699 299 9400 869 3209 3112 13952 2973 14262
leaf_count=1727 4506 2015 2415 195 2352 3254 2150 12034 8773 1333 3591 6699 299 9400 869 3209 3112 13952 2973 14262
internal_value=0.0105157 3.10592 -2.25141 10.4443 1.78625 -2.75404 3.48281 0.01456 -4.01102 8.11884 8.38384 -1.18752 3.2322 2.43347 20.7411 4.25812 -1.84468 -4.61964 2.55544 -0.464719
internal_weight=99120 41848 57272 6382 35466 52467 18107 17359 29091 3348 5318 23376 4805 14759 1064 5359 6366 22725 5325 16677
internal_count=99120 41848 57272 6382 35466 52467 18107 17359 29091 3348 5318 23376 4805 14759 1064 5359 6366 22725 5325 16677
cat_boundaries=0 2 4 6 8 10 11
cat_threshold=1646102216 4747 1574016 4619 2149718064 3140 335552515 48 222298373 16 33587720
is_linear=0
shrinkage=0.0711242


Tree=17
num_leaves=21
num_cat=5
split_feature=3 11 11 8 8 0 8 0 8 8 8 8 8 8 8 8 8 0 8 3
split_gain=8.5428e+07 3.20766e+07 2.5025e+07 1.07521e+07 7.88594e+06 5.0541e+06 3.44274e+06 4.29414e+06 3.06883e+06 3.04055e+06 7.43794e+06 3.51188e+06 2.94356e+06 3.94829e+06 1.41828e+07 4.54074e+06 4.22949e+06 3.63973e+06 2.9264e+06 2.85888e+06
threshold=0 1.0000000180025095e-35 1.0000000180025095e-35 1.3500000000000003 2.8500000000000001 1 4.1000000000000005 2 0.95000000000000007 2.5500000000000003 2.4500000000000006 2.7000000000000006 2.8500000000000001 2.4500000000000006 2.5500000000000003 2.3500000000000001 2.7000000000000006 3 3.9000000000000004 4
decision_type=9 2 2 2 2 1 2 1 2 2 2 2 2 2 2 2 2 1 2 9
left_child=1 4 3 8 5 -1 7 -5 -2 10 19 -11 13 15 -15 17 -16 -3 -4 -9
right_child=2 12 18 6 -6 -7 -8 9 -10 11 -12 -13 -14 14 16 -17 -18 -19 -20 -21
leaf_value=0.86647866270090068 -5.0830343248596597 9.8565329708707026 0.80799378694713075 -2.8538872309939332 -0.53405634024820392 3.2347803512011719 0.62535072528522206 0.35584280488285436 -3.0178991818364325 -6.004576799308829 4.8738233291084949 -1.6491496461783262 4.3858068377628161 31.147079066870472 -2.8148831873004454 -4.1280167639068139 11.595846987327798 5.8365119919927393 4.3043985196024233 -1.8589704433923515
leaf_weight=6928 5629 2112 13218 11485 5831 13461 3409 4702 10304 1120 1179 5715 1582 164 154 173 311 2809 1333 7897
leaf_count=6928 5629 2112 13218 11485 5831 13461 3409 4702 10304 1120 1179 5715 1582 164 154 173 311 2809 1333 7897
internal_value=0.00965587 2.93282 -1.4756 -2.21247 1.77244 2.43207 -1.52364 -1.75188 -3.74752 -1.13593 -0.528057 -2.36291 7.10172 7.8524 13.169 7.19571 6.82363 7.59386 1.12832 -1.03359
internal_weight=99516 33525 65991 51440 26220 20389 35507 32098 15933 20613 13778 6835 7305 5723 629 5094 465 4921 14551 12599
internal_count=99516 33525 65991 51440 26220 20389 35507 32098 15933 20613 13778 6835 7305 5723 629 5094 465 4921 14551 12599
cat_boundaries=0 2 3 4 5 7
cat_threshold=261888 67092480 10 6 52 3221225664 1006645279
is_linear=0
shrinkage=0.0711242


Tree=18
num_leaves=21
num_cat=6
split_feature=1 9 9 3 8 1 1 1 11 3 11 8 11 9 8 9 11 9 8 4
split_gain=1.17857e+08 7.26769e+07 3.09208e+07 1.91617e+07 1.82199e+07 1.73272e+07 9.06198e+06 8.81615e+06 7.30674e+06 6.74445e+06 6.7038e+06 5.84745e+06 5.21652e+06 4.50724e+06 4.50547e+06 4.45411e+06 4.27153e+06 4.24111e+06 5.42777e+06 4.12701e+06
threshold=0 7.8750000000000009 7.6350000000000007 1 1.7500000000000002 2 3 4 1.0000000180025095e-35 5 1.0000000180025095e-35 0.8500000000000002 1.0000000180025095e-35 12.585000000000003 2.4500000000000006 5.2550000000000008 1.0000000180025095e-35 12.485000000000001 1.7500000000000002 4.5000000000000009
decision_type=1 8 8 9 2 1 1 1 2 9 2 2 2 10 2 10 2 8 2 2
left_child=1 4 11 6 15 8 16 12 19 13 -8 -2 -5 -7 -6 -1 -3 18 -9 -4
right_child=2 3 5 7 14 9 10 17 -10 -11 -12 -13 -14 -15 -16 -17 -18 -19 -20 -21
leaf_value=11.321739671680625 -0.036038741087509756 8.7440945259646394 -1.1353190995793396 1.4729041758138808 15.092078737028062 0.2260663529241046 2.6963459426728242 0.83132197000095431 1.2213033680130492 -4.4490290522175968 7.6249497738424097 4.5390566892345232 5.450803328738365 -3.2044779953859215 24.460281619195296 6.7374241490369045 21.157783442052839 -1.1879385823927497 11.133922492860165 -3.4126415228573403
leaf_weight=1762 2252 903 14195 7829 660 2887 7215 3538 5170 19899 1731 3794 2119 5890 429 2740 166 10382 279 5619
leaf_count=1762 2252 903 14195 7829 660 2887 7215 3538 5170 19899 1731 3794 2119 5890 429 2740 166 10382 279 5619
internal_value=0.0110147 3.01111 -1.98666 1.78157 10.529 -2.53029 4.39543 0.695347 -1.15938 -3.72299 3.64599 2.83496 2.31794 -2.07372 18.7842 8.53183 10.5744 -0.442298 1.58462 -1.78115
internal_weight=99459 39753 59706 34162 5591 53660 10015 24147 24984 28676 8946 6046 9948 8777 1089 4502 1069 14199 3817 19814
internal_count=99459 39753 59706 34162 5591 53660 10015 24147 24984 28676 8946 6046 9948 8777 1089 4502 1069 14199 3817 19814
cat_boundaries=0 2 5 7 9 11 13
cat_threshold=1646101704 4747 261888 67096576 2 2149718576 3140 128 4608 1574016 4105 261888 67092484
is_linear=0
shrinkage=0.0711242


Tree=19
num_leaves=21
num_cat=14
split_feature=1 3 1 3 11 11 1 1 1 11 1 1 11 11 0 1 1 3 10 3
split_gain=1.01404e+08 4.99383e+07 3.20455e+07 1.84862e+07 1.60616e+07 1.52572e+07 1.07965e+07 7.07315e+06 6.45229e+06 6.31085e+06 5.26221e+06 4.69606e+06 4.51202e+06 3.3648e+06 3.11703e+06 3.03101e+06 2.8387e+06 3.34036e+06 2.72421e+06 2.67215e+06
threshold=0 1 2 3 1.0000000180025095e-35 1.0000000180025095e-35 4 5 6 1.0000000180025095e-35 7 8 1.0000000180025095e-35 1.0000000180025095e-35 9 10 11 12 38.615000000000002 13
decision_type=1 9 1 9 2 2 1 1 1 2 1 1 2 2 1 1 1 9 10 9
left_child=1 2 9 6 7 10 -2 18 -5 14 19 -6 16 -10 -1 -7 17 -8 -3 -4
right_child=3 4 5 8 11 15 12 -9 13 -11 -12 -13 -14 -15 -16 -17 -18 -19 -20 -21
leaf_value=15.844143483553342 -2.766177736102073 1.6674073189094227 2.8501066624033986 -4.5589833077563604 5.6009645845282243 4.7331943708476807 -0.6679041336979582 -1.3609246789018288 -2.9490637140736018 20.529170001666607 1.5311504124489188 1.9443551972610187 3.7078243135070079 -0.83598135390811334 9.0306277409140048 10.039247942898102 -0.69472345355550236 4.1294049366955985 -0.68800797115757328 6.1166129349021867
leaf_weight=584 5946 9146 2381 11593 3329 803 1314 12526 17345 495 5807 3879 2414 4886 1174 2253 5719 1656 3410 2875
leaf_count=584 5946 9146 2381 11593 3329 803 1314 12526 17345 495 5807 3879 2414 4886 1174 2253 5719 1656 3410 2875
internal_value=-0.0133634 2.30756 5.50641 -2.23343 0.684434 4.24209 -0.322944 -0.165719 -3.19603 13.3754 3.01622 3.64367 0.986806 -2.48353 11.4362 8.69353 0.231952 2.01188 1.0269 4.64516
internal_weight=99535 48662 16372 50873 32290 14119 17049 25082 33824 2253 11063 7208 11103 22231 1758 3056 8689 2970 12556 5256
internal_count=99535 48662 16372 50873 32290 14119 17049 25082 33824 2253 11063 7208 11103 22231 1758 3056 8689 2970 12556 5256
cat_boundaries=0 2 5 7 10 12 14 16 18 20 21 23 25 26 27
cat_threshold=3793585896 5771 261888 67092480 2 128 4608 261888 67092480 4 146819076 288 1606848 4619 155205892 288 1645020160 10 1835144 4619 1 2147516512 128 69206273 16 261888 261888
is_linear=0
shrinkage=0.0711242


Tree=20
num_leaves=21
num_cat=14
split_feature=9 1 1 9 9 9 1 1 1 1 9 1 3 1 3 9 1 3 3 3
split_gain=8.61016e+07 5.64185e+07 5.23231e+07 1.43313e+07 1.09477e+07 1.077e+07 9.93706e+06 8.85279e+06 7.70651e+06 5.2889e+06 5.68039e+06 5.12392e+06 4.00319e+06 3.76343e+06 3.64317e+06 3.52207e+06 3.19774e+06 3.12917e+06 2.6518e+06 2.23172e+06
threshold=10.775 0 1 5.9050000000000011 18.585000000000004 6.4850000000000012 2 3 4 5 36.045000000000009 6 7 8 9 24.885000000000002 10 11 12 13
decision_type=8 1 1 10 10 8 1 1 1 1 10 1 9 1 9 10 1 9 9 9
left_child=2 4 5 11 8 16 18 -3 -2 -6 13 -4 -7 15 -9 -11 -1 -8 -5 -10
right_child=1 7 3 6 9 12 17 14 19 10 -12 -13 -14 -15 -16 -17 -18 -19 -20 -21
leaf_value=1.153447279476262 5.3957218440930435 -4.1134339139279827 20.362925719060986 13.055511226713405 -2.4190126690195179 1.2727399966398312 6.0548845196256602 -0.678893295309134 0.31818573167462733 9.5625145661325064 -1.5792331369761439 11.29020770808248 -1.7811399956750222 0.66580323456018742 -2.5108837722704531 2.5823844925861534 5.0227646171176081 2.0268038149653584 7.3275441696787471 2.6751274235437941
leaf_weight=1611 3940 16097 447 1188 3447 4094 3011 7549 3863 419 4368 1645 4602 9375 20392 2871 3409 1492 792 4305
leaf_count=1611 3940 16097 447 1188 3447 4094 3011 7549 3863 419 4368 1645 4602 9375 20392 2871 3409 1492 792 4305
internal_value=0.00794294 -1.12384 3.89848 8.25264 1.11966 1.16944 6.61039 -2.78365 2.81542 0.117648 0.632055 13.3809 -0.343986 1.39521 -2.01635 3.46105 3.79338 4.72776 10.8131 1.5622
internal_weight=98917 76626 22291 8575 32588 13716 6483 44038 12108 20480 17033 2092 8696 12665 27941 3290 5020 4503 1980 8168
internal_count=98917 76626 22291 8575 32588 13716 6483 44038 12108 20480 17033 2092 8696 12665 27941 3290 5020 4503 1980 8168
cat_boundaries=0 2 4 6 8 10 12 14 16 18 21 23 25 27 30
cat_threshold=3224929520 4747 520114955 1072 525504 4234 222322949 48 1573024 11 1075839056 4608 192 4096 229120 872411136 2148532224 1 261888 67092480 2 150995202 32 3221278656 1065349151 2147534784 872378381 1073479743 3221229547 3
is_linear=0
shrinkage=0.0711242


Tree=21
num_leaves=21
num_cat=1
split_feature=9 8 3 9 8 9 9 8 8 9 9 8 9 8 8 8 9 9 9 8
split_gain=7.60657e+07 2.94385e+07 1.83927e+07 1.4041e+07 1.06181e+07 1.98024e+07 9.15469e+06 1.09528e+07 7.57912e+06 8.67269e+06 7.20381e+06 6.86811e+06 6.37101e+06 6.39556e+06 5.817e+06 5.45782e+06 4.7481e+06 3.92258e+06 3.24636e+06 3.51251e+06
threshold=7.7550000000000008 1.2500000000000002 0 31.145000000000003 1.3500000000000003 14.755000000000001 40.035000000000004 2.0500000000000003 2.0500000000000003 11.185 11.285000000000002 2.2500000000000004 22.885000000000002 3.5500000000000003 1.0500000000000003 1.7500000000000002 4.8950000000000005 13.365 19.695000000000004 3.3500000000000005
decision_type=8 2 9 10 2 8 10 2 2 8 10 2 8 2 2 2 10 10 8 2
left_child=1 14 3 8 17 15 7 -7 10 -10 -2 16 -9 -14 -1 -6 -3 -4 19 -11
right_child=2 11 4 -5 5 6 -8 12 9 18 -12 -13 13 -15 -16 -17 -18 -19 -20 -21
leaf_value=1.7610444932515108 2.5925028361411564 14.010968002181068 -1.876797914414984 -2.3806933227174785 1.2109629936141451 -2.5839975154166148 -3.7464412701305783 2.2062811989007183 11.732232980962998 3.9381852629141605 -0.94224651765639922 19.434943204075545 -1.8752389027834069 1.2063251822782646 5.729937131342572 5.5040058378900554 7.8664131397017725 -4.020854392160043 1.5427969259612229 14.588114998895042
leaf_weight=5496 5149 918 9438 5242 3740 11879 6850 5497 585 3075 6727 423 8536 5670 2830 2499 2074 7955 4608 165
leaf_count=5496 5149 918 9438 5242 3740 11879 6850 5497 585 3075 6727 423 8536 5670 2830 2499 2074 7955 4608 165
internal_value=0.0151576 5.39104 -0.705252 0.900703 -1.36633 -0.786056 -1.38941 -0.878176 1.74812 3.37863 0.590299 10.9519 0.150275 -0.645303 3.11011 2.93057 9.75203 -2.85744 2.75582 4.48092
internal_weight=99356 11741 87615 25551 62064 44671 38432 31582 20309 8433 11876 3415 19703 14206 8326 6239 2992 17393 7848 3240
internal_count=99356 11741 87615 25551 62064 44671 38432 31582 20309 8433 11876 3415 19703 14206 8326 6239 2992 17393 7848 3240
cat_boundaries=0 2
cat_threshold=261888 67092480
is_linear=0
shrinkage=0.0711242


Tree=22
num_leaves=21
num_cat=8
split_feature=1 9 9 8 1 1 9 3 3 9 9 9 9 1 8 3 11 1 11 11
split_gain=6.86358e+07 4.31338e+07 1.76314e+07 1.65796e+07 1.13432e+07 1.05732e+07 8.18105e+06 6.38654e+06 6.01702e+06 4.86717e+06 4.14584e+06 3.83358e+06 3.80085e+06 3.62211e+06 3.2893e+06 3.13209e+06 3.12946e+06 2.58775e+06 2.54801e+06 2.5217e+06
threshold=0 8.4650000000000016 6.8850000000000007 1.7500000000000002 1 2 18.115000000000006 3 4 4.8950000000000005 11.085000000000003 12.885000000000003 4.8950000000000005 5 1.5500000000000003 6 1.0000000180025095e-35 7 1.0000000180025095e-35 1.0000000180025095e-35
decision_type=1 8 8 2 1 1 10 9 9 10 10 10 10 1 2 9 2 1 2 2
left_child=1 3 13 9 6 -4 8 11 17 -1 -6 -7 -5 -2 -12 19 -10 18 -3 -11
right_child=2 4 5 12 10 7 -8 -9 16 15 14 -13 -14 -15 -16 -17 -18 -19 -20 -21
leaf_value=8.6778815441075832 11.98440136246696 8.4402009576660415 -3.5477510686251046 21.154561494494132 1.8558096127032748 1.7533006243260885 1.0283456232754156 -2.1074456406793227 0.97865578998454983 4.2419576718193035 -2.1052687930720038 -0.88172250563488408 12.144977803826832 2.2957867494756692 0.11661508187672645 1.0358566871008776 5.0784343367143086 5.324566999826275 20.005554622705194 8.8221505021835167
leaf_weight=1730 197 507 15839 310 4173 3875 9949 21282 2930 2468 5277 10002 1007 3973 9329 1171 1388 2942 119 807
leaf_count=1730 197 507 15839 310 4173 3875 9949 21282 2930 2468 5277 10002 1007 3973 9329 1171 1388 2942 119 807
internal_value=0.0137981 2.10506 -1.65825 7.02214 1.09935 -2.02214 2.38323 -1.33347 4.09554 5.47704 -0.121204 -0.14581 14.2669 2.78798 -0.686137 4.23141 2.29128 6.25499 10.4739 5.35443
internal_weight=99275 44107 55168 7493 36614 50998 17835 35159 7886 6176 18779 13877 1317 4170 14606 4446 4318 3568 626 3275
internal_count=99275 44107 55168 7493 36614 50998 17835 35159 7886 6176 18779 13877 1317 4170 14606 4446 4318 3568 626 3275
cat_boundaries=0 2 4 6 9 11 13 15 17
cat_threshold=3793585864 4747 1574016 4619 155205892 288 1074003904 67092500 2 261888 1073737728 8192 64 786176 1073738752 1048704 1
is_linear=0
shrinkage=0.0711242


Tree=23
num_leaves=21
num_cat=13
split_feature=1 3 1 3 1 1 1 1 7 8 4 7 3 8 1 1 4 3 1 8
split_gain=5.98083e+07 3.11078e+07 1.93759e+07 1.0744e+07 6.87622e+06 6.21035e+06 4.74251e+06 4.46765e+06 3.76875e+06 3.55686e+06 2.73564e+06 2.50042e+06 2.46216e+06 3.82193e+06 2.09108e+06 2.02513e+06 2.41415e+06 2.93098e+06 1.20018e+07 1.94684e+06
threshold=0 1 2 3 4 5 6 7 17.505000000000006 2.4500000000000006 4.5000000000000009 10.485000000000001 8 2.7000000000000006 9 10 4.5000000000000009 11 12 1.6500000000000001
decision_type=1 9 1 9 1 1 1 1 2 2 2 2 9 2 1 1 2 9 1 2
left_child=1 2 8 4 -2 12 -5 11 -1 -10 -9 -4 13 -3 -6 -8 17 18 -17 -19
right_child=3 5 7 6 14 -7 15 10 9 -11 -12 -13 -14 -15 -16 16 -18 19 -20 -21
leaf_value=7.3535164110219746 -2.0116842849607401 8.4214385039153399 3.2440736768932443 -4.57203863238328 2.6161341602971246 -0.16741149906821431 -2.6705240392426108 3.0661351286888165 10.546187711880531 18.829660928302523 0.18172765360401166 6.1420393339711472 1.4688291310343913 1.4810928238212171 0.32985181260016466 11.398902412066461 -2.9278658424530848 -3.2065820862102505 -1.2750978261487145 -0.83861884113906893
leaf_weight=1032 6341 712 2782 4459 2833 21887 14896 5896 815 387 2317 3285 8653 920 7057 465 4259 2501 1844 5899
leaf_count=1032 6341 712 2782 4459 2833 21887 14896 5896 815 387 2317 3285 8653 920 7057 465 4259 2501 1844 5899
internal_value=0.0197627 1.7988 4.30741 -1.69355 -0.185172 0.510169 -2.40659 3.3381 10.4605 13.2143 2.24968 4.80533 1.95085 4.48182 0.986758 -2.08183 -1.49457 -0.925914 1.31575 -1.54184
internal_weight=99240 48686 16514 50554 16231 32172 34323 14280 2234 1202 8213 6067 10285 1632 9890 29864 14968 10709 2309 8400
internal_count=99240 48686 16514 50554 16231 32172 34323 14280 2234 1202 8213 6067 10285 1632 9890 29864 14968 10709 2309 8400
cat_boundaries=0 2 4 6 9 11 13 14 16 18 20 22 25 27
cat_threshold=3793585896 5771 261888 67092480 128 4608 196352 67092480 4 415254532 288 1572992 4617 138412036 1645019136 10 0 1006645248 69206017 16 293617923 304 3221225664 31 2 8192 64
is_linear=0
shrinkage=0.0711242


Tree=24
num_leaves=21
num_cat=12
split_feature=1 9 11 9 1 3 1 1 3 3 1 9 9 9 1 1 1 1 9 9
split_gain=5.23325e+07 3.416e+07 1.23775e+07 1.21866e+07 1.06278e+07 7.69919e+06 7.20328e+06 6.29677e+06 5.72177e+06 5.58104e+06 5.42665e+06 4.20647e+06 4.00649e+06 3.859e+06 3.04202e+06 3.0139e+06 2.9361e+06 2.35203e+06 2.27843e+06 2.12712e+06
threshold=0 7.0150000000000006 1.0000000180025095e-35 11.085000000000003 1 2 3 4 5 6 7 20.345000000000002 10.775 5.5850000000000009 8 9 10 11 38.425000000000004 33.545000000000009
decision_type=1 8 2 8 1 9 1 1 9 9 1 8 10 10 1 1 1 1 10 10
left_child=1 4 5 7 -1 10 11 13 -9 12 -3 -5 -4 -2 -7 -6 -11 -8 -16 -12
right_child=3 2 9 6 15 14 17 8 -10 16 19 -13 -14 -15 18 -17 -18 -19 -20 -21
leaf_value=15.067601915555391 2.3371255742863797 4.5457910736137004 9.9559424537411498 0.65572371551641595 3.3783817154759905 -1.7187571509024211 -4.5779558129734221 9.6597089174127291 1.7350832415964661 4.6345350315243081 1.4499486726244495 -1.7610199811486797 4.0773118043951158 -1.3669896823984331 0.49842258743343049 7.1261810257431319 1.1828739111465481 -2.6321262221780306 -1.9192128778793043 -1.254896201612876
leaf_weight=707 1940 2742 929 5203 1828 6584 3777 620 1773 1780 8771 12153 1591 5336 12505 2936 4188 20156 2341 1767
leaf_count=707 1940 2742 929 5203 1828 6584 3777 620 1773 1780 8771 12153 1591 5336 12505 2936 4188 20156 2341 1767
internal_value=-0.0156767 1.65214 0.981895 -1.60859 6.94723 0.386535 -2.14117 0.663984 3.8202 3.41647 1.73141 -1.03593 6.22006 -0.378824 -0.447473 5.69829 2.21844 -2.94101 0.117108 0.995452
internal_weight=99627 48669 43198 50958 5471 34710 41289 9669 2393 8488 13280 17356 2520 7276 21430 4764 5968 23933 14846 10538
internal_count=99627 48669 43198 50958 5471 34710 41289 9669 2393 8488 13280 17356 2520 7276 21430 4764 5968 23933 14846 10538
cat_boundaries=0 2 4 6 8 10 12 14 16 18 20 22 23
cat_threshold=3793585896 5771 192 4096 262016 536858624 270669840 2052 218104065 32 3221227456 31 261888 738050048 1073741952 4616 570753544 1024 520 1024 1572992 521 138412288
is_linear=0
shrinkage=0.0711242


Tree=25
num_leaves=21
num_cat=5
split_feature=1 9 9 8 1 1 9 9 9 9 1 1 4 8 4 8 10 9 9 11
split_gain=4.4696e+07 3.13393e+07 1.39558e+07 1.30247e+07 6.64989e+06 6.57884e+06 6.21314e+06 5.32267e+06 5.30345e+06 4.48342e+06 4.0791e+06 3.55073e+06 3.01209e+06 2.90798e+06 2.46922e+06 2.45139e+06 1.92238e+06 1.78835e+06 1.74648e+06 1.72754e+06
threshold=0 10.775 6.8850000000000007 1.7500000000000002 1 2 6.4850000000000012 18.465000000000003 6.0550000000000006 13.965000000000002 3 4 4.5000000000000009 1.1500000000000001 4.5000000000000009 2.4500000000000006 36.785000000000004 21.265000000000004 4.2650000000000006 1.0000000180025095e-35
decision_type=1 8 8 2 1 1 10 10 10 10 1 1 2 2 2 2 10 10 10 2
left_child=1 3 13 6 -4 7 -1 15 -5 11 -11 -6 17 18 -9 -3 -7 -12 -2 -17
right_child=2 5 4 8 9 16 -8 14 -10 10 12 -13 -14 -15 -16 19 -18 -19 -20 -21
leaf_value=6.2983049849239849 3.8629495367191007 2.0456734601136946 -3.37519165540933 16.178299254652671 1.9475363582840879 0.081696915905158887 2.1678966029605884 1.4160359680882926 7.9564759978292621 -3.7669141462464228 0.14356201834208326 -0.86436454520684958 -2.6628910101984511 7.285635744653554 -1.0433003922471653 3.6541541246930351 -1.7062646183927526 -1.4224379005526715 0.7307048339833988 7.4447150580028101
leaf_weight=2922 1302 3243 9792 498 3013 14070 4986 6768 1956 4484 5494 9131 7026 530 2972 1788 3881 11228 2920 922
leaf_count=2922 1302 3243 9792 498 3013 14070 4986 6768 1956 4484 5494 9131 7026 530 2972 1788 3881 11228 2920 922
internal_value=-0.010254 1.67845 -1.36342 5.0989 -1.71262 0.625469 3.69413 1.68859 9.62548 -1.30824 -1.80012 -0.165814 -1.42656 2.32017 0.665607 3.36513 -0.304696 -0.907932 1.6967 4.94398
internal_weight=98926 44006 54920 10362 50168 33644 7908 15693 2454 40376 28232 12144 23748 4752 9740 5953 17951 16722 4222 2710
internal_count=98926 44006 54920 10362 50168 33644 7908 15693 2454 40376 28232 12144 23748 4752 9740 5953 17951 16722 4222 2710
cat_boundaries=0 2 4 6 8 10
cat_threshold=3793585384 4747 138412292 32 1574016 4107 83894785 1104 2125840 2112
is_linear=0
shrinkage=0.0711242


Tree=26
num_leaves=21
num_cat=8
split_feature=9 1 1 9 8 9 9 1 9 8 9 9 1 1 7 9 1 1 1 7
split_gain=4.06875e+07 2.83309e+07 2.67211e+07 8.14148e+06 7.49456e+06 6.17259e+06 5.98687e+06 5.71638e+06 4.25621e+06 4.28248e+06 3.99421e+06 3.87609e+06 3.57047e+06 3.36629e+06 2.9503e+06 2.54125e+06 2.20529e+06 1.73081e+06 1.68634e+06 1.66452e+06
threshold=10.975000000000003 0 1 34.975000000000001 2.4500000000000006 5.9050000000000011 5.2550000000000008 2 22.735000000000003 3.5500000000000003 15.895000000000001 17.305000000000003 3 4 17.445000000000004 4.8950000000000005 5 6 7 17.655000000000005
decision_type=8 1 1 10 2 10 10 1 8 2 10 10 1 1 2 10 1 1 1 2
left_child=1 6 3 7 5 -3 -1 8 9 -2 13 -9 -12 -4 -8 -6 -16 -10 -7 -17
right_child=2 4 10 -5 15 18 14 11 17 -11 12 -13 -14 -15 16 19 -18 -19 -20 -21
leaf_value=3.4454515676669177 3.2869605288558557 8.5864398255837084 0.13773767037694673 -1.4119719081038007 21.703098887569141 5.7983316867135457 -0.9393232753391394 1.6336708998707119 2.4939918928813678 9.8952417605638257 -1.8227154857792498 -0.65228086549660746 -3.5149747813345087 -2.0163590070866255 3.8367417396663046 7.5441423516410264 0.19911989990375834 0.36763326576269223 3.1684376355792119 13.95721085885979
leaf_weight=3020 3869 1906 6460 7524 114 1800 7433 6499 3672 569 14882 8878 11068 8497 1322 464 2313 4112 4345 367
leaf_count=3020 3869 1906 6460 7524 114 1800 7433 6499 3672 569 14882 8878 11068 8497 1322 464 2313 4112 4345 367
internal_value=0.016778 2.63205 -0.777265 0.661766 5.74739 5.05035 0.638168 1.22735 2.37468 4.13439 -2.01249 0.313663 -2.54655 -1.08725 -0.127269 11.7457 1.53324 1.37441 3.95345 10.3776
internal_weight=99114 23084 76030 35123 8996 8051 14088 27599 12222 4438 40907 15377 25950 14957 11068 945 3635 7784 6145 831
internal_count=99114 23084 76030 35123 8996 8051 14088 27599 12222 4438 40907 15377 25950 14957 11068 945 3635 7784 6145 831
cat_boundaries=0 2 4 6 8 10 12 14 16
cat_threshold=520094475 1072 3225060528 4751 2149220512 9 276846594 2304 537227330 2112 100663297 16 2148663424 1 2098256 4290
is_linear=0
shrinkage=0.0711242


Tree=27
num_leaves=21
num_cat=12
split_feature=9 1 1 9 3 9 5 1 1 1 9 1 3 11 9 1 11 0 3 1
split_gain=3.56946e+07 2.42522e+07 2.14801e+07 7.16772e+06 6.35818e+06 5.07342e+06 4.51977e+06 4.49847e+06 3.77378e+06 3.73924e+06 4.26449e+06 3.51646e+06 3.45472e+06 3.44645e+06 2.94038e+06 2.63439e+06 2.47706e+06 2.24026e+06 1.96446e+06 1.72847e+06
threshold=10.045000000000002 0 1 16.215000000000003 2 4.8950000000000005 1.0000000180025095e-35 3 4 5 32.705000000000005 6 7 1.0000000180025095e-35 12.885000000000003 8 1.0000000180025095e-35 9 10 11
decision_type=8 1 1 10 9 10 2 1 1 1 10 1 9 2 10 1 2 1 9 1
left_child=2 3 5 7 8 17 9 -2 -4 10 -5 -3 -7 -10 -13 -14 -6 -1 -9 -16
right_child=1 11 4 6 16 12 -8 18 13 -11 -12 14 15 -15 19 -17 -18 -19 -20 -21
leaf_value=18.530149457623608 4.0739660574319849 -3.2898636648030539 -0.74327393020427468 2.8018560753800124 -1.4959025919952218 0.90405863617109083 -1.3462051318492001 2.5075046302957542 2.4605654443771021 -0.34726313839772799 -0.15151792784929277 -0.28677583008305535 10.17690375953093 6.4742943596113882 -1.5146255236002562 5.287657736747212 1.2633362960467935 8.9832935795675812 -0.081668672569477574 -2.7635763107728595
leaf_weight=168 4069 7192 1308 5985 4007 770 8350 2562 4150 10161 4215 7251 703 1464 18189 3384 2793 911 3506 8188
leaf_count=168 4069 7192 1308 5985 4007 770 8350 2562 4150 10161 4215 7251 703 1464 18189 3384 2793 911 3506 8188
internal_value=0.018853 -0.650901 2.73316 0.621187 1.18301 6.30388 0.0472889 2.24724 2.69916 0.618761 1.57988 -1.86123 5.33428 3.5011 -1.55479 6.15164 -0.362052 10.7261 1.01387 -1.90396
internal_weight=99326 79668 19658 38848 13722 5936 28711 10137 6922 20361 10200 40820 4857 5614 33628 4087 6800 1079 6068 26377
internal_count=99326 79668 19658 38848 13722 5936 28711 10137 6922 20361 10200 40820 4857 5614 33628 4087 6800 1079 6068 26377
cat_boundaries=0 2 4 6 8 10 12 13 16 18 19 21 23
cat_threshold=3225322736 4751 1076634832 4810 229888 536866816 525456 138 419446786 32 2149089312 9 155189508 1072955444 3221229536 1 525440 2 1 2417077184 1073475604 813783042 2304
is_linear=0
shrinkage=0.0711242


Tree=28
num_leaves=21
num_cat=2
split_feature=9 8 9 8 9 9 8 8 8 9 3 9 8 9 9 3 8 9 9 8
split_gain=3.09183e+07 1.37209e+07 8.98881e+06 1.50974e+07 1.10396e+07 1.00228e+07 6.76833e+06 4.27087e+06 4.19798e+06 5.8552e+06 3.63172e+06 3.31929e+06 2.91864e+06 2.88566e+06 2.45162e+06 2.41168e+06 2.33448e+06 2.22238e+06 2.07239e+06 2.32549e+06
threshold=7.7550000000000008 1.2500000000000002 36.045000000000009 2.0500000000000003 17.305000000000003 13.265000000000002 1.2500000000000002 2.1500000000000008 3.1500000000000008 25.675000000000004 0 23.665000000000003 0.8500000000000002 4.2650000000000006 12.685 1 3.1500000000000008 4.8950000000000005 19.965000000000003 1.6500000000000001
decision_type=8 2 10 2 8 10 2 2 2 8 9 8 2 10 10 9 2 10 10 2
left_child=1 12 3 5 14 6 15 13 11 -10 -8 -6 -1 -3 -5 -2 -16 -14 19 -7
right_child=2 7 -4 4 8 18 10 -9 9 -11 -12 -13 17 -15 16 -17 -18 -19 -20 -21
leaf_value=-0.29783059683809254 1.0615249506997042 10.529982457493428 -2.1669544267414724 6.4695523163549495 0.80122241961904983 -1.9104802246631383 3.1965137708618463 13.698764155135224 5.7518444837138176 0.85921287624381315 0.21294350984934796 -1.43081529283196 4.6105204016844565 5.0993719200978544 2.8326866961828068 -1.3865930438510772 15.851775257294721 1.6968514337564471 -2.7866691315746355 -0.0083838332902661846
leaf_weight=2322 2597 623 13381 1559 6617 12991 4377 442 1466 7931 3913 6869 1995 2410 3514 9327 71 3939 8568 4337
leaf_count=2322 2597 623 13381 1559 6617 12991 4377 442 1466 7931 3913 6869 1995 2410 3514 9327 71 3939 8568 4337
internal_value=-0.0107045 3.41809 -0.470307 -0.164076 1.13777 -0.955376 0.231498 7.16733 0.468493 1.62255 1.79236 -0.335652 1.83996 6.21513 4.11497 -0.853671 3.09091 2.67648 -1.88183 -1.43441
internal_weight=99249 11731 87518 74137 28027 46110 20214 3475 22883 9397 8290 13486 8256 3033 5144 11924 3585 5934 25896 17328
internal_count=99249 11731 87518 74137 28027 46110 20214 3475 22883 9397 8290 13486 8256 3033 5144 11924 3585 5934 25896 17328
cat_boundaries=0 2 4
cat_threshold=3254814656 1072951327 11520 603967488
is_linear=0
shrinkage=0.0711242


Tree=29
num_leaves=21
num_cat=6
split_feature=9 1 1 9 9 1 9 4 8 1 8 1 11 9 8 9 1 4 9 11
split_gain=2.71426e+07 1.85712e+07 1.84202e+07 5.50525e+06 5.17455e+06 4.31869e+06 4.06351e+06 2.90596e+06 2.72971e+06 2.59087e+06 2.41904e+06 2.37236e+06 2.17262e+06 2.08204e+06 1.94326e+06 2.49369e+06 1.60186e+06 1.55302e+06 1.50445e+06 1.30754e+06
threshold=11.085000000000003 0 1 6.7550000000000008 21.395000000000003 2 4.8950000000000005 4.5000000000000009 0.8500000000000002 3 2.1500000000000008 4 1.0000000180025095e-35 16.105000000000004 3.9000000000000004 30.505000000000006 5 4.5000000000000009 3.0050000000000003 1.0000000180025095e-35
decision_type=8 1 1 10 10 1 10 2 2 1 2 1 2 10 2 10 1 2 10 2
left_child=1 6 4 9 5 12 16 14 -5 -3 -8 -4 -2 -13 -6 -16 -1 -15 -11 -10
right_child=2 3 11 8 7 -7 10 -9 19 18 -12 13 -14 17 15 -17 -18 -19 -20 -21
leaf_value=8.1045352258905652 2.2295535154577242 0.25481211384312652 -2.6694602989476901 -1.9581957635593843 -0.35243859474922407 0.72463621119362198 4.0975374321237492 -1.4629562690317794 0.1074313784187622 6.5194087716060087 7.9549035180305152 -0.60207102467145612 5.5942504616523179 -1.4372994506590251 3.6398729955201667 0.38957700175543547 16.33371385230414 -2.8917960614029723 2.9415439663463174 2.0759309825530803
leaf_weight=566 2859 1772 10384 2658 8691 11368 3720 6776 6168 690 1056 10255 1470 12288 1678 4140 196 5322 4297 2360
leaf_count=566 2859 1772 10384 2658 8691 11368 3720 6776 6168 690 1056 10255 1470 12288 1678 4140 196 5322 4297 2360
internal_value=0.00247919 2.11341 -0.656441 0.999722 0.475459 1.45527 5.70996 -0.2469 0.0319119 2.60289 4.95055 -1.75051 3.36442 -1.40722 0.321029 1.32705 10.5435 -1.87688 3.4298 0.652201
internal_weight=98714 23483 75231 17945 36982 15697 5538 21285 11186 6759 4776 38249 4329 27865 14509 5818 762 17610 4987 8528
internal_count=98714 23483 75231 17945 36982 15697 5538 21285 11186 6759 4776 38249 4329 27865 14509 5818 762 17610 4987 8528
cat_boundaries=0 2 4 6 8 10 12
cat_threshold=1076364496 4810 3225060528 6799 1605792 13 419430658 32 155197701 16 1073741824 4608
is_linear=0
shrinkage=0.0711242


Tree=30
num_leaves=21
num_cat=12
split_feature=1 3 1 3 11 11 11 6 11 1 1 11 1 1 1 8 1 1 4 3
split_gain=2.22282e+07 1.368e+07 1.08276e+07 6.14298e+06 6.00256e+06 5.27928e+06 4.10096e+06 3.14515e+06 2.90201e+06 2.62548e+06 2.40283e+06 2.07917e+06 2.00232e+06 1.91941e+06 1.88692e+06 1.83386e+06 1.64692e+06 1.38219e+06 1.37865e+06 1.28951e+06
threshold=0 1 2 3 1.0000000180025095e-35 1.0000000180025095e-35 1.0000000180025095e-35 1.0000000180025095e-35 1.0000000180025095e-35 4 5 1.0000000180025095e-35 6 7 8 2.4500000000000006 9 10 4.5000000000000009 11
decision_type=1 9 1 9 2 2 2 2 2 1 1 2 1 1 1 2 1 1 2 9
left_child=1 2 4 6 7 13 10 19 14 -5 -2 -11 -10 -4 -3 -6 -8 -7 -16 -1
right_child=3 8 5 9 15 17 16 -9 12 11 -12 -13 -14 -15 18 -17 -18 -19 -20 -21
leaf_value=4.6871639350521628 -1.9637847248747886 -1.0737701491728266 1.8188797649155481 -3.5838343563955632 9.1348032625477451 5.3252910380556218 3.567432007199792 7.8206176092859918 2.7168518256734902 -1.6726144026377205 0.093914679632051565 -0.29220418895546013 0.0084489118999642645 0.10757310248629208 0.87205447872657049 16.704720947290571 0.63520384223580673 2.5318913763713531 -1.0560071777208826 1.2317213124598361
leaf_weight=1050 4041 10224 7006 2957 667 1984 1939 925 2911 25108 9857 7075 2629 6301 6645 214 1958 1760 2614 1178
leaf_count=1050 4041 10224 7006 2957 667 1984 1939 925 2911 25108 9857 7075 2629 6301 6645 214 1958 1760 2614 1178
internal_value=-0.0165654 1.12498 2.45925 -1.01091 5.77063 1.67288 0.0659685 4.33447 0.000151181 -1.5561 -0.505739 -1.36873 1.43652 1.01001 -0.408286 10.9751 2.105 4.03323 0.327366 2.88687
internal_weight=99043 46108 21085 52935 4034 17051 17795 3153 25023 35140 13898 32183 5540 13307 19483 881 3897 3744 9259 2228
internal_count=99043 46108 21085 52935 4034 17051 17795 3153 25023 35140 13898 32183 5540 13307 19483 881 3897 3744 9259 2228
cat_boundaries=0 2 5 7 10 11 13 15 17 19 21 23 25
cat_threshold=3793585896 4747 262016 1073737728 2 1073741952 4608 261888 67092480 4 138412032 146817028 288 2149319304 523 571278336 11 3791979016 4736 94505233 1044 572326408 2 0 402509824
is_linear=0
shrinkage=0.0711242


Tree=31
num_leaves=21
num_cat=1
split_feature=9 8 8 9 8 8 9 9 9 9 8 9 9 2 9 8 9 8 9 11
split_gain=2.01869e+07 1.37505e+07 5.93074e+06 1.13063e+07 5.824e+06 5.4338e+06 4.73006e+06 4.41518e+06 3.8235e+06 3.29147e+06 3.04359e+06 2.53433e+06 2.39597e+06 1.99013e+06 1.98256e+06 1.98028e+06 1.478e+06 1.43196e+06 1.41241e+06 1.34751e+06
threshold=11.495000000000003 1.1500000000000001 1.6500000000000001 33.545000000000009 2.4500000000000006 2.1500000000000008 21.395000000000003 5.5850000000000009 5.0750000000000011 24.885000000000002 3.1500000000000008 15.065000000000003 43.155000000000008 0 4.8950000000000005 0.75000000000000011 20.085000000000004 3.5500000000000003 16.215000000000003 1.0000000180025095e-35
decision_type=8 2 2 8 2 2 10 10 10 10 2 10 10 1 10 2 10 2 10 2
left_child=1 8 11 4 6 7 18 -3 -1 10 -6 -2 13 -5 -7 -10 -12 -15 -4 -17
right_child=2 5 3 12 9 14 -8 -9 15 -11 16 -13 -14 17 -16 19 -18 -19 -20 -21
leaf_value=2.6267269413673202 -0.74836078647760651 6.1415471716129861 1.6840547534938148 7.0786275527082596 2.1565956212541653 16.416157878470649 -1.732815383187712 2.2755256669329551 -2.9681691220660849 0.77919613687175049 10.540840026135939 -2.1992537917713211 -2.9967389541138538 -1.8807360071340902 6.9120758526913795 -0.52157970239147478 4.7591250005837944 -0.41813896544518941 0.040066015784603191 1.3962692028236086
leaf_weight=2651 11509 1823 4350 139 4770 122 6488 8289 1318 7852 288 12935 4500 7219 1233 7238 1002 6378 6739 2491
leaf_count=2651 11509 1823 4350 139 4770 122 6488 8289 1318 7852 288 12935 4500 7219 1233 7238 1002 6378 6739 2491
internal_value=-0.0184242 1.72224 -0.609021 -0.163097 0.653063 3.53935 -0.207478 2.97254 0.201077 1.7403 2.98558 -1.51613 -1.5724 -1.10576 7.7688 -0.381034 6.05055 -1.1938 0.684979 -0.030528
internal_weight=99334 25165 74169 49725 31489 11467 17577 10112 13698 13912 6060 24444 18236 13736 1355 11047 1290 13597 11089 9729
internal_count=99334 25165 74169 49725 31489 11467 17577 10112 13698 13912 6060 24444 18236 13736 1355 11047 1290 13597 11089 9729
cat_boundaries=0 1
cat_threshold=1
is_linear=0
shrinkage=0.0711242


Tree=32
num_leaves=21
num_cat=4
split_feature=3 2 7 11 11 8 11 5 2 11 6 8 10 3 6 5 8 5 8 6
split_gain=1.52344e+07 1.06786e+07 7.074e+06 4.89596e+06 4.64429e+06 3.93867e+06 3.46102e+06 2.97377e+06 2.89469e+06 2.50033e+06 1.78647e+06 1.52898e+06 2.09381e+06 1.50087e+06 1.36164e+06 1.21856e+06 1.14646e+06 1.30428e+06 1.1993e+06 1.13764e+06
threshold=0 1 17.445000000000004 1.0000000180025095e-35 1.0000000180025095e-35 1.5500000000000003 1.0000000180025095e-35 1.0000000180025095e-35 2 1.0000000180025095e-35 1.0000000180025095e-35 1.7500000000000002 43.045000000000009 3 1.0000000180025095e-35 1.0000000180025095e-35 2.4500000000000006 1.0000000180025095e-35 2.5500000000000003 1.0000000180025095e-35
decision_type=9 1 2 2 2 2 2 2 1 2 2 2 10 9 2 2 2 2 2 2
left_child=1 2 9 7 8 19 10 -3 -2 14 -7 13 -13 -10 -1 -5 -6 -18 -19 -4
right_child=4 3 5 15 16 6 -8 -9 11 -11 -12 12 -14 -15 -16 -17 17 18 -20 -21
leaf_value=-0.71114439453458445 -1.8956795144663339 0.47742157349532549 3.2239716909688854 3.1099957634177779 0.06087209841513299 4.840802068358582 16.25442950449747 -1.4975214282736318 -0.0024869026462111792 4.4646670964648765 11.774460687644984 0.053659146082295515 -2.3165703670085684 -1.4594077133901211 2.4905365537714239 0.79585030498748366 2.225523155237223 7.5401193254973728 -0.94707140111662069 5.9882711761209615
leaf_weight=2278 12497 13947 2640 3610 10015 679 245 5331 4760 904 260 17290 2116 14474 953 1690 3144 90 1294 1054
leaf_count=2278 12497 13947 2640 3610 10015 679 245 5331 4760 904 260 17290 2116 14474 953 1690 3144 90 1294 1054
internal_value=-0.00582528 1.226 3.31896 0.457443 -0.635914 5.15719 8.72695 -0.0687193 -0.954958 1.1584 6.76158 -0.650046 -0.204796 -1.09961 0.233249 2.37211 0.485492 1.42464 -0.394717 4.01283
internal_weight=99271 33591 9013 24578 65680 4878 1184 19278 51137 4135 939 38640 19406 19234 3231 5300 14543 4528 1384 3694
internal_count=99271 33591 9013 24578 65680 4878 1184 19278 51137 4135 939 38640 19406 19234 3231 5300 14543 4528 1384 3694
cat_boundaries=0 3 4 5 7
cat_threshold=261888 67092480 4 9 18 2147483776 1006645254
is_linear=0
shrinkage=0.0711242


Tree=33
num_leaves=21
num_cat=7
split_feature=9 1 1 1 9 9 9 1 1 9 1 9 7 9 4 1 6 7 9 9
split_gain=1.72282e+07 1.19491e+07 1.18394e+07 3.12634e+06 3.1092e+06 3.01552e+06 2.94774e+06 2.7634e+06 2.25367e+06 2.17191e+06 1.79853e+06 1.76657e+06 1.74334e+06 1.68644e+06 1.58557e+06 1.20711e+06 1.16142e+06 1.06961e+06 962371 867151
threshold=10.775 0 1 2 5.0750000000000011 37.895000000000003 6.0550000000000006 3 4 16.315000000000001 5 18.585000000000004 16.965000000000003 4.2650000000000006 4.5000000000000009 6 1.0000000180025095e-35 17.025000000000002 15.065000000000003 14.155000000000003
decision_type=8 1 1 1 10 10 10 1 1 8 1 8 2 10 2 1 2 2 10 10
left_child=1 4 5 6 -1 8 -3 19 11 15 -6 -2 -12 -5 -11 -9 -15 -18 -10 -4
right_child=2 3 7 13 10 -7 -8 9 18 14 12 -13 -14 16 -16 -17 17 -19 -20 -21
leaf_value=2.6337635677399063 3.3951249466545539 12.256808188480459 -1.365531897530573 6.4832133901847389 -1.71004472984381 -1.0929505939891118 5.1840898199141954 1.4040254553781111 1.3324249648159161 -0.85879342548830118 -0.30448056708061244 1.1844733392976545 1.7018744784474598 1.9859724133570511 -2.1205065027904166 -0.43495953323401049 2.7450760694264833 6.4459820019428715 0.059375855268175536 -2.5834320159937518
leaf_weight=2893 2414 366 4784 683 2383 4632 1607 2398 3948 16607 5611 7541 3594 3476 7233 7207 947 678 12561 7747
leaf_count=2893 2414 366 4784 683 2383 4632 1607 2398 3948 16607 5611 7541 3594 3476 7233 7207 947 678 12561 7747
internal_value=0.0123244 1.7563 -0.490876 4.0068 0.547622 0.580981 6.46383 -1.21569 0.874192 -0.877534 0.0272634 1.71884 0.47837 3.15887 -1.2416 0.0251819 2.71985 4.28947 0.363601 -2.11679
internal_weight=99310 22238 77072 7757 14481 31096 1973 45976 26464 33445 11588 9955 9205 5784 23840 9605 5101 1625 16509 12531
internal_count=99310 22238 77072 7757 14481 31096 1973 45976 26464 33445 11588 9955 9205 5784 23840 9605 5101 1625 16509 12531
cat_boundaries=0 2 4 6 8 10 11 13
cat_threshold=1056965387 1072 3222963376 4747 525504 74 222306573 16 2149056640 9 150994944 2117696 2048
is_linear=0
shrinkage=0.0711242


Tree=34
num_leaves=21
num_cat=5
split_feature=3 2 3 11 8 11 6 8 5 11 6 5 11 8 11 11 2 8 10 3
split_gain=1.26343e+07 9.06485e+06 6.44308e+06 4.26452e+06 4.03911e+06 3.49105e+06 2.52003e+06 2.26345e+06 2.24122e+06 2.05877e+06 1.30114e+06 1.24347e+06 1.23513e+06 1.15668e+06 1.15378e+06 1.13342e+06 986091 1.22302e+06 990705 962087
threshold=0 1 2 1.0000000180025095e-35 1.7500000000000002 1.0000000180025095e-35 1.0000000180025095e-35 1.0500000000000003 1.0000000180025095e-35 1.0000000180025095e-35 1.0000000180025095e-35 1.0000000180025095e-35 1.0000000180025095e-35 3.9000000000000004 1.0000000180025095e-35 1.0000000180025095e-35 3 1.7500000000000002 38.615000000000002 4
decision_type=9 1 9 2 2 2 2 2 2 2 2 2 2 2 2 2 1 2 10 9
left_child=1 2 6 8 10 7 15 -2 19 -6 12 -5 -4 16 -8 -1 -9 -18 -19 -3
right_child=5 3 4 11 9 -7 14 13 -10 -11 -12 -13 -14 -15 -16 -17 17 18 -20 -21
leaf_value=-0.98016997694872043 -1.9763642515096762 1.9993865866349474 2.2714374592272777 2.8517550311583371 7.1696527271054364 0.41453971986995825 2.265677794538616 -1.382895513534528 -1.3100258632012145 15.374790874914632 5.6821271259046062 0.57829929217347475 5.7353590199929467 0.44233419674568619 7.1795741939855979 2.4745384955598912 -0.97669217399794228 0.25544278654165548 -1.4450716356147248 0.17539192025087752
leaf_weight=2302 7687 1640 2482 3867 651 14068 911 9992 5436 203 1289 1776 659 4396 329 607 15686 10290 2084 12951
leaf_count=2302 7687 1640 2482 3867 651 14068 911 9992 5436 203 1289 1776 659 4396 329 607 15686 10290 2084 12951
internal_value=0.0177283 1.1025 2.98695 0.409115 4.63409 -0.575453 0.883069 -0.853362 -0.0773443 9.12143 3.77933 2.13626 2.99833 -0.649992 3.56986 -0.259248 -0.776185 -0.559443 -0.030962 0.381907
internal_weight=99306 35103 9433 25670 5284 64203 4149 50135 20027 854 4430 5643 3141 42448 1240 2909 38052 28060 12374 14591
internal_count=99306 35103 9433 25670 5284 64203 4149 50135 20027 854 4430 5643 3141 42448 1240 2909 38052 28060 12374 14591
cat_boundaries=0 3 4 7 8 9
cat_threshold=261888 67096576 6 9 261888 0 2 22 1792
is_linear=0
shrinkage=0.0711242


Tree=35
num_leaves=21
num_cat=8
split_feature=1 9 11 8 9 1 1 9 8 1 4 1 9 4 1 9 9 1 1 9
split_gain=1.44917e+07 9.34328e+06 4.93044e+06 4.01314e+06 3.9891e+06 3.48048e+06 3.2026e+06 3.72793e+06 2.13203e+06 2.07607e+06 2.00384e+06 1.84804e+06 1.72045e+06 1.61133e+06 1.53717e+06 1.45507e+06 1.17482e+06 1.15419e+06 1.05837e+06 1.32251e+06
threshold=0 11.595000000000001 1.0000000180025095e-35 2.0500000000000003 19.065000000000001 1 2 8.9350000000000005 3.7000000000000006 3 4.5000000000000009 4 7.0150000000000006 4.5000000000000009 5 3.3950000000000005 18.585000000000004 6 7 33.545000000000009
decision_type=1 10 2 2 10 1 1 8 2 1 2 1 10 2 1 8 8 1 1 8
left_child=1 2 5 -3 8 -1 -2 9 -5 -8 -6 -4 -13 14 -9 -7 -16 -17 19 -18
right_child=6 3 11 4 10 15 7 13 -10 -11 -12 12 -14 -15 16 17 18 -19 -20 -21
leaf_value=4.3365068031754008 -2.302385755326648 -0.86537433539749387 6.6106679454991832 2.2210207751873656 0.73633692886342927 5.154618798643706 5.5104062701417282 -1.870708153441393 10.793917464859556 0.68639722841434925 -0.95484061296555278 4.7461520521821914 1.8384750884685355 -1.6224483542978048 0.39227540478415723 1.4176809483855697 0.56510581348276456 -0.17509299907795126 -1.5508580065105271 -1.0729657450715444
leaf_weight=1746 6606 11799 1134 5119 11691 389 489 3935 151 4828 5086 2117 2004 10405 7307 5207 4812 4121 5003 5174
leaf_count=1746 6606 11799 1134 5119 11691 389 489 3935 151 4828 5086 2117 2004 10405 7307 5207 4812 4121 5003 5174
internal_value=0.0299355 0.872608 2.24843 0.193286 0.759856 1.42141 -0.847536 -0.617954 2.46683 1.1418 0.223649 4.05239 3.32418 -0.873519 -0.576438 0.892193 -0.347012 0.715349 -0.707639 -0.283339
internal_weight=99123 50564 16718 33846 22047 11463 48559 41953 5270 5317 16777 5255 4121 36636 26231 9717 22296 9328 14989 9986
internal_count=99123 50564 16718 33846 22047 11463 48559 41953 5270 5317 16777 5255 4121 36636 26231 9717 22296 9328 14989 9986
cat_boundaries=0 2 4 5 7 9 11 13 15
cat_threshold=3795683048 5771 192 4096 138412036 8208 64 525440 522 67109121 16 1644495872 514 25298960 2308
is_linear=0
shrinkage=0.0711242


Tree=36
num_leaves=21
num_cat=12
split_feature=1 3 1 3 6 11 11 1 1 11 1 11 11 1 4 1 3 10 1 1
split_gain=1.25827e+07 7.70511e+06 5.1793e+06 2.78991e+06 2.74616e+06 2.48223e+06 2.33404e+06 1.92939e+06 1.33383e+06 1.32955e+06 1.26386e+06 1.1983e+06 1.09748e+06 981150 942690 1.02382e+06 912276 887542 882353 838836
threshold=0 1 2 3 1.0000000180025095e-35 1.0000000180025095e-35 1.0000000180025095e-35 4 5 1.0000000180025095e-35 6 1.0000000180025095e-35 1.0000000180025095e-35 7 4.5000000000000009 8 9 18.045000000000005 10 11
decision_type=1 9 1 9 2 2 2 1 1 2 1 2 2 1 2 1 9 10 1 1
left_child=1 2 4 7 11 19 13 -2 -5 -9 -8 16 -6 14 -3 -16 -1 -14 -7 -4
right_child=3 6 5 8 12 18 10 9 -10 -11 -12 -13 17 -15 15 -17 -18 -19 -20 -21
leaf_value=0.48742911945911283 -1.4641446880127591 0.76308518712027307 1.4118747749935798 -2.7264522566556875 5.799403106206487 4.2394326747822024 2.53630318934847 -0.094388240497488674 -1.0978172024780024 1.5925158159969905 0.53493222283010322 5.8297019675160078 14.338555070900636 -0.58976401984937965 2.9878460285152362 -1.2754030095949587 3.3992252614803027 6.4142055608406627 1.8135223780760588 0.19745297484140087
leaf_weight=933 4174 7023 5741 2804 923 1588 2456 10596 27814 3042 4577 586 161 15050 313 2454 1344 129 1553 5783
leaf_count=933 4174 7023 5741 2804 923 1588 2456 10596 27814 3042 4577 586 161 15050 313 2454 1344 129 1553 5783
internal_value=-0.0166363 0.767465 1.91155 -0.836083 4.15321 1.28608 0.0943596 -0.128026 -1.24782 0.281682 1.23822 2.96158 6.99959 -0.22947 0.324675 -0.786881 2.22325 10.8166 3.05935 0.803854
internal_weight=99044 50614 18741 48430 4076 14665 31873 17812 30618 13638 7033 2863 1213 24840 9790 2767 2277 290 3141 11524
internal_count=99044 50614 18741 48430 4076 14665 31873 17812 30618 13638 7033 2863 1213 24840 9790 2767 2277 290 3141 11524
cat_boundaries=0 2 4 6 9 11 12 14 16 17 18 20 22
cat_threshold=3793716968 5771 261888 67104768 1074004096 4608 2147745536 67092484 2 138428420 32 138412032 1835144 521 2149090496 9 128 261888 571015688 1034 571016192 1035
is_linear=0
shrinkage=0.0711242


Tree=37
num_leaves=21
num_cat=8
split_feature=9 1 1 9 8 9 9 1 4 9 1 1 1 1 4 9 1 9 8 9
split_gain=1.05841e+07 8.55512e+06 7.67991e+06 3.61348e+06 4.06952e+06 2.78111e+06 2.42771e+06 1.96199e+06 1.68222e+06 1.64626e+06 1.5665e+06 1.38784e+06 1.35185e+06 1.16214e+06 1.12168e+06 1.05117e+06 1.86581e+06 1.4023e+06 1.00714e+06 852434
threshold=11.795000000000002 0 1 21.395000000000003 3.1500000000000008 6.7550000000000008 4.2650000000000006 2 4.5000000000000009 16.745000000000001 3 4 5 6 4.5000000000000009 38.165000000000006 7 29.275000000000002 2.7000000000000006 3.3950000000000005
decision_type=8 1 1 8 2 10 10 1 2 10 1 1 1 1 2 10 1 8 2 10
left_child=1 5 3 4 18 11 -3 -8 15 13 14 -1 -7 -4 -11 16 17 -5 -2 -13
right_child=2 6 9 8 -6 12 7 -9 -10 10 -12 19 -14 -15 -16 -17 -18 -19 -20 -21
leaf_value=0.21929436062759436 0.70185961886051851 7.871073553786446 -1.8529503439737931 2.801535922086932 7.7827408812779071 -1.8073163450866074 2.0487753327987508 4.664947499495506 -1.0909491415142172 -0.78510178390453322 -2.5424117351684625 4.4638028553466604 0.14263903329540029 -0.32137827397867902 -2.1620864259317378 -0.88697775374843779 -0.47282309244268345 0.61608861272943249 2.4055334413466465 1.8846562168144965
leaf_weight=2418 9444 547 3140 2052 468 2165 4365 2216 7721 10115 6272 792 10385 12334 4250 3697 5929 5377 2156 3572
leaf_count=2418 9444 547 3140 2052 468 2165 4365 2216 7721 10115 6272 792 10385 12334 4250 3697 5929 5377 2156 3572
internal_value=-0.00896022 1.20961 -0.450923 0.271586 1.2809 0.431806 3.31382 2.93996 -0.219927 -1.18784 -1.60401 1.59248 -0.195084 -0.63358 -1.19167 0.174399 0.468152 1.21813 1.01852 2.34743
internal_weight=99415 26460 72955 36844 12068 19332 7128 6581 24776 36111 20637 6782 12550 15474 14365 17055 13358 7429 11600 4364
internal_count=99415 26460 72955 36844 12068 19332 7128 6581 24776 36111 20637 6782 12550 15474 14365 17055 13358 7429 11600 4364
cat_boundaries=0 2 4 6 8 10 11 13 15
cat_threshold=1057293067 1072 2151320752 6287 1073770496 6720 813715982 288 486539522 32 150994944 163578117 1280 2148698272 4097
is_linear=0
shrinkage=0.0711242


Tree=38
num_leaves=21
num_cat=7
split_feature=1 9 9 1 1 8 1 9 9 9 4 1 11 1 9 4 8 9 4 2
split_gain=9.36662e+06 6.59615e+06 3.97393e+06 2.62596e+06 2.4397e+06 2.01947e+06 1.5625e+06 1.5334e+06 1.39192e+06 1.38922e+06 1.14858e+06 1.86885e+06 1.12677e+06 985330 897176 845017 799765 764178 764009 754509
threshold=0 12.295000000000002 7.1450000000000005 1 2 2.0500000000000003 3 17.535000000000004 4.0150000000000006 6.7550000000000008 4.5000000000000009 4 1.0000000180025095e-35 5 17.995000000000001 4.5000000000000009 0.75000000000000011 18.695000000000004 4.5000000000000009 6
decision_type=1 10 8 1 1 2 1 10 8 8 2 1 2 1 10 2 2 10 2 1
left_child=1 3 6 9 13 17 -2 -7 -5 -1 19 -12 -10 -4 -15 -9 -8 -3 -16 -6
right_child=2 5 4 8 10 7 16 15 12 -11 11 -13 -14 14 18 -17 -18 -19 -20 -21
leaf_value=10.092004757626768 3.4616537355356729 -0.50392694918512249 -2.2197616092190984 5.1331027025893121 -1.1127225900439592 2.1291077217493344 -1.6915277661904411 0.746411534063814 1.2476547915450009 4.3613745248873546 1.970750094774383 -1.2227702847364714 3.0700120586500863 -0.55428988313778094 -1.047576274144504 -0.53592009385584871 0.98793756539731203 -2.7968631958314356 -2.3241556648672637 0.14853006661470072
leaf_weight=272 1241 4521 3749 696 2682 3121 641 8768 5495 1004 1026 8936 2496 12198 7799 3695 4657 878 3408 22056
leaf_count=272 1241 4521 3749 696 2682 3121 641 8768 5495 1004 1026 8936 2496 12198 7799 3695 4657 878 3408 22056
internal_value=-0.00273852 1.02379 -0.467296 2.53106 -0.643641 0.308595 1.20006 0.719289 2.08025 5.54014 -0.248205 -0.8931 1.8169 -1.14845 -0.975967 0.366228 0.662478 -0.87685 -1.43579 0.0113966
internal_weight=99339 30946 68393 9963 61854 20983 6539 15584 8687 1276 34700 9962 7991 27154 23405 12463 5298 5399 11207 24738
internal_count=99339 30946 68393 9963 61854 20983 6539 15584 8687 1276 34700 9962 7991 27154 23405 12463 5298 5399 11207 24738
cat_boundaries=0 2 4 6 8 9 10 11
cat_threshold=3256616128 4619 128 8 230711559 304 539041792 80 536936448 138412032 1
is_linear=0
shrinkage=0.0711242


Tree=39
num_leaves=21
num_cat=9
split_feature=1 11 10 1 1 6 10 1 11 7 1 6 1 10 1 7 10 1 7 1
split_gain=7.58508e+06 3.36666e+06 2.71853e+06 1.88086e+06 1.47421e+06 1.52618e+06 1.46099e+06 1.24584e+06 1.11869e+06 1.11184e+06 2.67679e+06 1.35416e+06 1.13921e+06 1.09326e+06 1.01678e+06 995074 759559 737053 1.10947e+06 733729
threshold=0 1.0000000180025095e-35 10.055000000000001 1 2 1.0000000180025095e-35 40.245000000000012 3 1.0000000180025095e-35 17.265000000000004 4 1.0000000180025095e-35 5 27.295000000000005 6 21.475000000000005 22.515000000000004 7 16.905000000000005 8
decision_type=1 2 8 1 1 2 10 1 2 2 1 2 1 8 1 2 8 1 2 1
left_child=1 6 8 17 -4 -6 9 -7 -2 12 11 15 -1 -5 -10 -11 -13 18 -3 -8
right_child=2 3 4 13 5 7 19 -9 14 10 -12 16 -14 -15 -16 -17 -18 -19 -20 -21
leaf_value=1.0465028932479448 -0.20539647911327785 3.1517592512641475 -1.6092175476829658 1.408428025146041 -0.26265829222943871 1.5525112895012243 0.015402385880461691 -1.6689189099628687 2.1057400336253416 2.0563681314133953 0.031909377982713115 6.2886803450510715 -0.080861726969468556 -1.1390350752095799 0.14453794123437397 -2.6118987269812832 2.6659160482341937 2.5345086169533273 10.388179401330879 -1.6331369751144753
leaf_weight=6579 9916 313 10257 4280 19273 654 3180 7659 2521 3180 4860 599 14542 1064 2852 249 573 4397 163 2389
leaf_count=6579 9916 313 10257 4280 19273 654 3180 7659 2521 3180 4860 599 14542 1064 2852 249 573 4397 163 2389
internal_value=0.022219 0.686883 -0.557854 1.82703 -0.881331 -0.609881 0.364841 -1.41561 0.242445 0.557787 1.19854 2.42548 0.270762 0.89953 1.06894 1.71732 4.51781 2.83648 5.51538 -0.69471
internal_weight=99500 46368 53132 10217 37843 27586 36151 8313 15289 30582 9461 4601 21121 5344 5373 3429 1172 4873 476 5569
internal_count=99500 46368 53132 10217 37843 27586 36151 8313 15289 30582 9461 4601 21121 5344 5373 3429 1172 4873 476 5569
cat_boundaries=0 2 4 6 8 10 12 14 15 17
cat_threshold=3795682536 4747 2149318792 4617 222298373 1024 0 16 1644494984 4617 1081416 523 84027905 1108 128 327680 513
is_linear=0
shrinkage=0.0711242


Tree=40
num_leaves=21
num_cat=7
split_feature=1 11 1 1 1 11 7 1 7 7 7 7 1 4 7 7 8 7 1 4
split_gain=7.05317e+06 4.33805e+06 1.58817e+06 1.5271e+06 1.1831e+06 1.0069e+06 864494 1.5611e+06 1.02506e+06 850734 716937 697741 1.83812e+06 1.25797e+06 768558 614340 1.22677e+06 1.1169e+06 578401 1.12421e+06
threshold=0 1.0000000180025095e-35 1 2 3 1.0000000180025095e-35 17.505000000000006 4 21.425000000000004 11.285000000000002 7.9850000000000012 16.965000000000003 5 4.5000000000000009 21.325000000000003 17.385000000000002 2.7000000000000006 21.525000000000002 6 4.5000000000000009
decision_type=1 2 1 1 1 2 2 1 2 2 2 2 1 2 2 2 2 2 1 2
left_child=2 4 -1 6 15 -4 9 8 -8 10 -3 18 13 14 -13 -2 17 -17 19 -6
right_child=1 3 5 -5 11 -7 7 -9 -10 -11 -12 12 -14 -15 -16 16 -18 -19 -20 -21
leaf_value=-1.6443671347700524 0.75002608268623283 1.1046532612848816 -0.64231716024279506 0.97633982938448716 0.74175818264642168 0.22251148553261857 8.4485260893274461 2.3959184184195963 -0.50464873208113248 1.1178420536434441 4.09986364525321 1.4355855714181061 -0.078529848803520666 3.9874281153334223 -2.6947667810125049 6.5511519459827134 0.96382216701052459 -2.8164750893974015 -0.41096723938353591 -0.88189887164316771
leaf_weight=6586 3639 586 30968 5829 7620 8730 470 1129 75 2219 1304 2468 7591 1016 251 453 975 75 14268 3009
leaf_count=6586 3639 586 30968 5829 7620 8730 470 1129 75 2219 1304 2468 7591 1016 251 453 975 75 14268 3009
internal_value=0.0193536 0.579693 -0.622006 1.79454 0.238798 -0.452018 2.61301 3.97997 7.08655 2.0624 3.17128 0.0952697 0.558109 1.84725 1.05422 1.24726 2.45932 5.22028 -0.115245 0.281843
internal_weight=99261 52977 46284 11612 41365 39698 5783 1674 545 4109 1890 36223 11326 3735 2719 5142 1503 528 24897 10629
internal_count=99261 52977 46284 11612 41365 39698 5783 1674 545 4109 1890 36223 11326 3735 2719 5142 1503 528 24897 10629
cat_boundaries=0 2 3 5 7 9 11 13
cat_threshold=499153175 2420 138412036 3223061128 5640 128 9 1073741952 4608 1644494848 4608 2151187520 130
is_linear=0
shrinkage=0.0711242


Tree=41
num_leaves=21
num_cat=3
split_feature=9 2 8 9 9 8 9 9 8 0 9 8 9 9 8 8 9 2 10 9
split_gain=7.05366e+06 4.48652e+06 3.1807e+06 4.27509e+06 3.09144e+06 2.49223e+06 2.46141e+06 2.24647e+06 2.30716e+06 1.80974e+06 1.72959e+06 1.20582e+06 957685 912653 897251 819427 743722 732538 676492 824162
threshold=12.395000000000001 0 1.6500000000000001 34.705000000000005 4.495000000000001 2.7000000000000006 18.825000000000003 23.495000000000001 2.8500000000000001 1 5.4250000000000007 0.8500000000000002 42.785000000000004 18.115000000000006 3.1500000000000008 2.3500000000000001 19.965000000000003 2 34.335000000000008 8.4650000000000016
decision_type=10 1 2 10 8 2 10 10 2 1 8 2 10 10 2 2 10 1 10 10
left_child=1 4 16 5 -1 6 -4 8 -7 18 -3 -12 -5 -10 -9 -13 17 -2 -6 -20
right_child=2 10 3 12 9 7 -8 14 13 -11 11 15 -14 -15 -16 -17 -18 -19 19 -21
leaf_value=6.8807504255738277 -0.070106763074414269 1.6701636338924071 0.78801475653420583 -0.68037585845082427 3.3423218852213528 1.472428642190682 -0.85880816157658724 -0.51806058442788461 10.547316222546856 1.2950651448135131 -1.0394902147790235 0.47157389470688366 -1.8886612446195881 4.5064440397543999 0.97149361536109469 -1.9204337079729508 -1.9329884273626743 -1.1976216934437542 2.1629890000625691 12.103114593269558
leaf_weight=646 3917 3853 8007 10338 1742 2857 10762 2919 146 7560 4235 12758 4887 948 6837 768 4712 11499 72 102
leaf_count=646 3917 3853 8007 10338 1742 2857 10762 2919 146 7560 4235 12758 4887 948 6837 768 4712 11499 72 102
internal_value=0.00827462 0.883465 -0.401212 -0.0848322 2.11836 0.376192 -0.15626 1.10528 2.53606 1.79588 0.304025 0.00782533 -1.06823 5.31341 0.525818 0.335745 -1.15099 -0.91196 3.74548 7.99311
internal_weight=99565 31736 67829 47701 10122 32476 18769 13707 3951 9476 21614 17761 15225 1094 9756 13526 20128 15416 1916 174
internal_count=99565 31736 67829 47701 10122 32476 18769 13707 3951 9476 21614 17761 15225 1094 9756 13526 20128 15416 1916 174
cat_boundaries=0 1 2 3
cat_threshold=97 1 160
is_linear=0
shrinkage=0.0711242


Tree=42
num_leaves=21
num_cat=14
split_feature=3 1 1 11 1 11 1 7 1 1 3 1 3 5 5 3 3 1 1 8
split_gain=6.05304e+06 4.7922e+06 3.27732e+06 2.91748e+06 1.69237e+06 1.257e+06 1.05171e+06 956478 895644 774258 753088 1.02501e+06 3.66775e+06 2.57142e+06 685096 614230 613019 569423 568745 522038
threshold=0 1 2 1.0000000180025095e-35 3 1.0000000180025095e-35 4 9.6250000000000018 5 6 7 8 9 1.0000000180025095e-35 1.0000000180025095e-35 10 11 12 13 1.7500000000000002
decision_type=9 1 1 2 1 2 1 2 1 1 9 1 9 2 2 9 9 1 1 2
left_child=1 3 5 6 7 -2 14 -5 -4 -3 11 12 13 -10 -1 -13 19 -7 -12 -16
right_child=2 9 8 4 -6 17 -8 -9 10 -11 18 15 -14 -15 16 -17 -18 -19 -20 -21
leaf_value=1.9654707799268407 -0.010685889836300056 -0.79198977292927408 -1.248908245018991 3.2581222400781842 3.0752816069617119 1.8754488437809389 0.96318204826607434 10.575827176691554 9.0056031935409226 0.33398811420477414 -2.0666116774646497 -0.90187363355332673 -1.4681317269095888 -1.4757966324635539 4.7449521950616891 0.16933088755324779 2.6672423482186804 0.53309851579886758 -0.69713336874660881 11.619304039770688
leaf_weight=1420 23157 4433 12460 134 2651 2778 9018 278 419 10129 1719 5107 779 165 115 5750 328 3812 14218 109
leaf_count=1420 23157 4433 12460 134 2651 2778 9018 278 419 10129 1719 5107 779 165 115 5750 328 3812 14218 109
internal_value=0.0234021 0.895408 -0.331298 1.83201 3.77445 0.235877 1.29227 8.00279 -0.74664 -0.00909575 -0.524009 -0.103645 1.7275 5.94273 2.77814 -0.33492 4.91836 1.10264 -0.846062 7.74755
internal_weight=98979 28615 70364 14053 3063 29747 10990 412 40617 14562 28157 12220 1363 584 1972 10857 552 6590 15937 224
internal_count=98979 28615 70364 14053 3063 29747 10990 412 40617 14562 28157 12220 1363 584 1972 10857 552 6590 15937 224
cat_boundaries=0 3 5 7 9 11 13 15 18 20 22 24 26 28 30
cat_threshold=28480 67092480 4 1713178313 5723 2183040240 4747 1073741952 4096 1073741952 4608 163578116 48 146849796 32 3221459120 603992159 3 8192 64 3221225600 31 3221225600 95 0 66224128 2149320832 514 8192 64
is_linear=0
shrinkage=0.0711242


Tree=43
num_leaves=21
num_cat=15
split_feature=3 1 11 1 3 1 4 1 4 3 2 4 1 3 1 3 4 1 1 3
split_gain=5.77871e+06 4.50592e+06 3.20604e+06 3.00649e+06 1.29339e+06 1.14864e+06 1.11714e+06 1.08875e+06 1.22564e+06 1.01261e+06 6.95727e+06 829565 746858 730382 2.28125e+06 4.38382e+06 3.54564e+06 2.11309e+06 727122 960379
threshold=0 1 1.0000000180025095e-35 2 3 4 4.5000000000000009 5 4.5000000000000009 6 7 4.5000000000000009 8 9 10 11 4.5000000000000009 12 13 14
decision_type=9 1 2 1 9 1 2 1 2 9 1 2 1 9 1 9 2 1 1 9
left_child=1 2 4 13 7 11 9 8 -1 10 -3 -4 -6 14 15 -2 -17 -15 19 -11
right_child=3 6 5 -5 12 -7 -8 -9 -10 18 -12 -13 -14 17 -16 16 -18 -19 -20 -21
leaf_value=1.9080964277100894 -1.6250250570945768 14.44590903830129 5.0200223397329067 -0.93484604114551961 -0.71077129922380411 2.922889413612046 -0.83254616040672125 0.82865792110034331 5.214130329371045 4.4527656498021573 0.25568694733978864 12.225422466840865 0.85127362639722315 -2.0583548961726521 0.12915569220529327 9.3578121026489853 -1.1069600723406179 0.10253201918331621 0.36296614128877974 -1.270294416237983
leaf_weight=2109 565 189 257 31079 2194 3392 6091 2903 776 148 1448 118 5209 2642 9014 609 224 16730 10935 2543
leaf_count=2109 565 189 257 31079 2194 3392 6091 2903 776 148 1448 118 5209 2642 9014 609 224 16730 10935 2543
internal_value=-0.0148514 0.66934 1.53461 -0.445573 1.0129 3.36551 -0.018201 1.80834 2.78781 0.30677 1.97246 7.10034 0.387999 0.0651172 0.545251 3.20799 6.46631 -0.193093 0.105122 -0.940083
internal_weight=99175 38312 16958 60863 13191 3767 21354 5788 2885 15263 1637 375 7403 29784 10412 1398 833 19372 13626 2691
internal_count=99175 38312 16958 60863 13191 3767 21354 5788 2885 15263 1637 375 7403 29784 10412 1398 833 19372 13626 2691
cat_boundaries=0 3 5 7 9 11 13 16 17 19 21 23 25 27 29 30
cat_threshold=261952 603971584 6 1715274377 5659 3223235824 6859 0 67076096 128 4096 1711538305 4624 1792 0 2 64 604045313 4112 3240099969 201326687 8256 64 18874369 201326656 8256 64 4202564 64 64
is_linear=0
shrinkage=0.0711242


Tree=44
num_leaves=21
num_cat=2
split_feature=11 8 10 7 7 7 7 8 0 7 7 8 8 8 0 8 7 8 4 4
split_gain=3.44882e+06 1.08568e+06 893904 792364 1.20043e+06 943335 749105 1.25678e+06 784084 671409 608266 463245 458020 2.01828e+06 746556 455652 396583 360140 375150 337521
threshold=1.0000000180025095e-35 0.75000000000000011 40.245000000000012 17.385000000000002 10.665000000000001 7.9850000000000012 17.085000000000004 0.95000000000000007 0 10.425000000000002 21.525000000000002 1.2500000000000002 2.5500000000000003 2.4500000000000006 1 0.8500000000000002 20.875000000000004 1.9500000000000002 4.5000000000000009 4.5000000000000009
decision_type=2 2 10 2 2 2 2 2 1 2 2 2 2 2 1 2 2 2 2 2
left_child=1 -1 6 4 5 -2 7 -3 11 -9 12 15 13 14 -5 -8 -10 -6 -19 -14
right_child=3 2 -4 10 17 -7 8 9 16 -11 -12 -13 19 -15 -16 -17 -18 18 -20 -21
leaf_value=-1.9880763106489736 0.10740530005159321 -1.3430127499581508 -0.91997388632917221 5.0131335008311106 -0.36109497390762174 1.9931300755050518 -0.4900099790628939 0.22129012726422653 0.055975909673504014 -0.36423506092393021 -0.46446792353446048 0.39915436057214654 1.3493287931583449 11.345109989450453 1.5150793105142273 1.8936970421278085 -0.97715336029999667 0.95561737976252181 -0.49565172681629721 -0.90146957762673818
leaf_weight=1735 2098 4910 7608 334 5449 3724 491 16039 9247 25911 745 6958 1148 116 3594 2333 2359 2951 1297 477
leaf_count=1735 2098 4910 7608 334 5449 3724 491 16039 9247 25911 745 6958 1148 116 3594 2333 2359 2951 1297 477
internal_value=-0.00634231 -0.228946 -0.188709 0.781147 0.506312 1.31361 -0.107189 -0.266383 0.241597 -0.140368 1.44611 0.710254 1.69719 2.10244 1.82925 1.47925 -0.153888 0.0216113 0.512514 0.688619
internal_weight=99524 77591 75856 21933 15519 5822 68248 46860 21388 41950 6414 9782 5669 4044 3928 2824 11606 9697 4248 1625
internal_count=99524 77591 75856 21933 15519 5822 68248 46860 21388 41950 6414 9782 5669 4044 3928 2824 11606 9697 4248 1625
cat_boundaries=0 1 2
cat_threshold=25 16
is_linear=0
shrinkage=0.0711242


Tree=45
num_leaves=21
num_cat=8
split_feature=1 11 1 1 1 11 4 7 1 1 6 7 7 7 1 7 6 7 1 7
split_gain=3.83037e+06 2.69949e+06 1.29306e+06 1.14526e+06 660305 621429 474222 421800 1.42564e+06 656073 678076 459863 370191 440400 1.52078e+06 461001 456501 361052 349422 337493
threshold=0 1.0000000180025095e-35 1 2 3 1.0000000180025095e-35 4.5000000000000009 17.145000000000003 4 5 1.0000000180025095e-35 21.575000000000003 21.525000000000002 17.265000000000004 6 10.615 1.0000000180025095e-35 21.525000000000002 7 17.445000000000004
decision_type=1 2 1 1 1 2 2 2 1 1 2 2 2 2 1 2 2 2 1 2
left_child=3 4 17 6 12 7 -1 9 11 -5 -11 -9 13 15 16 -2 -15 19 -7 -3
right_child=1 2 -4 5 -6 18 -8 8 -10 10 -12 -13 -14 14 -16 -17 -18 -19 -20 -21
leaf_value=-0.95709581861913062 0.98935377733067453 2.3479500230064243 0.92947782058502282 -1.0921243927976765 -0.064750635502681592 0.82842755495742282 -2.2732519232749855 1.8572048146222642 -0.54500079568936588 0.042159577467023278 -1.1294132610923042 -2.9767532785613997 -1.4964928939498194 2.2918312671662369 0.12642350038411754 -0.027374018891603707 5.1073788064972803 -1.7783640735415958 -0.12391352753541264 4.1134087950258591
leaf_weight=4749 3593 2041 8714 9646 27510 2923 1955 1894 7269 8458 3547 105 438 1013 2309 6062 409 89 5806 749
leaf_count=4749 3593 2041 8714 9646 27510 2923 1955 1894 7269 8458 3547 105 438 1013 2309 6062 409 89 5806 749
internal_value=-0.00763672 0.405761 1.36496 -0.479659 0.13683 -0.334062 -1.33894 -0.48376 -0.0822413 -0.655634 -0.303746 1.5952 0.537634 0.604603 1.26086 0.350995 3.08025 2.67048 0.1958 2.82202
internal_weight=99279 52927 11593 46352 41334 39648 6704 30919 9268 21651 12005 1999 13824 13386 3731 9655 1422 2879 8729 2790
internal_count=99279 52927 11593 46352 41334 39648 6704 30919 9268 21651 12005 1999 13824 13386 3731 9655 1422 2879 8729 2790
cat_boundaries=0 2 4 5 7 9 11 13 15
cat_threshold=501250327 2356 787080 512 138412036 524480 4619 67109121 16 92291329 48 128 4608 92276737 2048
is_linear=0
shrinkage=0.0711242


Tree=46
num_leaves=21
num_cat=12
split_feature=9 1 1 3 3 9 8 1 3 8 8 1 1 9 8 9 1 3 3 1
split_gain=4.55735e+06 4.6386e+06 3.30004e+06 2.46885e+06 2.37906e+06 2.06447e+06 2.61423e+06 1.39709e+06 2.01681e+06 2.82983e+06 2.07668e+06 1.32064e+06 1.20932e+06 1.12134e+06 1.70253e+06 2.23777e+06 874236 851629 769494 741143
threshold=13.265000000000002 0 1 2 3 21.265000000000004 2.8500000000000001 4 5 2.2500000000000004 2.2500000000000004 6 7 42.115000000000002 2.8500000000000001 27.815000000000001 8 9 10 11
decision_type=10 1 1 9 9 10 2 1 9 2 2 1 1 10 2 8 1 9 9 1
left_child=1 3 5 7 12 6 -2 18 9 -9 -10 -5 -3 14 -7 -16 -6 -13 -1 -4
right_child=2 4 19 11 16 13 -8 8 10 -11 -12 17 -14 -15 15 -17 -18 -19 -20 -21
leaf_value=3.1024220373925324 0.66528869588351325 1.3397880388452135 -0.63224633715690637 -1.8226926844329252 -1.2887930254763649 -0.91466040393916703 6.3248755439506734 -2.6581720883889539 9.8622522986981007 5.9887386779966754 3.0018437762954369 2.2051324936850962 -0.050176575923516667 -1.4043604491579231 2.4449748924025729 -0.00065306922990235826 -0.06568602757451554 0.1270972741719251 0.42530251131735514 -1.3927607345394919
leaf_weight=1594 10312 8254 14225 734 4986 8154 430 345 570 430 367 2671 5141 3813 2223 12733 7256 1603 842 12005
leaf_count=1594 10312 8254 14225 734 4986 8154 430 345 570 430 367 2671 5141 3813 2223 12733 7256 1603 842 12005
internal_value=-0.0117496 0.643231 -0.368409 2.01641 0.151965 0.0582526 0.89189 3.29998 4.86773 2.11235 7.09996 0.948754 0.806683 -0.274341 -0.0878899 0.362867 -0.564492 1.42788 2.18265 -0.980722
internal_weight=98688 34793 63895 9156 25637 37665 10742 4148 1712 775 937 5008 13395 26923 23110 14956 12242 4274 2436 26230
internal_count=98688 34793 63895 9156 25637 37665 10742 4148 1712 775 937 5008 13395 26923 23110 14956 12242 4274 2436 26230
cat_boundaries=0 2 4 6 8 10 12 14 16 18 20 22 24
cat_threshold=1076364480 6858 2151324848 2447 3221309376 730685471 106320 1073737736 1075840000 6658 81920 59596800 64 64 637882393 1044 215027973 309 100841488 343052800 81920 730685440 813776902 4128
is_linear=0
shrinkage=0.0711242


Tree=47
num_leaves=21
num_cat=7
split_feature=1 11 1 10 10 4 1 7 1 7 6 1 4 10 11 4 4 1 7 1
split_gain=3.66964e+06 1.67726e+06 1.2846e+06 944752 942362 854456 840097 738666 1.03634e+06 688280 574349 455589 442784 778319 427916 410605 408059 2.53197e+06 967760 870458
threshold=0 1.0000000180025095e-35 1 5.1150000000000011 40.245000000000012 4.5000000000000009 2 17.265000000000004 3 21.525000000000002 1.0000000180025095e-35 4 5.5000000000000009 16.335000000000004 1.0000000180025095e-35 4.5000000000000009 4.5000000000000009 5 17.025000000000002 6
decision_type=1 2 1 8 10 2 1 2 1 2 2 1 2 10 2 2 2 1 2 1
left_child=1 4 5 -4 7 14 12 -1 9 10 -9 -5 -3 -14 -2 -10 19 18 -18 -13
right_child=2 6 3 11 -6 -7 -8 8 15 -11 -12 16 13 -15 -16 -17 17 -19 -20 -21
leaf_value=0.24558686789204104 -0.83309956484690395 2.3331363187541716 1.0507616044387522 -0.55325155379597979 -0.61945141750632982 -1.847353438064441 1.0842289827205678 2.0072677726841337 0.88790973052005207 -2.0320713138004916 4.6332142830889103 -0.80276706018830801 11.834910334985993 3.4428247647234 0.33324557504517205 -0.73738995194018664 0.80614895895217309 -1.05057584706137 4.3359685647150625 0.27501158767338135
leaf_weight=14861 7510 1585 3054 15797 4400 3800 5305 1548 3242 166 579 4697 70 277 2019 1038 1295 7718 564 19464
leaf_count=14861 7510 1585 3054 15797 4400 3800 5305 1548 3242 166 579 4697 70 277 2019 1038 1295 7718 564 19464
internal_value=-0.0147245 0.596554 -0.321444 -0.163279 0.328644 -0.944885 1.55372 0.523272 1.15108 2.36767 2.72225 -0.238163 2.82256 5.13831 -0.585974 0.492578 -0.0904388 -0.483345 1.86717 0.0652663
internal_weight=98989 33071 65918 52589 25834 13329 7237 21434 6573 2293 2127 49535 1932 347 9529 4280 33738 9577 1859 24161
internal_count=98989 33071 65918 52589 25834 13329 7237 21434 6573 2293 2127 49535 1932 347 9529 4280 33738 9577 1859 24161
cat_boundaries=0 2 4 6 8 10 12 14
cat_threshold=3256616072 4747 146817028 32 262280 512 1107296384 4608 352329987 256 536936448 16 536936448 16
is_linear=0
shrinkage=0.0711242


Tree=48
num_leaves=21
num_cat=16
split_feature=3 1 11 1 1 4 1 4 1 3 2 3 1 1 3 3 1 3 3 11
split_gain=3.3494e+06 3.7309e+06 2.14763e+06 2.00426e+06 1.22047e+06 1.10294e+06 1.4297e+06 1.05488e+06 1.0313e+06 1.03122e+06 5.88303e+06 897273 6.47485e+06 1.3417e+06 738189 735242 699852 991634 697680 644594
threshold=0 1 1.0000000180025095e-35 2 3 4.5000000000000009 4 4.5000000000000009 5 6 7 8 9 10 11 12 13 14 15 1.0000000180025095e-35
decision_type=9 1 2 1 1 2 1 2 1 9 1 9 1 1 9 9 1 9 9 2
left_child=1 2 8 5 14 11 -7 9 15 10 -3 12 18 -13 -4 -1 17 -11 -2 -18
right_child=3 7 4 -5 -6 6 -8 -9 -10 16 -12 13 -14 -15 -16 -17 19 -19 -20 -21
leaf_value=6.9472482277124534 2.6241681015173834 12.945364761745504 1.9184930752244327 -0.75391472922089886 2.1603186207008229 1.751342762095057 -0.97475527653706429 -0.81391692559411366 0.73844859538527263 5.1907852859754469 0.33839805459028482 -0.87577828095432797 0.13509524441876633 0.53818418190148209 6.943748264503502 1.8851039478674716 -0.013074750036777123 -1.4354758020042373 8.6965265540553993 1.2001359266575684
leaf_weight=217 152 203 242 30210 2758 1114 7296 6841 11873 111 1564 4969 4276 10660 522 478 10524 2200 554 2806
leaf_count=217 152 203 242 30210 2758 1114 7296 6841 11873 111 1564 4969 4276 10660 522 478 10524 2200 554 2806
internal_value=-0.0080773 0.491714 1.33111 -0.348482 2.88416 0.0736758 -0.612715 -0.0655761 0.896937 0.228472 1.852 0.353784 1.18387 0.0883616 5.39772 3.54244 0.043837 -1.09603 7.44455 0.242134
internal_weight=99570 40339 16090 59231 3522 29021 8410 24249 12568 17408 1767 20611 4982 15629 764 695 15641 2311 706 13330
internal_count=99570 40339 16090 59231 3522 29021 8410 24249 12568 17408 1767 20611 4982 15629 764 695 15641 2311 706 13330
cat_boundaries=0 3 5 7 9 11 12 13 14 17 19 21 22 24 26 27 29
cat_threshold=229184 671084544 4 1714225289 5659 2151595744 719 1610612864 4096 262272 512 128 1792 64 3221258368 31 2 8256 64 2367680 576 96064 16384 14581760 4202560 64 64 32768 1
is_linear=0
shrinkage=0.0711242


Tree=49
num_leaves=21
num_cat=14
split_feature=1 3 1 3 1 3 1 6 5 1 3 1 3 3 1 6 6 1 6 5
split_gain=2.79931e+06 2.6011e+06 1.9795e+06 1.4011e+06 1.60363e+06 2.3297e+06 4.9055e+06 3.55611e+06 1.18948e+06 1.11845e+06 1.10832e+06 1.06183e+06 910837 662826 771658 554901 553631 550355 1.07324e+06 648814
threshold=0 1 2 3 4 5 6 1.0000000180025095e-35 1.0000000180025095e-35 7 8 9 10 11 12 1.0000000180025095e-35 1.0000000180025095e-35 13 1.0000000180025095e-35 1.0000000180025095e-35
decision_type=1 9 1 9 1 9 1 2 2 1 9 1 9 9 1 2 2 1 2 2
left_child=1 2 8 4 5 6 7 -2 12 10 15 -7 -1 14 16 -5 -6 18 -4 -19
right_child=3 -3 17 9 13 11 -8 -9 -10 -11 -12 -13 -14 -15 -16 -17 -18 19 -20 -21
leaf_value=6.2371890268509365 9.2605495206405291 0.033778640902522229 1.0341152005528937 4.3791623943375058 0.68495112463134256 1.0825022765487866 0.078830944555693852 0.086088867553266002 8.6930180056435375 -0.35425189200165874 -1.5984237411240854 -1.291619599056369 0.57308726279901834 -0.55073895330635425 -0.076433565987057139 -1.5150801164574594 3.0944055875393581 1.1497582176962877 3.4640310615955876 -0.38225922840048104
leaf_weight=239 737 18513 3171 247 1672 2175 1387 301 262 33854 6159 1680 360 10745 8661 120 678 4982 1295 1944
leaf_count=239 737 18513 3171 247 1672 2175 1387 301 262 33854 6159 1680 360 10745 8661 120 678 4982 1295 1944
internal_value=0.00267173 0.566032 1.36952 -0.250712 0.135558 1.1358 2.85899 6.53739 4.64251 -0.518868 -1.37096 0.0471946 2.94731 -0.153561 0.23417 2.38696 1.37435 1.11826 1.73488 0.718712
internal_weight=99182 30766 12253 68416 28036 6280 2425 1038 861 40380 6526 3855 599 21756 11011 367 2350 11392 4466 6926
internal_count=99182 30766 12253 68416 28036 6280 2425 1038 861 40380 6526 3855 599 21756 11011 367 2350 11392 4466 6926
cat_boundaries=0 2 5 6 9 11 14 16 18 19 21 23 26 28 30
cat_threshold=3256616072 4619 261129 1006620672 2 128 237506 50315295 6 538976832 1088 1984 31 2 8256 64 138420288 64 3221225472 538968576 1024 2048 976896000 6658 46120960 4 67174657 16 1107558400 4608
is_linear=0
shrinkage=0.0711242


Tree=50
num_leaves=21
num_cat=8
split_feature=9 3 2 9 8 8 8 9 9 2 9 9 2 3 2 9 8 3 2 7
split_gain=3.21095e+06 3.08048e+06 1.87754e+06 2.31888e+06 2.83385e+06 1.58204e+06 1.44987e+06 2.66566e+06 1.18444e+06 1.08697e+06 1.0634e+06 951156 768760 1.33192e+06 873472 719870 664070 648768 1.20252e+06 1.60286e+06
threshold=13.855000000000002 0 1 21.995000000000001 2.8500000000000001 1.3500000000000003 3.1500000000000008 29.595000000000002 17.765000000000004 2 3.0050000000000003 3.3950000000000005 3 4 5 9.2750000000000004 2.4500000000000006 6 7 17.445000000000004
decision_type=10 9 1 10 2 2 2 10 10 1 10 8 1 9 1 10 2 9 1 2
left_child=1 5 3 4 -2 10 -5 -8 -4 -7 -1 -11 13 14 -3 -15 17 18 19 -13
right_child=2 12 8 6 -6 9 7 -9 -10 11 -12 16 -14 15 -16 -17 -18 -19 -20 -21
leaf_value=2.6499069395842496 0.40794639805568633 6.2044493174762172 -0.62875593750982861 -0.87771671567526688 5.1668308688464677 -2.0394586402869503 1.9365700908256935 -0.38579362878807633 -2.1632742640239924 5.6856137874553951 0.34239100137467926 8.905160155441882 -0.39899207386527219 -1.9802681654717742 -0.043107965273017808 1.0409492572773711 3.4504125416738045 1.2221237627602708 1.6830105783921854 -2.0091001165634284
leaf_weight=1114 14898 344 8177 17984 661 354 3069 13489 3694 332 10843 300 14078 585 176 1254 1085 5935 1162 88
leaf_count=1114 14898 344 8177 17984 661 354 3069 13489 3694 332 10843 300 14078 585 176 1254 1085 5935 1162 88
internal_value=0.0132287 0.531278 -0.301504 -0.110796 0.610148 1.0973 -0.435568 0.0446608 -1.10535 1.79592 0.557394 1.94856 -0.199751 0.985909 4.12931 0.0793962 1.806 1.5676 2.86393 6.26834
internal_weight=99622 37650 61972 50101 15559 21213 34542 16558 11871 9256 11957 8902 16437 2359 520 1839 8570 7485 1550 388
internal_count=99622 37650 61972 50101 15559 21213 34542 16558 11871 9256 11957 8902 16437 2359 520 1839 8570 7485 1550 388
cat_boundaries=0 2 3 4 5 7 8 10 11
cat_threshold=1073993552 1006628876 166 6 224 2147483776 19 64 1073743424 540676 64
is_linear=0
shrinkage=0.0711242


Tree=51
num_leaves=21
num_cat=12
split_feature=9 1 3 9 1 9 3 1 1 3 9 3 1 9 1 3 9 9 1 9
split_gain=2.95468e+06 2.22359e+06 1.26676e+06 1.35474e+06 1.2194e+06 1.07388e+06 968133 794120 697377 661200 542865 680995 3.36644e+06 511217 628015 509730 504971 396971 496885 489321
threshold=4.495000000000001 0 1 11.895000000000001 2 42.115000000000002 3 4 5 6 14.755000000000001 7 8 42.115000000000002 9 10 26.565000000000001 5.4250000000000007 11 4.495000000000001
decision_type=8 1 9 10 1 10 9 1 1 9 10 9 1 8 1 9 10 10 1 10
left_child=4 2 3 15 -1 6 8 -8 10 -6 11 12 -3 14 -4 -2 -16 18 19 -13
right_child=1 5 13 -5 9 -7 7 -9 -10 -11 -12 17 -14 -15 16 -17 -18 -19 -20 -21
leaf_value=8.2908724057295355 2.6775692580300965 6.9320288412572877 0.6366315377605648 0.38590753526890076 3.8765367633229681 -1.5681504376770421 -0.18639133919063355 -0.91892558793327095 -0.28719401476142337 1.2374551797303948 -0.18675609707597693 9.1359848167649904 -0.10524127586651481 -1.0777046396376344 -0.11522832713653977 1.1753363201783542 -2.2760206587883109 0.2278027065052243 0.34705404959414193 2.5447784884703011
leaf_weight=147 2028 496 6814 10956 613 3531 14524 15479 14990 2277 4126 81 1081 2098 11247 2748 575 4663 373 192
leaf_count=147 2028 496 6814 10956 613 3531 14524 15479 14990 2277 4126 81 1081 2098 11247 2748 575 4663 373 192
internal_value=-0.028137 -0.0972337 0.340093 0.821164 2.15601 -0.365094 -0.289306 -0.564499 0.0284378 1.80877 0.457959 0.844926 2.13812 -0.0251437 0.0933422 1.82132 -0.220155 0.455877 2.10898 4.34365
internal_weight=99039 96002 36466 15732 3037 59536 56005 30003 26002 2890 11012 6886 1577 20734 18636 4776 11822 5309 646 273
internal_count=99039 96002 36466 15732 3037 59536 56005 30003 26002 2890 11012 6886 1577 20734 18636 4776 11822 5309 646 273
cat_boundaries=0 2 4 6 9 11 13 15 17 19 21 23 25
cat_threshold=3225322632 4747 195417 268420192 192 64 2156079008 838856735 6 344005174 2308 570501713 336 2768405778 471863808 1664 268435470 8256 64 2149220480 1 16400 199950336 536936449 16
is_linear=0
shrinkage=0.0711242


Tree=52
num_leaves=21
num_cat=6
split_feature=1 10 1 5 0 5 10 7 10 10 1 10 7 1 1 6 6 7 7 10
split_gain=1.95758e+06 818199 905810 974656 669017 1.05031e+06 774282 586612 620736 539211 409312 824733 536838 1.55808e+06 895616 1.12098e+06 525873 433749 402055 399476
threshold=0 40.82500000000001 1 1.0000000180025095e-35 2 1.0000000180025095e-35 13.005000000000001 16.965000000000003 12.905000000000003 4.5650000000000004 3 27.835000000000004 16.905000000000005 4 5 1.0000000180025095e-35 1.0000000180025095e-35 15.275 21.525000000000002 38.085000000000008
decision_type=1 10 1 2 1 2 8 2 10 8 1 8 2 1 1 2 2 2 2 8
left_child=4 2 3 -2 5 7 -7 -1 -9 -4 11 17 14 16 -12 -16 18 -11 -14 -6
right_child=1 -3 9 -5 19 6 -8 8 -10 10 12 -13 13 -15 15 -17 -18 -19 -20 -21
leaf_value=-0.28486139132000321 -0.26447407843267351 -1.2460030717125663 1.2287700622772599 -1.440874818172263 0.46230587629750924 10.709815961497029 3.1442928792715943 6.0523312348646625 0.87969435809675822 2.7886820863813186 0.067871159645616019 0.051896707019406456 1.1412271204942463 -0.44604260796072998 -1.3201533107783283 0.32471883762962783 2.8241839298485774 0.56457915984476947 -2.4347038571330741 -0.19256710253785797
leaf_weight=1087 12685 3770 1764 4954 27300 78 555 176 352 945 11584 7971 2453 5741 7275 2944 1003 836 170 5695
leaf_count=1087 12685 3770 1764 4954 27300 78 555 176 352 945 11584 7971 2453 5741 7275 2944 1003 836 170 5695
internal_value=0.00464886 -0.229466 -0.165974 -0.594541 0.430367 1.61529 4.07789 0.659902 2.60462 0.0112583 -0.041224 0.360708 -0.167037 0.283235 -0.36056 -0.845455 1.43515 1.74477 0.909393 0.349167
internal_weight=99338 64095 60325 17639 35243 2248 633 1615 528 42686 40922 9752 31170 9367 21803 10219 3626 1781 2623 32995
internal_count=99338 64095 60325 17639 35243 2248 633 1615 528 42686 40922 9752 31170 9367 21803 10219 3626 1781 2623 32995
cat_boundaries=0 2 4 5 6 8 10
cat_threshold=3256747648 4747 138436614 288 1 10522696 604045569 16 268437552 3140
is_linear=0
shrinkage=0.0711242


Tree=53
num_leaves=21
num_cat=3
split_feature=9 9 8 9 9 2 8 9 2 9 9 9 9 11 9 11 2 9 11 9
split_gain=2.45181e+06 1.5285e+06 1.44148e+06 3.21288e+06 1.80666e+06 1.0472e+06 1.01848e+06 1.04719e+06 1.01263e+06 1.26096e+06 797862 794848 647180 584674 687551 567438 524412 521070 483759 460365
threshold=5.9050000000000011 42.115000000000002 2.4500000000000006 28.675000000000004 21.995000000000001 0 1.5500000000000003 15.065000000000003 1 20.085000000000004 15.895000000000001 11.595000000000001 3.3950000000000005 1.0000000180025095e-35 5.9050000000000011 1.0000000180025095e-35 2 32.085000000000008 1.0000000180025095e-35 33.545000000000009
decision_type=8 10 2 8 10 1 2 8 1 10 10 10 10 2 10 2 1 10 2 8
left_child=5 2 4 8 6 -1 11 -8 9 -4 18 13 -7 -2 -15 19 -17 -18 -10 -5
right_child=1 -3 3 15 -6 12 7 -9 10 -11 -12 -13 -14 14 -16 16 17 -19 -20 -21
leaf_value=0.85839271935634454 -0.16692557084022092 -1.2296983492150642 6.4254657484157232 0.69719661613718831 -1.1076280222114063 6.0599874638363298 1.1264602447781904 -0.013428031609382426 1.1349823773635404 1.9291594360666171 0.25463868204309387 -0.59896438343818204 2.3085050626784942 4.2419780160312044 0.55405624827580136 -2.5730304979199898 1.0390662759082074 -1.5306237281771193 3.3608187093702719 -0.25930535908234315
leaf_weight=4772 12575 5577 346 3421 9441 292 6415 11186 1321 3575 3954 17530 1144 272 4254 876 705 920 789 9945
leaf_count=4772 12575 5577 346 3421 9441 292 6415 11186 1321 3575 3954 17530 1144 272 4254 876 705 920 789 9945
internal_value=0.00320971 -0.0880467 -0.0153007 0.430514 -0.202177 1.37177 -0.0385142 0.402028 1.43003 2.32014 0.849223 -0.262418 3.05042 0.082573 0.775768 -0.198477 -1.18173 -0.413234 1.9674 -0.0144876
internal_weight=99310 93102 87525 25852 61673 6208 52232 17601 9985 3921 6064 34631 1436 17101 4526 15867 2501 1625 2110 13366
internal_count=99310 93102 87525 25852 61673 6208 52232 17601 9985 3921 6064 34631 1436 17101 4526 15867 2501 1625 2110 13366
cat_boundaries=0 1 2 3
cat_threshold=24 6 4
is_linear=0
shrinkage=0.0711242


Tree=54
num_leaves=21
num_cat=6
split_feature=9 9 11 9 2 9 2 2 9 4 7 2 9 6 7 7 2 6 2 9
split_gain=2.29244e+06 1.20739e+06 981821 1.01196e+06 640098 615876 1.90826e+06 1.32931e+06 1.28234e+06 1.05281e+06 1.02112e+06 1.54486e+06 1.9896e+06 840529 831875 938765 804622 708079 867895 706169
threshold=7.0150000000000006 41.175000000000004 1.0000000180025095e-35 3.3950000000000005 0 14.865 1 2 7.0150000000000006 4.5000000000000009 17.025000000000002 3 7.0150000000000006 1.0000000180025095e-35 16.065000000000001 13.485000000000001 4 1.0000000180025095e-35 5 21.265000000000004
decision_type=8 10 2 10 1 10 1 1 10 2 2 1 10 2 2 2 1 2 1 10
left_child=2 5 3 -1 -4 7 9 8 -2 19 17 12 -12 -14 15 -10 -16 -9 -19 -7
right_child=1 -3 4 -5 -6 6 -8 10 14 -11 11 -13 13 -15 16 -17 -18 18 -20 -21
leaf_value=2.8221232512359222 -1.3091292780749699 -1.0203740336413893 3.6934095869740342 0.076900194395731133 1.4509716008643383 0.74432040938555677 -1.108991659454555 -0.64572765981412361 1.4521063578293933 -0.56056216586537766 7.8448651395635194 -0.77637885654659711 0.51227454382724635 2.8544502866207409 1.268102826401535 4.1113256846289534 -1.0969908699570705 0.96813987665155565 -0.92410494057507186 0.012082655681171343
leaf_weight=794 1068 6607 840 4698 2927 9694 9082 11770 3213 11312 238 2269 2854 1064 2174 849 1083 3639 1838 21305
leaf_count=794 1068 6607 840 4698 2927 9694 9082 11770 3213 11312 238 2269 2854 1064 2174 849 1083 3639 1838 21305
internal_value=0.0147215 -0.0948437 1.08041 0.473827 1.96474 -0.0215673 -0.174172 0.22307 0.991879 0.0267432 -0.0497203 0.715599 1.52835 1.14838 1.32901 2.00799 0.482191 -0.334855 0.333206 0.241069
internal_weight=99318 90059 9259 5492 3767 83452 51393 32059 8387 42311 23672 6425 4156 3918 7319 4062 3257 17247 5477 30999
internal_count=99318 90059 9259 5492 3767 83452 51393 32059 8387 42311 23672 6425 4156 3918 7319 4062 3257 17247 5477 30999
cat_boundaries=0 1 2 3 4 5 6
cat_threshold=97 166 224 9 160 9
is_linear=0
shrinkage=0.0711242


Tree=55
num_leaves=21
num_cat=15
split_feature=3 1 11 1 6 1 6 3 3 1 6 1 3 1 3 1 3 1 1 6
split_gain=1.68948e+06 1.93134e+06 1.66335e+06 1.04844e+06 906193 887331 895237 703664 670979 3.48554e+06 1.48389e+06 777998 554499 485562 441854 926005 2.15799e+06 448599 418061 584061
threshold=0 1 1.0000000180025095e-35 2 1.0000000180025095e-35 3 1.0000000180025095e-35 4 5 6 1.0000000180025095e-35 7 8 9 10 11 12 13 14 1.0000000180025095e-35
decision_type=9 1 2 1 2 1 2 9 9 1 2 1 9 1 9 1 9 1 1 2
left_child=1 2 12 4 14 6 7 -4 9 10 -3 -10 13 -1 15 16 -2 -16 19 -14
right_child=3 8 5 -5 -6 -7 -8 -9 11 -11 -12 -13 18 -15 17 -17 -18 -19 -20 -21
leaf_value=1.2855863681585702 7.2369117645547556 8.7060946895167906 -0.27181513675863028 -0.52124413476656128 -0.57080881489113156 1.4274922926667402 6.4507098707364525 3.9773887447249177 -0.7931985204398283 -0.052180867718132802 0.3651982968224361 0.10736225134755394 0.86275266701627995 -0.32572854491383202 -1.0257963457524375 0.54459183001881151 -0.56496086117472943 0.29400900574636701 0.43395265516909259 2.7366303881675607
leaf_weight=1165 343 366 320 32005 7053 2921 412 520 8137 3614 153 12001 2896 4844 1540 6090 369 8159 5060 1186
leaf_count=1165 343 366 320 32005 7053 2921 412 520 8137 3614 153 12001 2896 4844 1540 6090 369 8159 5060 1186
internal_value=0.00380946 0.335202 0.865582 -0.256236 0.103925 2.12337 3.70568 2.40289 -0.0872584 0.737129 6.12961 -0.256735 0.519714 -0.0117024 0.39239 0.831338 3.24212 0.0836032 0.868072 1.4038
internal_weight=99154 43595 19324 55559 23554 4173 1252 840 24271 4133 519 20138 15151 6009 16501 6802 712 9699 9142 4082
internal_count=99154 43595 19324 55559 23554 4173 1252 840 24271 4133 519 20138 15151 6009 16501 6802 712 9699 9142 4082
cat_boundaries=0 3 5 7 9 11 14 16 18 20 22 24 26 28 30 32
cat_threshold=257936 536858628 6 1715274377 5659 2149224176 2255 1610613376 4608 109968 20484 1920 4 2 8256 64 146841670 96 192144 134217732 2097280 513 4043313223 1115 64 64 3221225536 27 192 64 1174667393 4624
is_linear=0
shrinkage=0.0711242


Tree=56
num_leaves=21
num_cat=13
split_feature=9 1 9 3 3 1 9 1 3 0 0 1 6 3 1 9 9 1 9 3
split_gain=2.03387e+06 1.44326e+06 1.2064e+06 1.66158e+06 1.03856e+06 886018 829328 971060 1.75654e+06 1.44156e+06 1.34944e+06 752657 915694 614584 545734 1.01405e+06 628612 547722 572071 573244
threshold=4.8950000000000005 0 17.305000000000003 1 2 3 11.495000000000003 4 5 6 7 8 1.0000000180025095e-35 9 10 33.545000000000009 23.985000000000003 11 23.345000000000002 12
decision_type=8 1 10 9 9 1 10 1 9 1 1 1 2 9 1 10 10 1 10 9
left_child=5 2 3 11 6 -1 7 8 10 -10 -3 -2 -13 -9 15 17 -16 -4 -19 -20
right_child=1 4 14 -5 -6 -7 -8 13 9 -11 -12 12 -14 -15 16 -17 -18 18 19 -21
leaf_value=6.2139217234599178 1.1263941124852257 6.0791528228797374 -0.0021510949090502627 1.4042273789738113 -0.55222453827968587 1.3571730967176214 -0.25229123531628861 -0.66823818063341611 1.8976952698367242 -2.9367946995482161 0.047136958440253028 -1.2916665967396874 0.8781068291949089 0.71372843718441803 -0.072670676284486951 -0.26003499218157505 -1.2629508361695048 4.2464932484011317 0.33404513516506257 2.2645391782380391
leaf_weight=193 1781 635 1712 8816 31991 3593 15682 2659 903 464 275 3074 1447 4165 8354 7151 3069 359 1663 1474
leaf_count=193 1781 635 1712 8816 31991 3593 15682 2659 903 464 275 3074 1447 4165 8354 7151 3069 359 1663 1474
internal_value=0.0080928 -0.0558884 0.277804 0.774655 -0.284524 1.62489 0.0611189 0.601223 1.8694 0.247234 4.27679 -0.10813 -0.595883 0.175048 -0.0379243 0.289535 -0.392125 1.04469 1.55288 1.24946
internal_weight=99460 95674 38900 15118 56774 3786 24783 9101 2277 1367 910 6302 4521 6824 23782 12359 11423 5208 3496 3137
internal_count=99460 95674 38900 15118 56774 3786 24783 9101 2277 1367 910 6302 4521 6824 23782 12359 11423 5208 3496 3137
cat_boundaries=0 2 5 8 10 12 14 15 16 18 20 22 23 26
cat_threshold=2151615632 6795 3990814839 1073745759 3 1073829842 666755103 4 192 64 1879056448 64 1073743808 31 24 35 2622480 2187 1073743298 536879135 2149189632 1 524288 168439040 3019602922 1
is_linear=0
shrinkage=0.0711242


Tree=57
num_leaves=21
num_cat=10
split_feature=9 1 3 1 1 3 5 1 3 5 11 9 1 9 9 1 9 9 1 5
split_gain=1.38074e+06 1.8534e+06 1.7506e+06 1.49688e+06 1.40464e+06 1.30968e+06 1.00617e+06 966582 1.18145e+06 1.13744e+06 936519 780216 733865 951540 709554 1.42196e+06 1.57087e+06 1.05325e+06 666549 1.12656e+06
threshold=16.215000000000003 0 1 2 3 4 1.0000000180025095e-35 5 6 1.0000000180025095e-35 1.0000000180025095e-35 9.9350000000000005 7 1.0000000180025095e-35 35.535000000000004 8 26.565000000000001 23.665000000000003 9 1.0000000180025095e-35
decision_type=10 1 9 1 1 9 2 1 9 2 2 10 1 10 10 1 10 10 1 2
left_child=1 2 7 -2 11 10 14 8 -1 -10 12 -4 13 -3 15 16 -5 -17 -7 -20
right_child=3 5 4 6 -6 18 -8 -9 9 -11 -12 -13 -14 -15 -16 17 -18 -19 19 -21
leaf_value=0.58638004376083541 -1.1505354129326668 5.1531840011880874 -4.2991009593836829 2.7862101578169991 1.2331227900267552 0.093187446669900975 -0.60742791519621053 1.4616434220701404 6.7716937752084947 -0.63845205553339979 1.5507466437610486 -0.43322158684253664 -0.43975550360563603 0.56087037495780578 -0.44713005131845951 0.23348409425075095 0.52352495377277575 -1.1889375780308888 -1.1824756092456605 0.39593085321093885
leaf_weight=333 7882 236 330 2025 4345 11633 13274 1361 742 122 3756 1321 4599 6872 8009 11370 6646 3427 7282 3335
leaf_count=333 7882 236 330 2025 4345 11633 13274 1361 742 122 3756 1321 4599 6872 8009 11370 6646 3427 7282 3335
internal_value=0.00174291 0.285188 1.22972 -0.247419 0.562588 0.0706036 -0.0880743 2.78513 4.26516 5.65989 0.573177 -1.19886 0.26002 0.712404 0.130913 0.328184 1.05076 -0.0958904 -0.27877 -0.686023
internal_weight=98900 46267 8554 52633 5996 37713 44751 2558 1197 864 15463 1651 11707 7108 31477 23468 8671 14797 22250 10617
internal_count=98900 46267 8554 52633 5996 37713 44751 2558 1197 864 15463 1651 11707 7108 31477 23468 8671 14797 22250 10617
cat_boundaries=0 2 4 6 8 10 12 14 16 18 20
cat_threshold=562384 2254 3758122944 536895519 1866801609 1616 64 64 1872 1006629440 557120 76 24576 536895488 1711612161 4624 2157086756 261 321151530 1569
is_linear=0
shrinkage=0.0711242


Tree=58
num_leaves=21
num_cat=12
split_feature=3 2 6 7 4 3 3 2 7 10 2 4 3 2 3 2 10 3 10 3
split_gain=1.1036e+06 892094 1.98151e+06 1.42987e+06 818705 695432 625964 488331 3.06764e+06 460113 447781 634084 394844 279418 237479 223358 286284 222070 214036 258822
threshold=0 1 1.0000000180025095e-35 15.575000000000001 4.5000000000000009 2 3 4 8.9950000000000028 42.035000000000004 5 4.5000000000000009 6 7 8 9 16.815000000000001 10 14.115 11
decision_type=9 1 2 2 2 9 9 1 2 10 1 2 9 1 9 1 10 9 10 9
left_child=1 2 3 -1 5 13 -4 8 -7 10 11 -2 -12 -3 -6 16 -8 -11 19 -5
right_child=9 4 6 18 14 7 15 -9 -10 17 12 -13 -14 -15 -16 -17 -18 -19 -20 -21
leaf_value=-1.0936903885539688 0.44020444710076756 -1.18363322076025 1.1795979389191786 2.6891561973406333 -0.92737692862045984 8.6365143820396906 5.6088273404076636 0.62786570296676958 -0.77701754570698645 -0.37823889572921898 -0.5094335885367054 -0.56744549711990577 -0.069868783376651866 0.058212248661325572 -0.13268293021230659 2.3559016457757402 3.0284470638427656 -1.4089114765192052 0.50378602547069817 0.976451757089561
leaf_weight=2643 11755 999 1267 645 3979 270 393 7862 498 2071 19186 4320 22427 9989 3661 810 488 2206 2202 1552
leaf_count=2643 11755 999 1267 645 3979 270 393 7862 498 2071 19186 4320 22427 9989 3661 810 488 2206 2202 1552
internal_value=-0.0183079 0.287549 0.861831 0.2138 0.0766245 0.319903 2.40743 0.797238 2.50048 -0.202226 -0.149486 0.169301 -0.272608 -0.055675 -0.547962 3.3008 4.13305 -0.914038 0.99937 1.49604
internal_weight=99223 37258 10000 7042 27258 19618 2958 8630 768 61965 57688 16075 41613 10988 7640 1691 881 4277 4399 2197
internal_count=99223 37258 10000 7042 27258 19618 2958 8630 768 61965 57688 16075 41613 10988 7640 1691 881 4277 4399 2197
cat_boundaries=0 3 4 6 8 9 10 13 14 17 18 20 22
cat_threshold=180096 251637824 6 9 2048 251441152 16256 4259904 64 36 1859911687 3221227936 1 64 34944 244985856 2 1 244908058 268439205 0 76054528
is_linear=0
shrinkage=0.0711242


Tree=59
num_leaves=21
num_cat=12
split_feature=9 1 9 10 3 9 3 11 1 1 3 3 3 3 9 1 5 9 3 3
split_gain=1.28794e+06 1.12788e+06 863529 787945 693782 658617 847012 666122 595559 573524 572174 470470 448197 444402 370466 485177 356594 421245 355710 344179
threshold=4.8950000000000005 0 43.925000000000004 36.785000000000004 1 13.665000000000001 2 1.0000000180025095e-35 3 4 5 6 7 8 28.375000000000004 9 1.0000000180025095e-35 6.7550000000000008 10 11
decision_type=8 1 10 8 9 10 9 2 1 1 9 9 9 9 10 1 2 8 9 9
left_child=4 13 3 5 -1 6 9 -8 10 -3 -7 -10 -5 14 15 -2 17 -11 -4 -6
right_child=1 2 18 12 19 8 7 -9 11 16 -12 -13 -14 -15 -16 -17 -18 -19 -20 -21
leaf_value=4.1401939708649476 2.0049606009473622 1.1057334238373522 0.22215656525249275 0.23255641492005952 1.4470688638222851 1.0480837176277018 0.8066725973114125 2.2940684147442214 0.30864383259583944 -5.7733001996802598 0.15887668575479977 -0.50905973015272965 -0.71166948515723227 -0.54330976919920249 -0.76583570843075088 -0.014111586565142303 0.59092399570862464 -0.90678193909992588 -1.6496429103368251 -0.057439193348419314
leaf_weight=376 617 1629 720 4312 2320 5936 4172 2399 6538 95 9557 7791 6182 22720 3268 15082 869 1676 1806 1156
leaf_count=376 617 1629 720 4312 2320 5936 4172 2399 6538 95 9557 7791 6182 22720 3268 15082 869 1676 1806 1156
internal_value=-0.00213526 -0.0536354 0.161901 0.225321 1.27289 0.367126 0.841905 1.34768 0.194547 0.0600932 0.500028 -0.136005 -0.324143 -0.33115 -0.0768562 0.0665205 -0.586867 -1.1681 -1.12177 0.948002
internal_weight=99221 95369 53682 51156 3852 40662 10840 6571 29822 4269 15493 14329 10494 41687 18967 15699 2640 1771 2526 3476
internal_count=99221 95369 53682 51156 3852 40662 10840 6571 29822 4269 15493 14329 10494 41687 18967 15699 2640 1771 2526 3476
cat_boundaries=0 2 4 7 9 11 13 15 17 20 22 24 26
cat_threshold=532706055 1140 1744831504 939530752 3197957183 3221233205 1 2149222528 267 2884696 650 689972223 604122545 363506061 105069143 571325851 306226853 2315376560 704634908 6 8388608 4 224407760 167845954 2218404650 117407760
is_linear=0
shrinkage=0.0711242


Tree=60
num_leaves=21
num_cat=13
split_feature=1 3 3 10 1 1 3 3 1 3 6 4 1 4 3 10 3 4 10 3
split_gain=1.0271e+06 793243 661540 456168 420219 355517 350768 350611 521732 1.67047e+06 1.1669e+06 283722 276236 891158 789469 785807 651151 338177 300238 277554
threshold=0 1 2 45.595000000000006 3 4 5 6 7 8 1.0000000180025095e-35 4.5000000000000009 9 4.5000000000000009 10 15.455000000000002 11 4.5000000000000009 12.905000000000003 12
decision_type=1 9 9 10 1 1 9 9 1 9 2 2 1 2 9 8 9 2 8 9
left_child=1 -1 4 5 11 6 -4 8 9 10 -7 -2 13 14 -3 -15 -17 -14 -16 -19
right_child=2 12 3 -5 -6 7 -8 -9 -10 -11 -12 -13 17 15 18 16 -18 19 -20 -21
leaf_value=-0.080553815379256238 0.048578659691110554 -0.87971395111773509 -0.41541234352458545 -1.8147047864670449 0.44009574026530213 5.7592587136459885 0.14626332043336213 -0.61251315122480354 -0.31061577475251262 -1.4266168128872971 -0.96816774319082244 -0.87163294902049815 0.74653450423457957 7.0879845228724179 3.8653538135430114 0.079578213263311437 3.9192495211830369 0.69029409082513271 1.1483979507887987 -0.58373730975968696
leaf_weight=12144 6134 1159 9022 975 12788 460 14900 18041 5292 586 182 2342 9133 190 244 446 450 1441 1311 2132
leaf_count=12144 6134 1159 9022 975 12788 460 14900 18041 5292 586 182 2342 9133 190 244 446 450 1441 1311 2132
internal_value=-0.0033641 0.355821 -0.148902 -0.291523 0.182801 -0.260949 -0.0656541 -0.450951 -0.00364931 1.31096 3.79316 -0.205448 0.67673 1.20929 0.523444 2.93423 2.05281 0.516623 1.56486 -0.0696144
internal_weight=99372 28650 70722 49458 21264 48483 23922 24561 6520 1228 642 8476 16506 3800 2714 1086 896 12706 1555 3573
internal_count=99372 28650 70722 49458 21264 48483 23922 24561 6520 1228 642 8476 16506 3800 2714 1086 896 12706 1555 3573
cat_boundaries=0 2 5 8 10 12 15 17 19 21 23 25 27 29
cat_threshold=2149450880 4747 3620995498 3758131087 3 42802 581816340 6 434165764 2080 1889573433 3328 3632545985 1342187562 1 3254780097 202383370 8256 64 3221225664 10 128 4608 671724628 16844848 673729088 34490480 134902848 38207568
is_linear=0
shrinkage=0.0711242


Tree=61
num_leaves=21
num_cat=10
split_feature=9 1 3 9 1 1 9 1 9 9 9 8 9 11 9 3 1 1 3 1
split_gain=1.20269e+06 1.73885e+06 1.09691e+06 1.14357e+06 1.77548e+06 891789 748806 685742 824599 666347 657278 1.03983e+06 927315 622591 746427 838659 616329 589272 1.25633e+06 745649
threshold=27.055000000000003 0 1 1.0000000180025095e-35 2 3 3.7250000000000005 4 16.215000000000003 45.715000000000011 1.0000000180025095e-35 2.8500000000000001 18.115000000000006 1.0000000180025095e-35 33.545000000000009 5 6 7 8 9
decision_type=10 1 9 10 1 1 8 1 8 10 10 2 10 2 10 9 1 1 9 1
left_child=1 10 3 4 -3 9 -4 -8 17 13 -1 -12 -13 14 15 -2 -15 -9 -19 -20
right_child=5 2 6 -5 -6 -7 7 8 -10 -11 11 12 -14 16 -16 -17 -18 18 19 -21
leaf_value=-0.92431714811946075 2.7751409314005375 7.0834521080186548 2.2097563072255637 0.36129371363524143 -0.51249861899066884 -1.9781452378788271 -0.56956709539497274 0.10645638339685298 -0.31889490265406029 -1.4480692182576682 0.69192751226241633 8.1682374686211734 2.0759780001930257 -0.2004296628960909 -0.27278035402691214 0.27475768290212371 -2.1414133646088422 3.5596285474381846 -1.0408108534214622 1.3196266874034275
leaf_weight=799 875 316 652 17470 303 1773 17456 8046 17293 2396 6039 133 2516 1841 13254 2942 1507 859 1047 1879
leaf_count=799 875 316 652 17470 303 1773 17456 8046 17293 2396 6039 133 2516 1841 13254 2942 1507 859 1047 1879
internal_value=-0.0143972 0.127442 -0.00331722 0.467493 3.47183 -0.445937 -0.18369 -0.217236 -0.0058613 -0.325849 1.02668 1.20729 2.38212 -0.19432 -0.0203913 0.85598 -1.08113 0.451684 1.18213 0.474326
internal_weight=99396 74808 65321 18089 619 24588 47232 46580 29124 22815 9487 8688 2649 20419 17071 3817 3348 11831 3785 2926
internal_count=99396 74808 65321 18089 619 24588 47232 46580 29124 22815 9487 8688 2649 20419 17071 3817 3348 11831 3785 2926
cat_boundaries=0 2 4 6 8 10 12 14 16 18 19
cat_threshold=2157611168 269 198400 67096576 1829045001 5650 2161281060 261 759235329 5136 501219578 201360599 2147616772 256 1375994888 576 3221225664 95 8256
is_linear=0
shrinkage=0.0711242


Tree=62
num_leaves=21
num_cat=7
split_feature=1 1 4 1 1 7 7 1 7 7 7 1 7 7 7 7 4 1 7 8
split_gain=883636 359266 238153 1.28434e+06 522934 923568 322424 277839 709752 1.03673e+06 1.28392e+06 233991 233285 209211 203561 162234 120590 109905 107309 427547
threshold=0 1 4.5000000000000009 2 3 16.965000000000003 15.275 4 13.485000000000001 8.7250000000000032 7.5650000000000004 5 20.925000000000004 21.575000000000003 8.2050000000000018 17.025000000000002 4.5000000000000009 6 17.265000000000004 2.7000000000000006
decision_type=1 1 2 1 1 2 2 1 2 2 2 1 2 2 2 2 2 1 2 2
left_child=1 16 4 15 5 -3 7 8 9 10 -6 18 -13 -7 -12 -4 -1 -14 -2 -20
right_child=11 2 3 -5 6 13 -8 -9 -10 -11 14 12 17 -15 -16 -17 -18 -19 19 -21
leaf_value=-0.6266726857804007 0.30479993349722945 -1.2229253168989878 0.59785633751465039 -0.86188400111666974 -0.23282615228601 0.82444034293138724 -0.22859521634596763 0.18561631952470128 3.9433011958266424 -0.87976095726976178 5.2126560718264718 0.13849063892351482 -1.0903584366578816 -2.4843023187347537 9.5978069532796226 1.8611589894814671 -1.4505679864414884 -0.1802003596920721 1.7854823843845962 0.21751095797732523
leaf_weight=3116 9357 4337 1812 8858 257 1823 9302 10904 365 984 119 39036 1076 102 98 718 1263 1793 1329 2602
leaf_count=3116 9357 4337 1812 8858 257 1823 9302 10904 365 984 119 39036 1076 102 98 718 1263 1793 1329 2602
internal_value=-0.0140975 -0.251594 -0.183988 -0.458674 -0.073482 -0.646439 0.0896423 0.322309 1.13263 0.436575 3.16888 0.175499 0.0929734 0.649015 7.19611 0.952662 -0.862357 -0.526001 0.435483 0.747642
internal_weight=99251 44058 39679 11388 28291 6262 22029 12727 1823 1458 474 55193 41905 1925 217 2530 4379 2869 13288 3931
internal_count=99251 44058 39679 11388 28291 6262 22029 12727 1823 1458 474 55193 41905 1925 217 2530 4379 2869 13288 3931
cat_boundaries=0 2 3 5 7 9 11 13
cat_threshold=499184391 2164 138412032 67109121 16 67109121 16 8192 64 2181562496 9 132168 4610
is_linear=0
shrinkage=0.0711242


Tree=63
num_leaves=21
num_cat=12
split_feature=9 9 1 3 9 3 9 3 1 3 1 4 1 9 1 3 1 9 3 4
split_gain=980365 828075 825595 588855 596624 483116 471245 843863 505178 369295 361916 356897 326986 324561 1.50792e+06 727389 320471 330176 289677 282221
threshold=4.8950000000000005 42.115000000000002 0 1 20.085000000000004 2 15.895000000000001 3 4 5 6 4.5000000000000009 7 4.8950000000000005 8 9 10 19.695000000000004 11 4.5000000000000009
decision_type=8 10 1 9 10 9 8 9 1 9 1 2 1 10 1 9 1 10 9 2
left_child=5 2 6 4 13 10 7 -2 19 -8 -1 -12 -7 14 -4 -16 17 18 -5 -9
right_child=1 -3 3 16 -6 12 9 8 -10 -11 11 -13 -14 -15 15 -17 -18 -19 -20 -21
leaf_value=4.0416155959999971 1.9582078477804061 -0.89390952414930558 -2.1447727833992616 -0.0088147962469427802 -0.40792583981596536 1.5695644094014678 0.55809878856733375 -1.1476075493267801 1.6838592053424308 -0.091787270709732485 0.55362409083807085 3.3346800208241829 -0.14732114514497163 0.2841612217520762 6.9332197643420823 1.6249971793129698 -0.10504383770814077 -1.2416928377752867 -0.6220319860381528 0.77813876482527622
leaf_weight=373 2350 5542 328 6336 7281 877 8098 1246 704 9732 726 344 1529 18044 229 335 21602 2652 10141 557
leaf_count=373 2350 5542 328 6336 7281 877 8098 1246 704 9732 726 344 1529 18044 229 335 21602 2652 10141 557
internal_value=-0.00520508 -0.0502089 0.00195671 -0.123704 0.139191 1.10761 0.372662 0.993895 0.0817987 0.20364 2.1318 1.43452 0.482433 0.349635 1.67393 3.86424 -0.292912 -0.5049 -0.386612 -0.54963
internal_weight=99026 95177 89635 66948 26217 3849 22687 4857 2507 17830 1443 1070 2406 18936 892 564 40731 19129 16477 1803
internal_count=99026 95177 89635 66948 26217 3849 22687 4857 2507 17830 1443 1070 2406 18936 892 564 40731 19129 16477 1803
cat_boundaries=0 2 5 7 9 11 13 15 17 19 21 23 25
cat_threshold=2149189760 907 2424311744 67104838 4 1746117920 942183256 302050704 901707936 128 512 797473663 2148476128 570434120 64 1610613376 5712 283168822 2080 2688 24608768 1812030273 4208 1074004016 1006636817
is_linear=0
shrinkage=0.0711242


Tree=64
num_leaves=21
num_cat=8
split_feature=1 11 1 1 4 11 1 1 7 1 7 1 4 4 4 1 4 4 7 7
split_gain=749894 470948 367698 333610 196253 165662 667083 244401 160261 541737 476820 328426 211352 142663 138227 427202 134063 132850 130381 278836
threshold=0 1.0000000180025095e-35 1 2 4.5000000000000009 1.0000000180025095e-35 3 4 17.575000000000003 5 21.525000000000002 6 4.5000000000000009 4.5000000000000009 4.5000000000000009 7 4.5000000000000009 1.5000000000000002 10.175000000000002 7.9850000000000012
decision_type=1 2 1 1 2 2 1 1 2 1 2 1 2 2 2 1 2 2 2 2
left_child=1 -1 4 13 -3 7 -7 14 11 10 17 12 -8 -2 -5 -16 -11 -10 19 -4
right_child=3 2 18 5 -6 6 8 -9 9 16 -12 -13 -14 -15 15 -17 -18 -19 -20 -21
leaf_value=0.15401631959459453 -0.45990762128325346 1.4117076248210827 0.068906220761611764 -0.23357904067436655 3.5936790501291429 1.0935203461098228 -2.1857579021499656 -0.019369137371999468 1.2997581666349995 0.1616028409952999 -3.1020505775275509 -0.10340217087749799 -0.003135737657819659 -1.3604322016022252 0.61244226343531338 -1.0840277087020596 -1.0528330254661622 3.6102735929501417 0.41980233993406296 1.9527193730392882
leaf_weight=27488 3108 674 693 11173 302 2937 697 30909 187 1500 77 6336 331 1247 962 3358 663 386 5217 932
leaf_count=27488 3108 674 693 11173 302 2937 697 30909 187 1500 77 6336 331 1247 962 3358 663 386 5217 932
internal_value=0.0294667 0.292469 0.779632 -0.115941 2.06596 -0.0719082 0.151289 -0.135003 -0.121594 0.334941 2.11778 -0.296154 -1.46876 -0.71614 -0.365447 -0.707336 -0.209702 2.85655 0.59223 1.14939
internal_weight=99177 35306 7818 63871 976 59516 13114 46402 10177 2813 650 7364 1028 4355 15493 4320 2163 573 6842 1625
internal_count=99177 35306 7818 63871 976 59516 13114 46402 10177 2813 650 7364 1028 4355 15493 4320 2163 573 6842 1625
cat_boundaries=0 2 4 5 7 9 11 13 14
cat_threshold=3256748224 4747 128 512 138412032 25166345 1024 92291848 1056 604045568 16 536936448 16 67109120
is_linear=0
shrinkage=0.0711242


Tree=65
num_leaves=21
num_cat=10
split_feature=9 9 1 9 10 1 1 9 1 1 9 1 9 9 1 2 1 9 1 9
split_gain=941030 770316 716940 652334 500323 450516 399549 635694 361120 348728 383163 304745 423538 408917 329166 297983 291427 228782 570254 497922
threshold=3.3950000000000005 43.155000000000008 0 21.395000000000003 32.545000000000009 1 2 29.595000000000002 3 4 7.8750000000000009 5 14.865 3.7250000000000005 6 7 8 31.465000000000003 9 20.085000000000004
decision_type=8 10 1 10 8 1 1 10 1 1 10 1 10 10 1 1 1 8 1 10
left_child=8 2 4 5 9 -4 7 -5 -1 10 -2 13 16 -7 -14 -15 -13 18 19 -11
right_child=1 -3 3 6 -6 11 -8 -9 -10 17 -12 12 14 15 -16 -17 -18 -19 -20 -21
leaf_value=3.9521097348870282 2.1074007891462796 -0.94200197728550927 -0.99538247456387596 1.0238544571923189 -0.1427362205964321 -1.4173309685146356 -0.93137073631315404 -0.5499899785132939 1.1794125695442184 7.1277243086607207 0.63874615648543343 0.69188425010929577 -0.15834549214880253 3.1512508550156224 -1.081914314122985 0.54714390833578119 0.011240648954431234 -0.070230911334448476 0.22002743358427074 1.3319298428136843
leaf_weight=298 1042 4474 2188 1693 10778 527 7189 5567 1202 78 6529 3731 6052 222 2880 6041 21315 6561 9030 1891
leaf_count=298 1042 4474 2188 1693 10778 527 7189 5567 1202 78 6529 3731 6052 222 2880 6041 21315 6561 9030 1891
internal_value=-0.00322814 -0.0303479 0.0133628 -0.142555 0.262584 -0.00352538 -0.555979 -0.182717 1.76466 0.436518 0.839791 0.049941 -0.0370313 0.484571 -0.457534 0.645398 0.112916 0.262017 0.460443 1.55394
internal_weight=99288 97788 93314 57405 35909 42956 14449 7260 1500 25131 7571 40768 33978 6790 8932 6263 25046 17560 10999 1969
internal_count=99288 97788 93314 57405 35909 42956 14449 7260 1500 25131 7571 40768 33978 6790 8932 6263 25046 17560 10999 1969
cat_boundaries=0 2 3 5 7 9 11 13 14 16 18
cat_threshold=2149551236 5003 138412032 12582944 4 1610621120 5120 2147778688 523 10506288 2052 805314562 112 4 1073741888 64 1181700 256
is_linear=0
shrinkage=0.0711242


Tree=66
num_leaves=21
num_cat=14
split_feature=9 9 1 9 9 1 3 1 9 3 3 1 3 1 1 1 3 1 4 1
split_gain=908933 686687 883336 971972 722051 1.26554e+06 771475 739952 669076 607413 590931 463812 463330 406230 382564 350750 523809 2.60726e+06 1.05623e+06 726854
threshold=3.3950000000000005 38.425000000000004 0 20.605000000000004 29.595000000000002 1 2 3 17.195000000000004 4 5 6 7 8 9 10 11 12 4.5000000000000009 13
decision_type=8 10 1 10 8 1 9 1 10 9 9 1 9 1 1 1 9 1 2 1
left_child=11 2 4 10 5 6 -2 -6 -7 -10 13 -1 -9 -4 -3 -12 17 18 -17 -18
right_child=1 14 3 -5 7 8 -8 12 9 -11 15 -13 -14 -15 -16 16 19 -19 -20 -21
leaf_value=4.6401976550162312 -0.33611883363481165 -1.3929530042674785 0.13529187459517519 -0.69842164889159009 4.9774251346752072 8.2284943479718216 0.78940357122067373 0.34413722646378714 3.1880262045736063 1.1223834218059767 -0.039295098496773755 1.1629039301875184 -0.57723825551251451 -0.56379381446700838 -0.35107936446103338 5.4978557099215539 -0.84008793822511574 0.078234287133181077 -0.071255787746174942 0.51898411517647236
leaf_weight=224 5686 2313 6699 12039 134 77 6705 5114 906 3616 14198 1310 5979 11282 7777 794 2585 2940 220 8545
leaf_count=224 5686 2313 6699 12039 134 77 6705 5114 906 3616 14198 1310 5979 11282 7777 794 2585 2940 220 8545
internal_value=-0.00906423 -0.0360623 0.027992 -0.127877 0.355491 0.648086 0.273069 -0.0869821 1.65427 1.54583 0.0174282 1.70873 -0.152547 -0.303413 -0.591654 0.214476 0.453207 1.1556 4.24778 0.202858
internal_weight=99143 97609 87519 59302 28217 16990 12391 11227 4599 4522 47263 1534 11093 17981 10090 29282 15084 3954 1014 11130
internal_count=99143 97609 87519 59302 28217 16990 12391 11227 4599 4522 47263 1534 11093 17981 10090 29282 15084 3954 1014 11130
cat_boundaries=0 2 4 7 9 12 15 17 19 21 23 25 27 29 31
cat_threshold=2157938852 781 852096 520 3587379399 3222341119 3 128 512 3027239166 150 2 1042063423 3892317482 3 1610621120 4160 4011352301 3355453435 1176523794 2210 9469984 4 2136998656 1056 3221227456 67108885 8256 64 8256 64
is_linear=0
shrinkage=0.0711242


Tree=67
num_leaves=21
num_cat=14
split_feature=9 3 1 1 1 9 1 9 9 1 9 3 1 3 1 3 3 1 3 6
split_gain=749944 899688 788909 687283 571781 513198 705667 909728 555667 704283 502098 534242 456475 430650 415540 417702 384406 380422 1.19881e+06 654454
threshold=19.695000000000004 0 1 2 3 45.715000000000011 4 28.375000000000004 25.465000000000003 5 9.0450000000000017 6 7 8 9 10 11 12 13 1.0000000180025095e-35
decision_type=10 9 1 1 1 10 1 10 10 1 10 9 1 9 1 9 9 1 9 2
left_child=1 4 -2 10 -1 6 7 13 9 -8 11 -3 -10 -4 -12 17 -11 18 19 -16
right_child=2 3 5 -5 -6 -7 8 -9 12 16 14 -13 -14 -15 15 -17 -18 -19 -20 -21
leaf_value=0.85952612563429598 -1.8168880637940068 0.2076464442242518 3.801904370099018 -0.37120495136721193 0.17476896376627804 -1.1902556840708751 2.0771329253034212 0.036924861728595861 -0.44949716540552076 -0.84940870292560411 1.5696959048521082 -2.0572106156801393 -1.4877588556090513 1.1348724826726655 7.1811738135882033 -0.012146715205630081 0.080753022079591077 0.52104804525661852 -0.23401571729629672 0.52075563110937095
leaf_weight=10968 1539 1319 372 18847 14121 2396 738 13012 7646 3098 1515 868 2984 1742 271 6781 8117 2527 445 103
leaf_count=10968 1539 1319 372 18847 14121 2396 738 13012 7646 3098 1515 868 2984 1742 271 6781 8117 2527 445 103
internal_value=-0.0117499 0.154118 -0.241828 -0.0918734 0.474345 -0.180884 -0.116795 0.259085 -0.368508 -0.0359632 0.288809 -0.699757 -0.742785 1.62768 0.474768 0.309099 -0.176725 0.958216 2.28433 5.20822
internal_weight=99409 57765 41644 32676 25089 40105 37709 15126 22583 11953 13829 2187 10630 2114 11642 10127 11215 3346 819 374
internal_count=99409 57765 41644 32676 25089 40105 37709 15126 22583 11953 13829 2187 10630 2114 11642 10127 11215 3346 819 374
cat_boundaries=0 2 4 6 8 10 12 14 16 18 20 22 25 27 29
cat_threshold=2147675968 67097216 604316096 4176 540931314 2285 29233848 4767 2148698116 257 12582944 4 1141440702 939532575 283116576 4 2718958186 671088785 1622048 141 1109393537 536881247 3221487427 2210193416 1 8256 64 1073741952 31
is_linear=0
shrinkage=0.0711242


Tree=68
num_leaves=21
num_cat=4
split_feature=1 1 6 7 7 1 6 7 8 7 1 7 7 7 7 7 11 8 6 8
split_gain=466503 251631 511736 218896 262326 763966 658417 212804 173868 156409 204060 452540 595242 923801 155117 147907 133978 177201 156833 210530
threshold=0 1 1.0000000180025095e-35 21.525000000000002 18.105000000000004 2 1.0000000180025095e-35 19.395000000000003 2.7000000000000006 15.275 3 13.485000000000001 8.7950000000000017 7.5050000000000008 20.475000000000005 20.415000000000003 1.0000000180025095e-35 4.3500000000000005 1.0000000180025095e-35 2.7000000000000006
decision_type=1 1 2 2 2 1 2 2 2 2 1 2 2 2 2 2 2 2 2 2
left_child=3 2 9 4 16 6 7 -6 -5 10 11 12 13 -2 -9 -8 17 18 19 -1
right_child=1 -3 -4 8 5 -7 15 14 -10 -11 -12 -13 -14 -15 -16 -17 -18 -19 -20 -21
leaf_value=-0.64995343487215218 -0.77060123340738851 0.013042117711506217 -0.78587892943048099 -2.3982652976589804 3.1799036286170255 0.20429462038121038 6.8714892846628404 -0.84179731383595235 0.62356026264582964 -0.29986165646231377 -0.016087607034275395 3.0997780043561565 -0.76105020540732038 5.5424571473485544 1.8005580651062927 3.6357981442988936 0.77145827076842088 0.88383999934015589 0.52783397935291787 0.33286733304848898
leaf_weight=2672 238 64038 6671 249 240 1907 168 212 157 6679 7004 358 943 231 239 125 2141 1328 1880 1877
leaf_count=2672 238 64038 6671 249 240 1907 168 212 157 6679 7004 358 943 231 239 125 2141 1328 1880 1877
internal_value=0.00191301 -0.0584112 -0.265145 0.395566 0.447484 1.04351 2.64083 1.46929 -1.22984 -0.0405141 0.156909 0.836799 0.268809 2.33927 0.558551 5.49257 0.27339 0.135912 -0.0185929 -0.244425
internal_weight=99357 86162 22124 13195 12789 2891 984 691 406 15453 8774 1770 1412 469 451 293 9898 7757 6429 4549
internal_count=99357 86162 22124 13195 12789 2891 984 691 406 15453 8774 1770 1412 469 451 293 9898 7757 6429 4549
cat_boundaries=0 2 4 6 8
cat_threshold=2147483776 4617 146825218 356 128 4096 8192 64
is_linear=0
shrinkage=0.0711242


Tree=69
num_leaves=21
num_cat=12
split_feature=9 9 1 9 11 3 1 3 3 9 1 3 1 9 11 3 9 1 3 3
split_gain=648197 521504 1.10462e+06 722153 613922 572075 458008 473400 426595 398972 954827 603835 385958 381468 419674 341441 286537 640392 493231 335826
threshold=3.3950000000000005 34.125000000000007 0 23.665000000000003 1.0000000180025095e-35 1 2 3 4 3.3950000000000005 5 6 7 18.695000000000004 1.0000000180025095e-35 8 27.295000000000005 9 10 11
decision_type=8 10 1 10 2 9 1 9 9 10 1 9 1 8 2 9 8 1 9 9
left_child=12 2 5 6 15 -2 8 -8 -4 10 -9 -12 -1 -10 -15 -3 17 19 -19 -7
right_child=1 4 3 -5 -6 16 7 9 13 -11 11 -13 -14 14 -16 -17 -18 18 -20 -21
leaf_value=3.8575695063581183 -0.040568133438788824 0.11096688611125723 -0.18896023010597252 -0.76893713321819446 -2.3147671216277605 1.3745986344081678 -0.36238940972116285 -1.3009375759951032 1.0226942421383807 0.050725318931357025 6.2429756212376484 1.305013851214663 0.91255378801312093 0.41871412434885541 -1.4871747977173611 -0.57109214702900957 0.47071293727240798 1.0507371439974513 3.7677478115867631 0.1724394813223307
leaf_weight=272 4938 6459 5050 6643 790 2469 19734 350 5393 23305 223 311 1238 4272 677 8723 4789 650 760 2258
leaf_count=272 4938 6459 5050 6643 790 2469 19734 350 5393 23305 223 311 1238 4272 677 8723 4789 650 760 2258
internal_value=0.0125078 -0.0100726 0.0624937 -0.0657002 -0.381817 0.595151 0.013049 -0.103957 0.346782 0.106942 1.59004 3.44464 1.47483 0.608314 0.157976 -0.281222 0.882237 1.2048 2.53159 0.80194
internal_weight=99304 97794 81822 65958 15972 15864 59315 43923 15392 24189 884 534 1510 10342 4949 15182 10926 6137 1410 4727
internal_count=99304 97794 81822 65958 15972 15864 59315 43923 15392 24189 884 534 1510 10342 4949 15182 10926 6137 1410 4727
cat_boundaries=0 2 5 7 10 12 14 16 18 21 23 25 27
cat_threshold=2157611168 773 10158336 3241235274 1 283664 2186 1070211231 3892318180 3 1157664886 1671200792 308289606 32 1073813536 25133056 536937152 4096 687870206 3959498609 1 524448 516 1293988864 915153920 38036624 915318945
is_linear=0
shrinkage=0.0711242


Tree=70
num_leaves=21
num_cat=9
split_feature=10 3 2 4 3 11 11 3 7 8 7 8 3 2 3 4 2 11 3 10
split_gain=542651 506841 427039 1.23743e+06 548319 521047 447713 390819 280375 274998 266837 220941 306086 218892 236950 213535 362520 186234 388493 151084
threshold=39.955000000000005 0 1 4.5000000000000009 2 1.0000000180025095e-35 1.0000000180025095e-35 3 15.635000000000003 1.5500000000000003 18.375000000000004 0.95000000000000007 4 5 6 4.5000000000000009 7 1.0000000180025095e-35 8 21.665000000000003
decision_type=10 9 1 2 9 2 2 9 2 2 2 2 9 1 9 2 1 2 9 8
left_child=1 2 3 4 5 -1 10 -2 -8 -10 -5 12 -3 -13 -15 17 -17 -4 -19 -16
right_child=7 11 15 6 -6 -7 8 -9 9 -11 -12 13 -14 14 19 16 -18 18 -20 -21
leaf_value=0.58209962450061703 -0.09331734772710451 0.10741589631497142 0.19544596025379712 1.1845216196879258 -0.6989486585083583 4.2600614809714052 2.9834909902165276 -1.0865382610463867 4.298612959869816 10.352274840618245 3.8594172581179391 0.14951530363097604 -0.805004264987911 -0.34417741117936423 0.21340150165653585 1.1506579469336946 -0.37602571692548664 -0.076341213318855752 1.3505077458837367 -0.22299931443655646
leaf_weight=936 4287 3219 13463 500 1518 246 123 3768 71 82 303 24075 4400 14678 10463 908 5503 1673 2284 6510
leaf_count=936 4287 3219 13463 500 1518 246 123 3768 71 82 303 24075 4400 14678 10463 908 5503 1673 2284 6510
internal_value=0.000119155 0.049671 0.303918 1.00549 0.194508 1.33652 3.04397 -0.559402 5.51492 7.54712 2.19416 -0.0611854 -0.420429 -0.0120792 -0.134999 0.192287 -0.158578 0.321525 0.750474 0.0459924
internal_weight=99010 90955 27610 3779 2700 1182 1079 8055 276 153 803 63345 7619 55726 31651 23831 6411 17420 3957 16973
internal_count=99010 90955 27610 3779 2700 1182 1079 8055 276 153 803 63345 7619 55726 31651 23831 6411 17420 3957 16973
cat_boundaries=0 3 4 6 9 11 12 15 16 18
cat_threshold=16920352 715890752 2 1 0 682205184 2949152798 1002725012 1 4194598929 2505331200 60 2791145480 3578003840 1 8 32 581443648
is_linear=0
shrinkage=0.0711242


Tree=71
num_leaves=21
num_cat=16
split_feature=10 1 3 3 1 6 1 3 3 1 3 10 1 3 3 0 3 10 3 0
split_gain=418273 480580 502986 311733 342706 405461 709896 401239 349006 278254 261920 252215 254005 358833 336700 745385 231288 207930 180277 190607
threshold=44.605000000000011 0 1 2 3 1.0000000180025095e-35 4 5 6 7 8 37.045000000000009 9 10 11 12 13 21.665000000000003 14 15
decision_type=10 1 9 9 1 2 1 9 9 1 9 10 1 9 9 1 9 8 9 1
left_child=1 2 18 4 8 10 7 -7 -3 16 -6 12 13 -4 15 -14 -5 -16 19 -1
right_child=-2 3 11 9 5 6 -8 -9 -10 -11 -12 -13 14 -15 17 -17 -18 -19 -20 -21
leaf_value=-2.8601532815970923 -0.83222515352723814 -0.61837952503091043 1.7005199608567412 -0.17885570564718942 0.60580332168387319 0.61392633599715019 -0.12244843618418985 2.5386694329562749 0.20084719222165962 -0.14704835122249924 -0.16406012219774421 -0.091581055426448052 6.0749688804881288 0.46687267325154369 0.43592681639527697 0.83557583449074668 -1.0380279861027084 -0.38931308398503567 0.013853823813265866 -0.48520154584048913
leaf_weight=192 3087 5411 2236 2852 3228 962 1888 1335 5106 31711 7212 3049 143 2599 5577 1462 3602 2136 14281 1211
leaf_count=192 3087 5411 2236 2852 3228 962 1888 1335 5106 31711 7212 3049 143 2599 5577 1462 3602 2136 14281 1211
internal_value=-0.017308 0.0088448 0.229375 -0.105733 0.0887065 0.311299 0.902993 1.73878 -0.220834 -0.233814 0.0744042 0.494886 0.621579 1.03974 0.403045 1.33742 -0.659234 0.207118 -0.0619652 -0.828311
internal_weight=99280 96193 32886 63307 25142 14625 4185 2297 10517 38165 10440 17202 14153 4835 9318 1605 6454 7713 15684 1403
internal_count=99280 96193 32886 63307 25142 14625 4185 2297 10517 38165 10440 17202 14153 4835 9318 1605 6454 7713 15684 1403
cat_boundaries=0 2 5 8 10 12 14 16 18 20 22 24 25 26 28 31 32
cat_threshold=2149456584 4619 3754164281 3568350110 1 17044273 180353858 4 140566566 1120 1711341825 272 16778001 166210 0 180318720 1208025089 32 16 11194368 4232 523 2157058 709642240 1988 1 876193794 889192464 0 3221258240 1 32
is_linear=0
shrinkage=0.0711242


Tree=72
num_leaves=21
num_cat=10
split_feature=1 11 1 4 1 1 4 8 1 4 6 1 1 1 4 4 1 1 6 4
split_gain=360971 234665 437538 210058 148000 142187 136865 134633 111657 150035 123702 824443 397816 100023 306144 84217.7 826237 659892 566841 278701
threshold=0 1.0000000180025095e-35 1 4.5000000000000009 2 3 5.5000000000000009 2.4500000000000006 4 4.5000000000000009 1.0000000180025095e-35 5 6 7 4.5000000000000009 3.5000000000000004 8 9 1.0000000180025095e-35 4.5000000000000009
decision_type=1 2 1 2 1 1 2 2 1 2 2 1 1 1 2 2 1 1 2 2
left_child=1 8 5 -4 -5 6 -3 -8 9 -1 12 -12 -10 14 -2 17 18 -15 -17 -18
right_child=13 2 3 4 -6 -7 7 -9 10 -11 11 -13 -14 15 -16 16 19 -19 -20 -21
leaf_value=0.45056170355353115 -0.048935239928766888 1.2748774598489057 0.33507300252440908 -0.06173858111669818 -1.5593345898165893 0.72000182338219121 1.9506469080148354 5.3753323281481293 -0.55362384559818412 -0.15480045339663695 1.2559090890249671 -0.43206542740531123 0.1969593120096374 -0.6181162661490377 -0.74958206028503238 -0.27198990657868377 0.21083424318346 0.14364534537738924 1.1548768216419376 -0.50935010281833493
leaf_weight=7487 11089 1181 3025 760 594 2926 179 86 6092 2863 2491 3522 8608 8840 4409 2033 4068 16431 4584 8192
leaf_count=7487 11089 1181 3025 760 594 2926 179 86 6092 2863 2491 3522 8608 8840 4409 2033 4068 16431 4584 8192
internal_value=0.0179983 0.183816 0.509185 0.005492 -0.730765 1.01135 1.59182 3.06346 0.0922118 0.282834 -0.0031753 0.268588 -0.114343 -0.0927012 -0.248104 -0.0381033 0.0755481 -0.123014 0.715409 -0.270165
internal_weight=99460 39814 8751 4379 1354 4372 1446 265 31063 10350 20713 6013 14700 59646 15498 44148 18877 25271 6617 12260
internal_count=99460 39814 8751 4379 1354 4372 1446 265 31063 10350 20713 6013 14700 59646 15498 44148 18877 25271 6617 12260
cat_boundaries=0 2 4 6 8 10 12 14 16 18 20
cat_threshold=2721710312 7817 2181562504 5640 539099168 2048 136 512 2147483744 137 570425472 4608 570425472 4608 146808836 288 1141178625 16 1141178625 16
is_linear=0
shrinkage=0.0711242


Tree=73
num_leaves=21
num_cat=7
split_feature=9 9 3 8 3 9 8 3 3 8 9 3 8 9 8 8 3 10 3 9
split_gain=531848 507821 279608 301983 273047 266590 343092 350005 290177 266313 239145 233648 209059 340224 527266 241160 209564 201002 312435 294599
threshold=3.0050000000000003 45.715000000000011 0 1.4500000000000002 1 17.655000000000005 1.9500000000000002 2 3 2.1500000000000008 4.0150000000000006 4 1.5500000000000003 23.495000000000001 2.8500000000000001 2.3500000000000001 5 9.2350000000000012 6 8.7050000000000018
decision_type=8 10 9 2 9 10 2 9 9 2 10 9 2 8 2 2 9 8 9 10
left_child=2 4 -1 -4 12 8 -7 -8 9 10 -6 -3 -2 14 16 -15 -14 18 -11 -20
right_child=1 11 3 -5 5 6 7 -9 -10 17 -12 -13 13 15 -16 -17 -18 -19 19 -21
leaf_value=0.28170260050821333 -0.3088542932507658 0.92359672492218126 1.8638381559002593 6.1110874127553823 1.4718706974221163 -0.55725996813400536 -0.33321600238956817 0.32393301899954363 0.041217712987247197 -0.69487921331831692 0.27773788953382317 -1.2864777630109772 -0.15512674950524535 -0.83659920814501643 2.7222832746181904 -0.088554129718925526 0.46842233218923546 0.87169940466540063 7.7712757106891228 2.6412952709441884
leaf_weight=536 18877 268 523 101 923 5491 6417 11316 14560 114 10484 2154 4850 2684 434 11612 6211 1369 72 265
leaf_count=536 18877 268 523 101 923 5491 6417 11316 14560 114 10484 2154 4850 2684 434 11612 6211 1369 72 265
internal_value=-0.00843142 -0.0263346 1.50552 2.51181 -0.000587824 0.111835 -0.0659952 0.0861263 0.260504 0.501476 0.374372 -1.0434 -0.128971 0.00263928 0.290722 -0.229 0.195294 1.30081 2.60295 3.63132
internal_weight=99261 98101 1160 624 95679 51011 23224 17733 27787 13227 11407 2422 44668 25791 11495 14296 11061 1820 451 337
internal_count=99261 98101 1160 624 95679 51011 23224 17733 27787 13227 11407 2422 44668 25791 11495 14296 11061 1820 451 337
cat_boundaries=0 2 5 7 9 11 14 16
cat_threshold=208896 63782912 4107309190 4123027246 1 93440 37621760 2125584 37425152 12416 16777824 2148569088 3787457792 1 256 36700160
is_linear=0
shrinkage=0.0711242


Tree=74
num_leaves=21
num_cat=12
split_feature=9 1 3 1 8 9 11 3 9 1 3 3 1 9 3 1 1 9 3 6
split_gain=538273 1.00146e+06 586374 567463 561431 526785 568638 462975 563713 475318 437921 413808 387010 383217 363635 303333 296483 292034 376766 278910
threshold=17.885000000000002 0 1 2 3.0000000000000004 33.545000000000009 1.0000000180025095e-35 3 4.8950000000000005 4 5 6 7 10.465000000000002 8 9 10 43.535000000000004 11 1.0000000180025095e-35
decision_type=8 1 9 1 2 10 2 9 10 1 9 9 1 10 9 1 1 10 9 2
left_child=1 4 15 5 7 11 17 8 -1 10 -10 -2 13 -9 -5 -3 -13 18 -7 -12
right_child=3 2 -4 14 -6 6 -8 12 9 -11 19 16 -14 -15 -16 -17 -18 -19 -20 -21
leaf_value=7.7026417169445205 -0.0094080946132577298 -0.12170924677271196 -0.23944129499427438 -0.10543573838659061 5.7434601651093704 -0.47982329173179988 -2.1162643951468856 -4.3184259623462689 0.69757062504698308 0.67601439200357361 4.2168244885450674 1.8735241729229002 0.60700994277855547 -0.35137149477990332 -0.63785881357958951 0.50729186007927396 0.59731312691245675 -0.68229881274877935 0.48085808194339663 0.65748168121887296
leaf_weight=70 5510 5654 21671 11971 116 3381 761 149 482 2420 596 1145 4687 709 14199 12341 4755 3283 5273 137
leaf_count=70 5510 5654 21671 11971 116 3381 761 149 482 2420 596 1145 4687 709 14199 12341 4755 3283 5273 137
internal_value=-0.00167338 0.166003 0.00970067 -0.165194 0.827059 0.0837953 -0.231328 0.766245 1.38076 1.26263 2.40554 0.434563 0.352506 -1.02867 -0.394446 0.309703 0.84776 -0.111146 0.105533 3.50393
internal_weight=99310 49032 39666 50278 9366 24108 12698 9250 3705 3635 1215 11410 5545 858 26170 17995 5900 11937 8654 733
internal_count=99310 49032 39666 50278 9366 24108 12698 9250 3705 3635 1215 11410 5545 858 26170 17995 5900 11937 8654 733
cat_boundaries=0 2 4 6 8 10 12 15 16 19 21 23 25
cat_threshold=10015984 2191 1352669040 1072419456 3172113197 5889 3759558090 2550338687 528448 8 2685534216 2550272096 3464967168 3597688686 1 64 717368198 541929335 7 153092864 1056 2231503368 1536 2219302656 66996736
is_linear=0
shrinkage=0.0711242


Tree=75
num_leaves=21
num_cat=5
split_feature=9 10 1 9 8 10 1 9 1 9 9 10 5 1 1 6 9 6 9 8
split_gain=478152 377845 615753 536259 414305 296117 230018 304585 271670 300579 213718 251699 206294 193059 191952 186712 184312 197583 168765 558309
threshold=3.0050000000000003 40.82500000000001 0 15.895000000000001 2.7000000000000006 23.925000000000004 1 32.705000000000005 2 26.125000000000004 7.3950000000000005 32.545000000000009 1.0000000180025095e-35 3 4 1.0000000180025095e-35 18.355000000000004 1.0000000180025095e-35 25.905000000000005 3.3500000000000005
decision_type=8 10 1 8 2 10 1 10 1 8 10 8 2 1 1 2 8 2 10 2
left_child=14 2 3 4 10 18 12 8 9 -8 11 -2 -5 -3 -1 -6 17 -7 19 -4
right_child=1 13 5 6 15 16 7 -9 -10 -11 -12 -13 -14 -15 -16 -17 -18 -19 -20 -21
leaf_value=0.740290783733073 2.0489549138381027 -0.21628116579493575 -0.046014887716138035 -0.033197268802546386 3.099432765677907 -0.61215566118798115 2.2069018198048109 -0.0618895808111255 0.18705817721992532 0.64326973026896328 0.40034113375751906 0.41049249202447918 -0.98101778413769891 -0.97945164595632606 2.6997048351265041 0.16124557758698047 -0.95963081711032661 0.58852939298240181 -0.33996267785663142 1.639486291830508
leaf_weight=765 993 4100 44082 4164 514 1949 842 8711 4367 2379 5961 908 1611 2850 389 139 3196 1076 9354 1017
leaf_count=765 993 4100 44082 4164 514 1949 842 8711 4367 2379 5961 908 1611 2850 389 139 3196 1076 9354 1017
internal_value=-0.00852779 -0.0254405 0.0130574 0.273196 0.752762 -0.118118 0.0883253 0.224933 0.554497 1.04881 0.609765 1.26641 -0.297099 -0.530965 1.43075 2.47411 -0.583001 -0.185064 -0.0650279 -0.00800306
internal_weight=99367 98213 91263 30589 8515 60674 22074 16299 7588 3221 7862 1901 5775 6950 1154 653 6221 3025 54453 45099
internal_count=99367 98213 91263 30589 8515 60674 22074 16299 7588 3221 7862 1901 5775 6950 1154 653 6221 3025 54453 45099
cat_boundaries=0 2 4 6 8 10
cat_threshold=2158926024 779 524352 10 2156005384 513 331776 515 788791297 1552
is_linear=0
shrinkage=0.0711242


Tree=76
num_leaves=21
num_cat=13
split_feature=1 3 3 1 3 4 1 11 1 3 4 11 3 1 4 1 3 3 10 10
split_gain=278547 663646 400881 508206 2.50857e+06 1.20214e+06 481515 328392 522452 529145 395600 318517 286763 296157 253865 494002 541940 258860 216617 203632
threshold=0 1 2 3 4 4.5000000000000009 5 1.0000000180025095e-35 6 7 1.5000000000000002 1.0000000180025095e-35 8 9 3.5000000000000004 10 11 12 26.785000000000004 5.4350000000000014
decision_type=1 9 9 1 9 2 1 2 1 9 2 2 9 1 2 1 9 9 8 10
left_child=1 7 3 4 5 11 -4 -1 9 10 -9 -2 13 -10 15 16 -3 -18 19 -12
right_child=2 14 6 -5 -6 -7 -8 8 12 -11 18 -13 -14 -15 -16 -17 17 -19 -20 -21
leaf_value=0.25840225285701568 4.3013598981739474 -2.1918575186777765 -0.9331046702823248 -0.022705969647226414 -0.69766186296393351 -0.10464335619143249 -0.15908476286557408 0.71313347040417074 -0.57452362079961039 0.90871704609131698 2.3170990394349604 7.7543358101130417 -0.084320437271912366 1.9889319040208187 0.13034324959539048 0.025168375414831443 0.48502188372778293 -0.75970003005462672 2.0332873760363004 6.4865359229669348
leaf_weight=17901 662 1158 4909 19244 1777 323 23523 175 311 1016 76 170 2194 841 11149 8634 1083 3776 117 271
leaf_count=17901 662 1158 4909 19244 1777 323 23523 175 311 1016 76 170 2194 841 11149 8634 1083 3776 117 271
internal_value=0.000581949 0.121994 -0.116258 0.110385 0.981003 3.54736 -0.293009 0.400583 0.910304 1.93989 3.53982 5.00764 0.394039 1.29791 -0.125363 -0.320034 -0.814058 -0.481839 4.68186 5.57416
internal_weight=99310 48702 50608 22176 2932 1155 28432 22902 5001 1655 639 832 3346 1152 25800 14651 6017 4859 464 347
internal_count=99310 48702 50608 22176 2932 1155 28432 22902 5001 1655 639 832 3346 1152 25800 14651 6017 4859 464 347
cat_boundaries=0 2 4 7 9 11 13 15 17 19 21 23 26 28
cat_threshold=3795787400 5777 632547460 532551872 3783268336 2755831391 7 8256 64 3221227456 30 134225984 64 536871560 5632 229380 296620032 537962500 226492416 2162688 129 1644494976 4624 2147484736 3221225478 1 268435457 541122560
is_linear=0
shrinkage=0.0711242


Tree=77
num_leaves=21
num_cat=13
split_feature=10 10 3 3 0 3 3 10 3 2 7 3 10 2 3 5 10 3 3 2
split_gain=380625 241414 442555 265980 253297 205570 179626 138304 187689 245876 390638 173221 171994 130335 420391 157641 268562 136720 134881 149496
threshold=45.07500000000001 11.745000000000003 0 1 2 3 4 37.045000000000009 5 6 17.965000000000003 7 16.445000000000004 8 9 1.0000000180025095e-35 31.575000000000003 10 11 12
decision_type=10 8 9 9 1 9 9 10 9 1 2 9 10 1 9 2 10 9 9 1
left_child=1 2 -1 7 6 -2 -5 8 9 10 -3 -9 -11 14 15 16 -6 -18 19 -15
right_child=5 3 -4 4 13 -7 -8 11 -10 12 -12 -13 -14 18 -16 -17 17 -19 -20 -21
leaf_value=-0.21640354822212435 0.44143127772193202 4.8430465788045352 0.39121623092870628 -0.23003687274683476 0.16346822417703985 -1.1254444644400292 -1.3629127334228768 -0.8492079265793997 0.11032381043283675 -0.28866210244936363 -1.4310299236225317 0.092569683431852345 1.0347393494230739 -1.1429454179970768 -0.91079594836169353 -0.72511460984273157 4.4530356604996317 1.3841066498169436 0.011238828971852686 -0.20275379024859297
leaf_weight=8863 522 171 19163 1386 1008 2208 1470 1598 23612 809 71 2563 1287 1026 3446 464 106 300 24267 5000
leaf_count=8863 522 171 19163 1386 1008 2208 1470 1598 23612 809 71 2563 1287 1026 3446 464 106 300 24267 5000
internal_value=-0.000160564 0.0232429 0.199124 -0.0486287 -0.172515 -0.828345 -0.81588 0.109683 0.170758 0.777272 2.88335 -0.270941 0.521463 -0.12071 -0.444946 0.410156 0.785614 2.32988 -0.0635961 -0.364476
internal_weight=99340 96610 28026 68584 38473 2730 2856 30111 25950 2338 242 4161 2096 35617 5324 1878 1414 406 30293 6026
internal_count=99340 96610 28026 68584 38473 2730 2856 30111 25950 2338 242 4161 2096 35617 5324 1878 1414 406 30293 6026
cat_boundaries=0 3 6 7 10 12 15 16 18 19 21 23 26 27
cat_threshold=3557066179 1711308918 1 4045744067 2894671986 4 8 595732496 591397888 1 81264664 1383367688 769 65536 4 64 822354689 2148073490 80 1202216 1073774733 2048 5 34816 1090519053 3 1
is_linear=0
shrinkage=0.0711242


Tree=78
num_leaves=21
num_cat=14
split_feature=3 1 1 10 1 3 3 3 1 10 10 11 3 10 3 1 3 3 1 11
split_gain=234786 366637 235175 223364 229709 273188 209789 181908 229725 151085 148762 147552 146223 143893 141240 139319 118244 117294 177959 106676
threshold=0 1 2 39.415000000000006 3 4 5 6 7 12.335000000000003 5.8550000000000013 1.0000000180025095e-35 8 13.815000000000003 9 10 11 12 13 1.0000000180025095e-35
decision_type=9 1 1 10 1 9 9 9 1 8 8 2 9 8 9 1 9 9 1 2
left_child=1 7 14 4 5 -4 -6 8 11 17 -7 -1 -5 16 15 -2 -13 18 -9 -16
right_child=2 -3 3 12 6 10 -8 9 -10 -11 -12 13 -14 -15 19 -17 -18 -19 -20 -21
leaf_value=0.89026294024919927 -0.065056633384116075 -0.05897544431411432 -0.1216194741822402 0.040752302922134012 0.23031460503532455 2.8888834267751795 -0.20101205843778672 -1.2308207522051482 0.32773762175967658 0.018724990579271211 0.71432437320740405 1.011178401933819 -0.72889616230274334 1.1454656410503941 -0.24679026341527391 -0.86783670518378153 4.3267750378379599 1.0461027598180455 1.1297794115187454 0.1191744997080111
leaf_weight=2210 1689 20125 2599 2196 10709 165 12183 331 4086 6698 4428 107 2896 350 18223 3145 183 1495 297 5173
leaf_count=2210 1689 20125 2599 2196 10709 165 12183 331 4086 6698 4428 107 2896 350 18223 3145 183 1495 297 5173
internal_value=-0.0031509 0.142215 -0.085424 0.0372922 0.111039 0.461351 0.000777389 0.399052 0.671581 0.184238 0.790776 1.16165 -0.39833 2.11667 -0.238293 -0.588065 3.28812 0.707272 -0.114209 -0.165802
internal_weight=99288 35882 63406 35176 30084 7192 22892 15757 6936 8821 4593 2850 5092 640 28230 4834 290 2123 628 23396
internal_count=99288 35882 63406 35176 30084 7192 22892 15757 6936 8821 4593 2850 5092 640 28230 4834 290 2123 628 23396
cat_boundaries=0 3 5 7 9 12 15 17 19 21 24 26 28 30 31
cat_threshold=161616729 65962177 4 539242136 8093 1561339800 5462 2156662784 521 2185232418 1678801424 1 2214600868 2752592954 3 2232576 46923904 262792 1808 641991686 939547140 67108992 3556777984 3 68165904 260 2228480 33554432 134217809 32768 1552
is_linear=0
shrinkage=0.0711242


Tree=79
num_leaves=21
num_cat=2
split_feature=10 8 10 11 8 8 11 4 10 10 10 4 2 6 10 7 0 7 7 10
split_gain=330812 180664 175731 143041 136127 114753 363835 516813 182427 176810 173641 104897 206260 126385 120096 112111 98105.6 90901.2 106503 123978
threshold=37.555000000000007 0.75000000000000011 4.5650000000000004 1.0000000180025095e-35 4.3500000000000005 1.0500000000000003 1.0000000180025095e-35 2.5000000000000004 11.745000000000003 14.845000000000001 5.995000000000001 3.5000000000000004 0 1.0000000180025095e-35 49.515000000000008 19.575000000000003 1 13.425000000000002 16.905000000000005 7.0050000000000008
decision_type=10 2 8 2 2 2 2 2 10 10 8 2 1 2 10 2 1 2 2 8
left_child=1 -1 -3 4 11 6 9 8 -8 -4 16 -2 13 -13 15 -15 -9 -12 -19 -20
right_child=3 2 5 -5 -6 -7 7 10 -10 -11 17 12 -14 14 -16 -17 -18 18 19 -21
leaf_value=-0.6027284445697888 -0.67306971955733863 0.56273147285089409 -0.25305547352290109 -2.1631815026118018 0.34280215240640005 0.060014143995929657 -0.29658942986955411 4.3373098727302439 -3.8936683146043674 -1.1492662823638147 1.7792609175026426 -0.63968044223739262 -0.50906968214215575 0.84482063411914288 -0.85819422659767108 2.9721732152210794 1.4410310907809998 -0.46542017032771532 4.0602787559990166 0.31761129852000441
leaf_weight=2229 4773 3203 8180 223 1289 70756 954 149 77 1289 505 378 3453 816 174 148 152 284 71 121
leaf_count=2229 4773 3203 8180 223 1289 70756 954 149 77 1289 505 378 3453 816 174 148 152 284 71 121
internal_value=-0.0170333 0.0294169 0.0458513 -0.380121 -0.344058 0.0257925 -0.179722 0.619957 -0.565544 -0.375065 1.57333 -0.434942 -0.206199 0.483807 0.861259 1.17167 3.0675 1.11464 0.409322 1.70284
internal_weight=99224 87970 85741 11254 11031 82538 11782 2313 1031 9469 1282 9742 4969 1516 1138 964 301 981 476 192
internal_count=99224 87970 85741 11254 11031 82538 11782 2313 1031 9469 1282 9742 4969 1516 1138 964 301 981 476 192
cat_boundaries=0 1 2
cat_threshold=9 40
is_linear=0
shrinkage=0.0711242


Tree=80
num_leaves=21
num_cat=16
split_feature=3 1 1 3 1 10 3 3 1 1 3 3 10 1 3 3 1 3 4 11
split_gain=247126 314507 245341 186095 178792 172072 149786 124721 149587 113588 345020 231617 209134 124933 136879 135888 126756 365480 199070 123114
threshold=0 1 2 3 4 42.035000000000004 5 6 7 8 9 10 3.0050000000000003 11 12 13 14 15 4.5000000000000009 1.0000000180025095e-35
decision_type=9 1 1 9 1 10 9 9 1 1 9 9 8 1 9 9 1 9 2 2
left_child=1 9 5 4 -4 6 -2 8 -3 10 -1 -11 -13 14 -14 -15 17 18 -16 -12
right_child=2 7 3 -5 -6 -7 -8 -9 -10 11 19 12 13 15 16 -17 -18 -19 -20 -21
leaf_value=0.031695817737700749 -0.04453129776508262 -0.17677914518891652 0.36295831405637663 0.096314626250609076 -0.6220504654090685 -1.5510333185302243 -0.44307376186261166 -0.15697474351089089 0.54226461024740436 0.50195793488514207 1.040901473836235 3.0584310696643922 -0.22286962160384879 -0.70362521838326886 4.8316549723417879 0.021114553660436401 0.28615172160724273 0.078898153855672309 0.44185183142261331 2.4145938628179215
leaf_weight=2207 8877 2637 1237 27485 3728 536 10328 17140 3273 9073 1555 113 2026 2081 184 3505 2507 428 73 419
leaf_count=2207 8877 2637 1237 27485 3728 536 10328 17140 3273 9073 1555 113 2026 2081 184 3505 2507 428 73 419
internal_value=0.0102578 0.128136 -0.096401 0.0238921 -0.376403 -0.294049 -0.259113 -0.059834 0.221678 0.307338 0.644437 0.236542 0.0156987 -0.0161353 0.233889 -0.24966 0.523589 1.37581 3.45109 1.32586
internal_weight=99412 47221 52191 32450 4965 19741 19205 23050 5910 24171 4181 19990 10917 10804 5218 5586 3192 685 257 1974
internal_count=99412 47221 52191 32450 4965 19741 19205 23050 5910 24171 4181 19990 10917 10804 5218 5586 3192 685 257 1974
cat_boundaries=0 3 5 7 10 12 14 17 19 21 23 25 27 29 31 33 35
cat_threshold=539582427 649768017 4 3809151181 7003 3124766957 112 1073741824 1073741838 1 25822208 129 3406823424 1476399662 2097936 163905 4 71586080 1060 2147483776 513 2687810 111715344 537396034 112854016 16844876 328 2164752 536879104 2118656 65 64 64 1152 17
is_linear=0
shrinkage=0.0711242


Tree=81
num_leaves=21
num_cat=10
split_feature=1 4 1 1 6 1 1 1 11 1 4 8 11 1 1 11 6 8 11 1
split_gain=236245 359298 356478 239745 132125 1.95001e+06 911752 165125 155663 130318 110422 119264 217453 92377.6 91979.7 76203.8 68946.8 66525 66307.1 190518
threshold=0 4.5000000000000009 1 2 1.0000000180025095e-35 3 4 5 1.0000000180025095e-35 6 3.5000000000000004 1.5500000000000003 1.0000000180025095e-35 7 8 1.0000000180025095e-35 1.0000000180025095e-35 1.2500000000000002 1.0000000180025095e-35 9
decision_type=1 2 1 1 2 1 1 1 2 1 2 2 2 1 1 2 2 2 2 1
left_child=1 3 -3 16 6 10 -2 -7 14 -8 -6 -12 -13 -4 -9 -11 -1 -17 -5 -20
right_child=4 2 13 18 5 7 9 8 -10 15 11 12 -14 -15 -16 17 -18 -19 19 -21
leaf_value=-0.47830838181115842 -0.38937838227566834 0.70232856951562117 -0.34815993608399776 0.046968341953005956 -1.3480326174838251 0.042573235099293484 0.51917230233239664 -0.8091180553306635 -1.1538381253321406 0.098913827573633623 1.0807255693508404 1.3270372088130755 3.1257552791839203 -0.76881842374843568 -0.14401458539741666 1.4516215487168429 1.6662240096873357 0.37873760696587716 0.87220898657552937 -0.0024062137507292361
leaf_weight=4691 15408 1230 5021 19934 82 3924 9229 1504 1591 12163 4552 1431 446 5716 3494 324 77 2988 2018 3336
leaf_count=4691 15408 1230 5021 19934 82 3924 9229 1504 1591 12163 4552 1431 446 5716 3494 324 77 2988 2018 3336
internal_value=0.0161512 -0.111845 -0.44146 0.0193569 0.110292 0.276331 0.0398499 -0.322917 -0.540313 0.307595 1.24249 1.27748 1.75456 -0.572615 -0.346076 0.181158 -0.442717 0.483729 0.106614 0.328882
internal_weight=99159 42023 11967 30056 57136 17024 40112 10513 6589 24704 6511 6429 1877 10737 4998 15475 4768 3312 25288 5354
internal_count=99159 42023 11967 30056 57136 17024 40112 10513 6589 24704 6511 6429 1877 10737 4998 15475 4768 3312 25288 5354
cat_boundaries=0 2 3 4 6 8 10 12 14 16 18
cat_threshold=164815651 1444 257 134217985 1711603840 4624 1711603840 4624 2149587968 2048 2147483712 75 180258 292 68 64 26214912 1152
is_linear=0
shrinkage=0.0711242


Tree=82
num_leaves=21
num_cat=19
split_feature=10 1 3 3 1 3 3 1 3 3 1 3 1 1 3 0 3 1 3 3
split_gain=253150 227457 402556 206050 222761 165873 149151 140096 188094 181807 148452 806283 761123 263805 314079 291940 208673 201958 123574 110861
threshold=45.07500000000001 0 1 2 3 4 5 6 7 8 9 10 11 12 13 14 15 16 17 18
decision_type=10 1 9 9 1 9 9 1 9 9 1 9 1 1 9 1 9 1 9 9
left_child=1 2 -1 4 6 -2 -3 9 -9 -5 11 12 18 14 15 -13 17 -12 -10 -15
right_child=5 3 -4 7 -6 -7 -8 8 10 -11 16 13 -14 19 -16 -17 -18 -19 -20 -21
leaf_value=0.46919001415311407 0.38296301022857787 -0.26305783379908054 -0.10441025159002339 -0.36631502254854215 -0.068994928158430585 -0.97649369587117241 -0.85286494358359644 -0.085661520599600249 1.3921080663680319 0.081743385873441904 -0.89208469011893732 4.0711577590594787 0.33384037320302606 -0.11705137923033489 -0.38752840606670019 0.68143207416312845 0.41145161724148299 0.1560070155891351 3.6475275963605851 -1.3890017308917666
leaf_weight=12787 574 5470 11985 7989 18597 2137 3619 10328 198 10718 1511 185 949 645 765 418 6238 2391 746 764
leaf_count=12787 574 5470 11985 7989 18597 2137 3619 10328 198 10718 1511 185 949 645 765 418 6238 2391 746 764
internal_value=-0.013034 0.00604735 0.191746 -0.0582808 -0.210156 -0.690842 -0.498589 0.0376472 0.147298 -0.109698 0.309704 0.641313 1.76961 -0.131432 0.570048 1.77127 0.156495 -0.251107 3.19418 -0.811711
internal_weight=99014 96303 24772 71531 27686 2711 9089 43845 25138 18707 14810 4670 1893 2777 1368 603 10140 3902 944 1409
internal_count=99014 96303 24772 71531 27686 2711 9089 43845 25138 18707 14810 4670 1893 2777 1368 603 10140 3902 944 1409
cat_boundaries=0 2 4 7 9 11 13 15 17 19 21 23 25 27 29 30 32 33 35 37
cat_threshold=2148145289 1545 1680211680 2660118240 1819375623 2030191008 7 675587648 4160 680001574 541888 1282428932 402784416 1566621732 50 2181333000 2257100292 690144 2151940127 536879184 4160 133056 27 8256 64 536870928 4096 276824064 3219456 32 1984 27 33882370 131072 16 17301536 4456512
is_linear=0
shrinkage=0.0711242


Tree=83
num_leaves=21
num_cat=6
split_feature=1 10 1 1 10 1 10 7 1 8 10 7 1 7 4 10 10 10 7 10
split_gain=182270 183798 297415 187814 146250 408273 207633 191980 142626 139411 137635 128905 186031 371655 104765 103048 98640.3 89242.9 89235.1 107500
threshold=0 14.315000000000003 1 2 33.155000000000008 3 27.835000000000004 7.7750000000000012 4 1.1500000000000001 21.665000000000003 8.6550000000000029 5 8.1250000000000018 3.5000000000000004 20.005000000000006 49.515000000000008 10.255000000000001 10.665000000000001 37.045000000000009
decision_type=1 10 1 1 8 1 10 2 1 2 10 2 1 2 2 10 10 10 2 8
left_child=4 3 -3 -2 5 6 7 -1 18 -8 11 12 13 17 15 -9 -4 -7 19 -6
right_child=1 2 16 -5 8 10 9 14 -10 -11 -12 -13 -14 -15 -16 -17 -18 -19 -20 -21
leaf_value=4.0047984758294124 1.1519427239016264 -0.94463060117740272 -0.10624098447015541 0.036263922813090432 -1.3562964184315569 2.8696127162093772 1.9069996157089504 3.7143787309350369 -0.34221697994882549 0.26422308713940579 -0.22269293306700097 0.10938702473660898 0.35478251735808675 5.0385151206052869 0.39781348836164421 1.3975682191831351 -1.3566086223018834 0.16006145689946386 0.35006958936108706 0.075099128119496691
leaf_weight=137 777 2413 26290 25312 371 77 294 108 5747 2346 5321 20087 2881 136 516 961 323 304 3777 932
leaf_count=137 777 2413 26290 25312 371 77 294 108 5747 2346 5321 20087 2881 136 516 961 323 304 3777 932
internal_value=0.0191371 -0.0670358 -0.190185 0.069951 0.127077 0.201195 0.841634 1.45113 -0.0998638 0.447226 0.103885 0.177923 0.583055 1.81291 1.2302 1.63192 -0.121375 0.708196 0.174641 -0.332521
internal_weight=99110 55115 29026 26089 43995 33168 4362 1722 10827 2640 28806 23485 3398 517 1585 1069 26613 381 5080 1303
internal_count=99110 55115 29026 26089 43995 33168 4362 1722 10827 2640 28806 23485 3398 517 1585 1069 26613 381 5080 1303
cat_boundaries=0 2 3 5 7 9 11
cat_threshold=2684848669 5579 1594361088 3145760 16 294920 11 537199121 129 65536 1088
is_linear=0
shrinkage=0.0711242


Tree=84
num_leaves=21
num_cat=9
split_feature=9 2 2 3 9 2 11 9 3 9 2 3 3 9 9 2 9 9 11 9
split_gain=451717 1.53486e+06 1.18035e+06 1.37505e+06 716487 616060 629058 746055 588954 420639 628455 455854 422657 400976 373957 381451 666420 569307 853690 587263
threshold=24.505000000000006 0 1 2 47.595000000000006 3 1.0000000180025095e-35 30.505000000000006 4 32.995000000000012 5 6 7 32.995000000000012 3.3950000000000005 8 17.885000000000002 13.665000000000001 1.0000000180025095e-35 19.565000000000001
decision_type=8 1 1 9 8 1 2 10 9 10 1 9 9 10 10 1 10 10 2 10
left_child=1 -1 3 -2 5 6 7 -4 -9 10 11 -8 -12 -10 -3 17 -17 -16 -19 -20
right_child=2 14 4 -5 -6 -7 9 8 13 -11 12 -13 -14 -15 15 16 -18 18 19 -21
leaf_value=2.3275977586622782 5.1674132989688468 1.1801997069319277 1.519364375368889 0.085527839571383588 -1.29509275488577 -0.90804807220120487 2.1689682072362024 -0.59173885709203988 1.8320756082531255 -2.0273480163847184 -2.7070018889255887 -0.28751887243829938 -0.34424956107100751 0.18924741583776308 1.151407727723017 -0.00086750986281009922 -1.0393989659592417 0.37183616251727025 -0.34203556786925038 -2.42711965714728
leaf_weight=1548 430 1497 1846 706 3197 4730 576 5472 810 1054 698 1097 859 10405 3221 37720 3408 15753 3310 861
leaf_count=1548 430 1497 1846 706 3197 4730 576 5472 810 1054 698 1097 859 10405 3221 37720 3408 15753 3310 861
internal_value=0.0168079 0.121254 -0.203741 2.03768 -0.287137 -0.170258 -0.0169049 0.162638 0.0125434 -0.793654 -0.391036 0.566159 -1.41407 0.307639 0.068957 0.0430839 -0.0869045 0.273988 0.132274 -0.772492
internal_weight=99198 67318 31880 1136 30744 27547 22817 18533 16687 4284 3230 1673 1557 11215 65770 64273 41128 23145 19924 4171
internal_count=99198 67318 31880 1136 30744 27547 22817 18533 16687 4284 3230 1673 1557 11215 65770 64273 41128 23145 19924 4171
cat_boundaries=0 1 2 4 5 8 9 11 13 14
cat_threshold=6 25 252672 1002423296 6 261888 2449457152 3 2 4263648320 1409324434 34339912 1543338280 160
is_linear=0
shrinkage=0.0711242


Tree=85
num_leaves=21
num_cat=11
split_feature=9 2 2 9 3 11 9 3 2 3 3 9 3 3 9 11 9 2 2 8
split_gain=286877 615134 571417 628568 545032 498575 617658 799978 451455 472759 391178 360684 419485 344747 289800 541647 471757 572155 377368 273942
threshold=25.465000000000003 0 1 9.8250000000000011 2 1.0000000180025095e-35 33.545000000000009 3 4 5 6 34.705000000000005 7 8 15.065000000000003 1.0000000180025095e-35 1.0000000180025095e-35 9 10 1.8500000000000003
decision_type=10 1 1 10 9 2 10 9 1 9 9 10 9 9 10 2 10 1 1 2
left_child=2 5 3 -1 -5 6 7 -2 11 -10 -8 12 -7 -4 15 18 17 -17 -15 -18
right_child=1 -3 13 4 -6 8 10 -9 9 -11 -12 -13 -14 14 -16 16 19 -19 -20 -21
leaf_value=-1.2768112212434806 3.265754769578606 -1.0725189950401943 -0.12279060122644619 3.9398819152446674 1.0272298275674427 1.8138148695948086 0.33023550448629752 0.45613245337720731 0.19382294697896596 -2.5409933163523548 -0.39954430974490096 -1.7336269176467025 -0.44562135803150726 -3.0703249963440982 -0.060371522603635555 6.4499421895127274 0.52445318753535375 0.38914036254548356 0.16660890638991896 1.685510782893207
leaf_weight=386 593 3412 30512 467 1100 614 6153 3496 459 1078 9349 571 1238 174 14332 155 5543 166 18031 1262
leaf_count=386 593 3412 30512 467 1100 614 6153 3496 459 1078 9349 571 1238 174 14332 155 5543 166 18031 1262
internal_value=0.0164343 -0.181497 0.0904256 1.28727 1.92713 -0.0519277 0.0951798 0.872756 -0.779819 -1.72835 -0.109927 -0.170256 0.310894 0.0569238 0.195171 0.339831 0.865507 3.52965 0.134061 0.739792
internal_weight=99091 26963 72128 1953 1567 23551 19591 4089 3960 1537 15502 2423 1852 70175 39663 25331 7126 321 18205 6805
internal_count=99091 26963 72128 1953 1567 23551 19591 4089 3960 1537 15502 2423 1852 70175 39663 25331 7126 321 18205 6805
cat_boundaries=0 1 2 4 6 7 9 12 14 17 18 19
cat_threshold=6 4 2455503356 2150670369 2168979711 1043 2 3088335554 2885682180 958398662 2382638713 1 2058490948 1073780052 2146519231 3288368184 3 25 2
is_linear=0
shrinkage=0.0711242


Tree=86
num_leaves=21
num_cat=0
split_feature=9 9 7 9 8 11 9 11 8 8 8 9 8 11 9 7 11 7 9 7
split_gain=338660 282673 198375 165763 356907 501713 361777 655809 340097 324774 299380 719149 723909 431164 417234 464189 289843 325656 277550 277482
threshold=4.8950000000000005 47.595000000000006 20.585000000000004 20.085000000000004 2.3500000000000001 1.0000000180025095e-35 28.675000000000004 1.0000000180025095e-35 2.8500000000000001 4.1000000000000005 1.8500000000000003 5.0750000000000011 2.8500000000000001 1.0000000180025095e-35 4.8950000000000005 17.445000000000004 1.0000000180025095e-35 8.0450000000000017 16.845000000000002 10.825000000000001
decision_type=8 10 2 10 2 2 10 2 2 2 2 10 2 2 10 2 2 2 10 2
left_child=2 3 -1 10 5 -5 8 -8 -6 -9 14 13 -13 -12 15 19 17 -10 -14 -2
right_child=1 -3 -4 4 6 -7 7 9 16 -11 11 12 18 -15 -16 -17 -18 -19 -20 -21
leaf_value=0.54686260614287407 1.7600965680292298 -1.0345779534861699 2.8987752345307425 -0.33067306437930633 -0.081456501291883837 -2.4386488970046853 0.041115303405861434 -0.8300269178440105 5.8923665756394881 -3.0460345574594405 -1.8344796787408948 0.48443969726132319 7.7748235400461221 1.2782212650785965 -0.055766096529177855 3.0140862737796037 0.5438952212281688 1.5681826370811731 2.7756890009499844 -0.51565965113671985
leaf_weight=3588 436 1371 191 11851 2717 600 17811 2248 97 393 1043 9976 71 287 41752 462 2319 954 269 716
leaf_count=3588 436 1371 191 11851 2717 600 17811 2248 97 393 1043 9976 71 287 41752 462 2319 954 269 716
internal_value=0.0054582 -0.0207073 0.665799 -0.00591923 -0.118107 -0.432271 0.029287 -0.113975 0.510634 -1.15988 0.0735941 0.393767 0.594451 -1.16275 -0.0123894 1.10965 0.987986 1.96773 3.82136 0.345718
internal_weight=99152 95373 3779 94002 38990 12451 26539 20452 6087 2641 55012 11646 10316 1330 43366 1614 3370 1051 340 1152
internal_count=99152 95373 3779 94002 38990 12451 26539 20452 6087 2641 55012 11646 10316 1330 43366 1614 3370 1051 340 1152
is_linear=0
shrinkage=0.0711242


Tree=87
num_leaves=21
num_cat=12
split_feature=9 9 3 8 3 3 8 9 2 2 9 3 2 3 9 3 3 2 3 9
split_gain=389995 193533 277467 250910 168030 166839 127020 263783 395715 313589 254924 525715 262568 235303 211560 212900 186272 169008 162087 161131
threshold=46.275000000000013 3.3950000000000005 0 1.2500000000000002 1 2 1.5500000000000003 23.495000000000001 3 4 31.465000000000003 5 6 7 23.495000000000001 8 9 10 11 17.535000000000004
decision_type=10 8 9 2 9 9 2 8 1 1 8 9 1 9 10 9 9 1 9 10
left_child=1 2 -1 -4 -2 -3 10 9 -9 -8 13 12 -12 -7 16 -16 -10 -17 -11 -15
right_child=4 5 3 -5 -6 6 7 8 14 18 11 -13 -14 19 15 17 -18 -19 -20 -21
leaf_value=-0.063258789002148028 0.43400081824617615 0.11141577450708104 1.1586897355868024 4.4230264094688305 -1.2651985491187943 -0.63907396356928869 1.7807253516104291 3.5726141716382784 -0.019126568765345547 -0.10052198137678206 5.1645513580098248 -0.70764664398438981 0.89396831398436183 -0.012475909673425701 -0.46005181017456992 0.24163042387234843 -2.20798945133452 -0.52499042073551527 0.39663573318194761 -0.67763605435816465
leaf_weight=815 356 44220 514 155 1680 5749 631 131 340 6098 165 367 152 13164 6459 6843 478 1837 7262 2142
leaf_count=815 356 44220 514 155 1680 5749 631 131 340 6098 165 367 152 13164 6459 6843 478 1837 7262 2142
internal_value=0.00206619 0.0224064 0.828407 1.88727 -0.972165 0.00995116 -0.0766426 0.0180102 -0.178408 0.243868 -0.207643 1.14357 3.20755 -0.251544 -0.211328 -0.151258 -1.32552 0.0789647 0.16981 -0.105496
internal_weight=99558 97522 1484 669 2036 96038 51818 30079 16088 13991 21739 684 317 21055 15957 15139 818 8680 13360 15306
internal_count=99558 97522 1484 669 2036 96038 51818 30079 16088 13991 21739 684 317 21055 15957 15139 818 8680 13360 15306
cat_boundaries=0 2 4 7 8 9 11 12 15 17 19 20 23
cat_threshold=21120 125689856 2232448 134230592 162351995 277656013 6 1 6 168064 796066848 9 536879236 3758227504 1 2215818240 91439104 638726276 4276272 134 34771968 1668285440 1
is_linear=0
shrinkage=0.0711242


Tree=88
num_leaves=21
num_cat=9
split_feature=10 1 10 1 11 10 11 1 7 1 10 7 7 1 7 1 1 1 10 1
split_gain=188262 328262 260646 312721 264613 235645 199913 420914 165894 181208 200384 159524 203440 142413 136460 225621 168300 133457 128715 150028
threshold=36.785000000000004 0 14.315000000000003 1 1.0000000180025095e-35 23.425000000000004 1.0000000180025095e-35 2 15.825000000000001 3 10.055000000000001 8.6550000000000029 10.615 4 17.145000000000003 5 6 7 15.555000000000001 8
decision_type=10 1 8 1 2 10 2 1 2 1 10 2 2 1 2 1 1 1 10 1
left_child=1 14 6 -4 5 11 -3 8 -8 10 -10 -5 -13 -2 15 -1 -16 -7 -6 -20
right_child=13 2 3 4 18 17 7 -9 9 -11 -12 12 -14 -15 16 -17 -18 -19 19 -21
leaf_value=1.062372196041361 0.018706383206336483 -0.0343474308516993 -0.76624402895393628 0.71146566787453169 0.04764926262508052 0.12160897887007763 0.58219067419149995 0.0050826840970989674 4.2886272659246742 0.94095368947918634 1.4113464066752555 -0.59493823310754745 0.16079286087762956 -0.4765222696125484 -0.82124414792880074 0.26650689957691021 0.14778317756840564 -0.56899274018591972 -0.44097860717895404 -1.412316293604527
leaf_weight=2104 4876 23995 4377 2081 1111 1998 2001 6291 227 862 266 2134 11577 7396 1058 12409 5989 4853 2038 1355
leaf_count=2104 4876 23995 4377 2081 1111 1998 2001 6291 227 862 266 2134 11577 7396 1058 12409 5989 4853 2038 1355
internal_value=-0.0193928 0.0175024 -0.0620965 -0.20905 -0.118883 -0.0198901 0.0755869 0.349025 0.990778 1.60139 2.68231 0.131236 0.0431667 -0.280129 0.258002 0.382808 0.00133428 -0.368242 -0.616808 -0.834372
internal_weight=98998 86726 65166 31524 27147 22643 33642 9647 3356 1355 493 15792 13711 12272 21560 14513 7047 6851 4504 3393
internal_count=98998 86726 65166 31524 27147 22643 33642 9647 3356 1355 493 15792 13711 12272 21560 14513 7047 6851 4504 3393
cat_boundaries=0 2 4 6 8 10 12 13 15 17
cat_threshold=2156367948 651 1594361603 1024 1161841280 4144 1073758336 16 331776 1 72 512 32832 2099200 16 6293536 4448
is_linear=0
shrinkage=0.0711242


Tree=89
num_leaves=21
num_cat=11
split_feature=9 1 3 9 8 3 1 3 3 1 9 3 6 3 9 1 9 11 3 7
split_gain=301698 270965 478686 417444 655901 685015 458513 321481 320048 272262 613779 841661 427157 294816 266615 255277 247687 265744 239641 233128
threshold=42.785000000000004 0 1 27.055000000000003 3.0000000000000004 2 3 4 5 6 14.355000000000002 7 1.0000000180025095e-35 8 10.355000000000002 9 21.265000000000004 1.0000000180025095e-35 10 17.205000000000002
decision_type=10 1 9 8 2 9 1 9 9 1 8 9 2 9 10 1 10 2 9 2
left_child=1 2 -1 4 8 -6 19 -8 9 10 11 14 -13 -11 -3 -9 -7 -18 -19 -5
right_child=-2 3 -4 6 5 16 7 15 -10 13 -12 12 -14 -15 -16 -17 17 18 -20 -21
leaf_value=0.44363764795921173 -0.54684556993392353 -4.191661972143387 -0.078942150075742124 0.50064452000088477 4.7729606356834706 2.7850240082719129 -1.0884564320707377 0.035274581750558254 -0.17118573415593791 0.52025578831508434 0.20740046174251112 3.6097942044775646 -0.68975802587171875 -0.25157805833447755 0.17919447677070274 -1.1030157723610916 2.0128141582345163 -1.9163543961392575 0.71516100563141527 3.6956776767581587
leaf_weight=17976 4811 84 17489 336 255 248 3930 4092 29228 3647 5633 870 135 7926 440 1308 307 314 374 176
leaf_count=17976 4811 84 17489 336 255 248 3930 4092 29228 3647 5633 870 135 7926 440 1308 307 314 374 176
internal_value=0.00260503 0.030499 0.185987 -0.0625083 0.0216575 1.48717 -0.485543 -0.599329 -0.0241166 0.205304 0.549681 1.81419 3.00236 -0.00810869 -0.512282 -0.241987 0.768229 0.273069 -0.503397 1.56875
internal_weight=99579 94768 35465 59303 49461 1498 9842 9330 47963 18735 7162 1529 1005 11573 524 5400 1243 995 688 512
internal_count=99579 94768 35465 59303 49461 1498 9842 9330 47963 18735 7162 1529 1005 11573 524 5400 1243 995 688 512
cat_boundaries=0 2 4 7 9 12 14 16 18 20 22 25
cat_threshold=2689010340 6019 396044590 984480800 542900544 2151710758 2 1191182601 16 363002673 1312509958 3 2308441873 3297777375 536658 2120 160956432 76550656 2147483665 2224034304 412131392 68 1141100032 127877248 1
is_linear=0
shrinkage=0.0711242


Tree=90
num_leaves=21
num_cat=8
split_feature=9 1 1 9 6 1 1 9 9 9 1 9 1 1 9 9 6 1 6 10
split_gain=261118 478296 422920 422035 269227 1.29327e+06 532233 295183 250427 246410 277083 195500 428839 403721 339303 311583 356626 317704 259492 236515
threshold=23.665000000000003 0 1 29.905000000000005 1.0000000180025095e-35 2 3 1.0000000180025095e-35 3.0050000000000003 4.8950000000000005 4 9.1550000000000029 5 6 13.265000000000002 7.8750000000000009 1.0000000180025095e-35 7 1.0000000180025095e-35 9.7350000000000012
decision_type=10 1 1 10 2 1 1 10 10 8 1 10 1 1 10 10 2 1 2 10
left_child=1 9 3 -2 6 7 8 -6 -3 10 -1 13 -13 15 -14 16 -11 -17 -15 -18
right_child=2 4 -4 -5 5 -7 -8 -9 -10 11 -12 12 14 18 -16 17 19 -19 -20 -21
leaf_value=0.68114181296939003 0.59836191476433109 0.62972038790701323 -0.70395619555553857 -0.17659367096404607 3.7883915717927508 -0.51484436022700253 0.13181728181067839 0.86448726388172936 -0.54727442539513027 0.10306538028150501 4.041014773909466 2.3384513583047184 0.89832886386175392 -0.73506203987851948 0.17594735522732488 -1.5366506148382064 4.6786556269893724 2.6268863889548824 -3.2909939974158777 1.395284505175062
leaf_weight=425 4303 975 6070 20446 180 6177 13785 5809 14712 1143 174 528 4008 821 18339 620 153 100 266 404
leaf_count=425 4303 975 6070 20446 180 6177 13785 5809 14712 1143 174 528 4008 821 18339 620 153 100 266 404
internal_value=-0.000511563 0.0767293 -0.172489 -0.041837 -0.0744415 0.207029 -0.190658 0.950832 -0.473815 0.309933 1.7364 0.277657 0.353467 -0.216819 0.305375 0.295807 0.822237 -0.942992 -1.34834 2.29777
internal_weight=99438 68619 30819 24749 41638 12166 29472 5989 15687 26981 599 26382 22875 3507 22347 2420 1700 720 1087 557
internal_count=99438 68619 30819 24749 41638 12166 29472 5989 15687 26981 599 26382 22875 3507 22347 2420 1700 720 1087 557
cat_boundaries=0 2 4 6 8 10 12 14 16
cat_threshold=1085853938 2703 2161282084 261 637862145 4112 772081921 4368 1073741824 512 9437184 1 1076363394 518 1073741952 512
is_linear=0
shrinkage=0.0711242


Tree=91
num_leaves=21
num_cat=8
split_feature=9 1 11 1 9 1 1 4 7 6 1 1 7 9 9 1 9 7 1 9
split_gain=263922 490630 521635 512942 531604 406052 366223 455802 487143 404762 1.29661e+06 460362 847193 425426 333535 334382 330222 321261 315587 523298
threshold=15.895000000000001 0 1.0000000180025095e-35 1 28.675000000000004 2 3 4.5000000000000009 17.655000000000005 1.0000000180025095e-35 4 5 16.305000000000003 1.0000000180025095e-35 40.035000000000004 6 9.2750000000000004 21.525000000000002 7 9.1550000000000029
decision_type=10 1 2 1 10 1 1 2 2 2 1 1 2 10 10 1 8 2 1 8
left_child=5 -2 14 4 -4 -1 7 8 -7 11 13 12 16 -11 15 -3 -8 -14 19 -10
right_child=1 2 3 -5 -6 6 9 -9 18 10 -12 -13 17 -15 -16 -17 -18 -19 -20 -21
leaf_value=-2.1762749036107181 -0.78913352071838794 0.49714311506250375 0.50733610237567095 -1.268781361017606 -0.91469428040701539 1.5500007804220524 -1.4901389544285657 -0.55793440792796756 -6.64697335792071 3.7720874832739102 -0.55743080109372412 0.21755955594358534 0.42972772994885189 0.89045085397159784 -0.3504391321978243 0.0090698872492234461 -0.52303195938380298 -2.1780578328817835 0.77945577245171871 -0.47762044076113108
leaf_weight=375 4875 10413 2990 3137 2395 2916 2537 1182 81 269 4325 13363 5378 7038 7895 22290 6034 250 926 489
leaf_count=375 4875 10413 2990 3137 2395 2916 2537 1182 81 269 4325 13363 5378 7038 7895 22290 6034 250 926 489
internal_value=-0.0032298 -0.109352 -0.0417154 -0.547608 -0.12489 0.123645 0.14336 0.681193 1.01471 0.066442 0.41829 -0.082025 -0.363868 0.995217 0.064468 0.164634 -0.809306 0.313856 -0.0287046 -1.33184
internal_weight=99158 53995 49120 8522 5385 45163 44788 5594 4412 39194 11632 27562 14199 7307 40598 32703 8571 5628 1496 570
internal_count=99158 53995 49120 8522 5385 45163 44788 5594 4412 39194 11632 27562 14199 7307 40598 32703 8571 5628 1496 570
cat_boundaries=0 2 4 6 8 10 12 14 16
cat_threshold=1325670857 1600 2161264676 2340 2160068612 256 525408 2254 1711608193 4624 1845690753 4112 2148669988 261 64 64
is_linear=0
shrinkage=0.0711242


Tree=92
num_leaves=21
num_cat=5
split_feature=1 10 1 7 9 10 7 1 9 9 6 1 1 7 7 11 9 7 9 9
split_gain=253507 195815 206960 180827 357717 287209 270375 180919 662255 143960 310919 762880 687945 534865 380450 350029 323474 298295 284157 277244
threshold=0 36.785000000000004 1 15.275 10.145000000000001 27.035000000000004 9.4450000000000021 2 10.145000000000001 21.845000000000002 1.0000000180025095e-35 3 4 16.965000000000003 21.475000000000005 1.0000000180025095e-35 9.2750000000000004 16.365000000000006 21.125000000000004 4.2650000000000006
decision_type=1 10 1 2 10 8 2 1 8 10 2 1 1 2 2 2 8 2 8 10
left_child=-1 2 3 4 5 6 -2 8 -5 10 11 13 17 16 15 -15 19 -12 -19 -4
right_child=1 -3 9 7 -6 -7 -8 -9 -10 -11 12 -13 -14 14 -16 -17 -18 18 -20 -21
leaf_value=-0.19734543191128437 1.3295959300617042 -0.18545210380070279 1.0846467709322372 -6.6172283808204853 0.42508867580641119 1.1980223758292661 5.9141358487992166 0.29935187818525805 -0.12769161196459969 -0.083137996261231459 0.63224130057223915 0.38341108274188446 -0.17964987618771133 0.16412544633075757 -1.8464437008722709 1.8974237929735531 -0.48591766294350458 1.5297472342299849 5.4950012393683743 -1.9169642736657078
leaf_weight=22129 115 12227 174 91 4245 742 150 3350 628 19470 3534 14225 4268 2792 377 747 6618 1890 96 1473
leaf_count=22129 115 12227 174 91 4245 742 150 3350 628 19470 3534 14225 4268 2792 377 747 6618 1890 96 1473
internal_value=0.0148335 0.07566 0.1248 0.434798 0.711 1.91612 3.92572 0.0793543 -0.936716 0.0727992 0.156703 0.0297861 0.499096 -0.383178 0.301199 0.530022 -0.707903 1.02236 1.72165 -1.59981
internal_weight=99341 77212 64985 9321 5252 1007 265 4069 719 55664 36194 26406 9788 12181 3916 3539 8265 5520 1986 1647
internal_count=99341 77212 64985 9321 5252 1007 265 4069 719 55664 36194 26406 9788 12181 3916 3539 8265 5520 1986 1647
cat_boundaries=0 2 4 5 7 9
cat_threshold=1207984930 1028 2155905096 520 64 641927297 4368 638910593 6161
is_linear=0
shrinkage=0.0711242


Tree=93
num_leaves=21
num_cat=15
split_feature=1 3 3 1 5 3 3 1 10 1 3 1 5 3 5 3 3 1 3 10
split_gain=165627 462970 297256 220617 410279 342704 234803 219451 211808 386262 196980 158219 416241 300543 232126 218677 204277 210407 238009 219713
threshold=0 1 2 3 1.0000000180025095e-35 4 5 6 12.625000000000002 7 8 9 1.0000000180025095e-35 10 1.0000000180025095e-35 11 12 13 14 18.045000000000005
decision_type=1 9 9 1 2 9 9 1 10 1 9 1 2 9 2 9 9 1 9 8
left_child=1 -1 3 4 5 8 -6 -8 9 -2 -5 12 13 -4 16 -14 17 18 -13 -20
right_child=2 -3 11 10 6 -7 7 -9 -10 -11 -12 14 15 -15 -16 -17 -18 -19 19 -21
leaf_value=-0.1563792321774056 4.600236455235609 0.32960070220038395 -1.1603772388622347 -0.42949541403310648 0.22785834362451565 -0.32458566770803227 0.069392527436725485 1.7084265843189259 0.030291373717300837 0.7544429304837591 0.096805795678811743 -0.22053968476264771 0.91953941639879455 -0.34895529786197821 -0.5141590738479469 -0.20007196452443526 -0.16427973546859109 0.24647235464404221 5.1321187585062171 1.573566151401929
leaf_weight=18739 133 21043 3833 6005 1660 5762 545 1832 2249 1986 8946 226 1375 5862 4834 2427 7417 4103 131 266
leaf_count=18739 133 21043 3833 6005 1660 5762 545 1832 2249 1986 8946 226 1375 5862 4834 2427 7417 4103 131 266
internal_value=-0.0116664 0.100702 -0.0866829 0.0758184 0.276848 0.0354154 0.883344 1.33451 0.50988 1.02127 -0.114728 -0.241927 -0.423665 -0.671322 -0.0972769 0.206741 0.0686018 0.433514 1.64179 2.68115
internal_weight=99374 39782 59592 29118 14167 10130 4037 2377 4368 2119 14951 30474 13497 9695 16977 3802 12143 4726 623 397
internal_count=99374 39782 59592 29118 14167 10130 4037 2377 4368 2119 14951 30474 13497 9695 16977 3802 12143 4726 623 397
cat_boundaries=0 2 5 8 10 12 14 15 17 19 21 24 26 29 31 33
cat_threshold=2150336604 7561 1446298624 1065349384 1 1534510104 802994432 4 1984168354 528 16 769437696 23462920 79955968 272629762 128 16 402653200 751874048 1715732897 528 545326054 2147484196 3 8987425 2097700 2147488710 2147565702 3 8192 64 6 2147565696
is_linear=0
shrinkage=0.0711242


Tree=94
num_leaves=21
num_cat=14
split_feature=9 8 1 3 3 9 1 6 1 3 3 3 1 9 1 3 5 3 1 3
split_gain=178548 644571 524441 1.12213e+06 403288 449847 318194 546294 554606 597170 468474 458038 313554 312924 296412 281543 231803 308020 474089 253487
threshold=20.605000000000004 2.8500000000000001 0 1 2 47.595000000000006 3 1.0000000180025095e-35 4 5 6 7 8 27.815000000000001 9 10 1.0000000180025095e-35 11 12 13
decision_type=8 2 1 9 9 8 1 2 1 9 9 9 1 10 1 9 2 9 1 9
left_child=1 6 3 -2 -4 12 10 11 9 -9 -1 -8 13 -6 -13 -10 17 18 -12 -18
right_child=2 -3 4 -5 5 -7 7 8 15 -11 16 14 -14 -15 -16 -17 19 -19 -20 -21
leaf_value=-0.12571120627766397 -0.98422338250591479 2.9611756032372227 -0.47300892830879443 4.0278085005085895 1.4557303531167582 -0.90874454545303673 0.067526921571493731 -0.024164917506210686 0.36174719597422572 1.5381209019167095 2.4582601455636857 -0.85834740675228005 -0.14958145772532749 0.23467817720317144 -0.18564524220198669 -0.64140856772245314 -0.7151245718027146 0.4408338276969439 0.64399563411564797 0.6363598459728067
leaf_weight=8352 438 390 13263 454 1174 2489 12350 2109 2896 3004 1148 6878 13032 11093 6422 2750 1319 6159 2032 1478
leaf_count=8352 438 390 13263 454 1174 2489 12350 2109 2896 3004 1148 6878 13032 11093 6422 2750 1319 6159 2032 1478
internal_value=-0.00175892 0.0798758 -0.113258 1.58326 -0.150474 0.00358514 0.0601214 -0.0660662 0.359301 0.894933 0.284261 -0.244515 0.0933475 0.351261 -0.533915 -0.127133 0.566274 0.736851 1.30466 -0.00125239
internal_weight=99230 57287 41943 892 41051 27788 56897 36409 10759 5113 20488 25650 25299 12267 13300 5646 12136 9339 3180 2797
internal_count=99230 57287 41943 892 41051 27788 56897 36409 10759 5113 20488 25650 25299 12267 13300 5646 12136 9339 3180 2797
cat_boundaries=0 2 4 7 9 11 14 16 18 20 22 25 28 30 32
cat_threshold=621019785 5632 2937586044 1073744895 2148007681 332951556 1 554074 2730 1644494977 4096 3323027336 71323031 1 944832512 1879031840 2641574402 1038839816 2152892420 261 1107624321 4112 1252392504 385518089 1 1073743811 2147486166 1 8256 2088 1092899670 2147487126
is_linear=0
shrinkage=0.0711242


Tree=95
num_leaves=21
num_cat=18
split_feature=3 1 1 3 3 1 3 1 5 1 3 1 7 3 1 1 3 3 3 3
split_gain=172338 244899 182306 358002 131999 161288 118455 349400 138081 107526 202925 159907 284479 128991 109352 106888 279425 96928.1 88775.6 78693.9
threshold=0 1 2 3 4 5 6 7 1.0000000180025095e-35 8 9 10 8.7250000000000032 11 12 13 14 15 16 17
decision_type=9 1 1 9 9 1 9 1 2 1 9 1 2 9 1 1 9 9 9 9
left_child=1 -1 3 -2 5 17 7 -5 -9 10 11 12 -6 14 -11 16 -8 -4 -17 -3
right_child=2 19 4 6 9 -7 15 8 -10 13 -12 -13 -14 -15 -16 18 -18 -19 -20 -21
leaf_value=-0.33933537443295514 -0.06375199520633161 0.17795812265492128 -0.32995969791432678 2.3800251037694409 3.8833879309436599 0.32508188970204865 -0.0027772943425962444 -0.062093067837515274 1.5238822908537202 -0.17082948235179582 -0.19812393839204681 0.2784239841945248 0.59359939422604757 -0.051181530406088749 -0.79403219107245637 0.70713782273381909 1.8410546674570698 0.13253418214083931 0.094361935038819553 -0.085009243566023476
leaf_weight=13772 7716 10930 4099 681 184 11695 807 946 393 2954 4970 3296 479 10110 2775 1796 859 5177 3573 12142
leaf_count=13772 7716 10930 4099 681 184 11695 807 946 393 2954 4970 3296 479 10110 2775 1796 859 5177 3573 12142
internal_value=0.0198956 -0.102103 0.0918045 0.292326 0.0182314 0.149503 0.595483 1.07635 0.400473 -0.092932 0.104383 0.483679 1.48461 -0.204161 -0.47356 0.456067 0.953272 -0.071975 0.300285 0.0395907
internal_weight=99354 36844 62510 16771 45739 20971 9055 2020 1339 24768 8929 3959 663 15839 5729 7035 1666 9276 5369 23072
internal_count=99354 36844 62510 16771 45739 20971 9055 2020 1339 24768 8929 3959 663 15839 5729 7035 1666 9276 5369 23072
cat_boundaries=0 3 5 7 9 12 14 16 18 20 22 24 26 28 29 31 33 35 38
cat_threshold=1142235328 3641913770 3 209757114 358 199616 1924 3112830985 76057108 3112697915 109576784 4 770733088 4160 38144 262144 576 1536 417361970 64 35800832 32773 8192 64 55040 262148 2198340616 4153 66176 4210738 1089 537395250 109051904 50 1089 1141178368 2550210600 2
is_linear=0
shrinkage=0.0711242


Tree=96
num_leaves=21
num_cat=5
split_feature=10 10 2 10 11 10 8 7 7 7 4 2 2 2 10 10 10 7 2 4
split_gain=136508 105420 73543.3 105332 352074 214016 104030 137205 89576.4 129919 102648 109512 97737.9 92000.7 88436.9 86765.9 86713.1 86613.8 105811 90986.2
threshold=49.515000000000008 4.5650000000000004 0 14.525 1.0000000180025095e-35 34.905000000000008 1.2500000000000002 16.305000000000003 8.5850000000000026 10.555000000000001 4.5000000000000009 1 2 3 7.705000000000001 30.325000000000003 27.835000000000004 17.145000000000003 4 3.5000000000000004
decision_type=10 8 1 8 2 10 2 2 2 2 2 1 1 1 10 8 10 2 1 2
left_child=1 -1 -3 14 8 6 7 -6 13 10 11 15 -12 -5 -4 -10 -8 -11 -19 -20
right_child=-2 2 3 4 5 -7 16 -9 9 17 12 -13 -14 -15 -16 -17 -18 18 19 -21
leaf_value=0.40067665241164918 -1.0091526198689031 -0.082741846924485732 -0.14058520024828114 0.59588540187317596 -2.5206738312605133 -2.1832216874825732 -0.18313569752189782 0.39624468709849142 -1.0673655873286971 0.18769206363615457 1.0123266669984174 -0.34294128215667091 -0.31991180495568139 -0.024492815845543685 0.2831795723179828 -3.3471183469401904 -0.82462708630807258 -0.64229038237805924 -0.1819027973423647 0.27639942708469117
leaf_weight=3442 664 34564 3076 3143 242 344 5573 123 490 17405 454 2115 690 1969 13104 102 1318 1411 5008 3896
leaf_count=3442 664 34564 3076 3143 242 344 5573 123 490 17405 454 2115 690 1969 13104 102 1318 1411 5008 3896
internal_value=0.00715197 0.0140061 0 0.0473057 -0.00943097 -0.450025 -0.367831 -1.53785 0.0818524 0.0371287 -0.349964 -0.588671 0.214879 0.358054 0.202617 -1.43634 -0.305839 0.0909065 -0.0724046 0.0186099
internal_weight=99133 98469 95027 60463 44283 7600 7256 365 36683 31571 3851 2707 1144 5112 16180 592 6891 27720 10315 8904
internal_count=99133 98469 95027 60463 44283 7600 7256 365 36683 31571 3851 2707 1144 5112 16180 592 6891 27720 10315 8904
cat_boundaries=0 1 2 3 4 5
cat_threshold=152 1 33 70 64
is_linear=0
shrinkage=0.0711242


Tree=97
num_leaves=21
num_cat=14
split_feature=9 3 1 1 9 1 3 3 3 3 3 3 1 9 1 1 9 3 9 8
split_gain=235069 154832 301200 192270 180994 244722 294284 209934 184828 159278 156687 146323 216352 145431 138678 134899 132463 137086 127762 122858
threshold=49.57500000000001 0 1 2 21.995000000000001 3 4 5 6 7 8 9 10 9.4950000000000028 11 12 7.8750000000000009 13 15.375000000000002 2.4500000000000006
decision_type=10 9 1 1 8 1 9 9 9 9 9 9 1 10 1 1 10 9 10 2
left_child=1 3 4 10 5 6 16 18 14 15 -1 12 -4 -14 -6 -5 17 -3 -7 -19
right_child=-2 2 11 9 8 7 -8 -9 -10 -11 -12 -13 13 -15 -16 -17 -18 19 -20 -21
leaf_value=-0.52145770803225633 -1.3001235533600979 -0.76039622399335682 0.7189396921838318 -0.065292567521591599 0.19177113057130935 3.1909966767916722 -0.024202269341507293 0.55298730901117599 0.31911728229524694 -0.076536521470564903 -0.11174294761269291 0.056278507272757822 -0.99143514360830376 -0.26435056971144816 -0.51522714239283907 0.52576983788245346 0.5700952276293344 1.726816027641334 1.3434351692988085 4.8420313679189295
leaf_weight=6797 700 100 953 3127 2366 232 6510 2688 6813 16678 15475 15129 1723 7235 3431 5204 2415 520 1030 73
leaf_count=6797 700 100 953 3127 2366 232 6510 2688 6813 16678 15475 15129 1723 7235 3431 5204 2415 520 1030 73
internal_value=-0.00144656 0.00778385 0.0934513 -0.0850187 0.262098 0.442491 0.247952 0.913226 0.0682064 0.0503348 -0.23696 -0.0828948 -0.295182 -0.403757 -0.226839 0.304107 0.81624 1.68561 1.67005 2.07596
internal_weight=99199 98499 51218 47281 26178 13568 9618 3950 12610 25009 22272 25040 9911 8958 5797 8331 3108 693 1262 593
internal_count=99199 98499 51218 47281 26178 13568 9618 3950 12610 25009 22272 25040 9911 8958 5797 8331 3108 693 1262 593
cat_boundaries=0 3 5 7 9 11 13 15 17 20 22 23 25 27 29
cat_threshold=3361103040 4218831379 3 2167380158 2235 699241022 7204 19202184 178 536911881 75536512 581435650 78016 304193808 76093452 1073745920 1762787331 1073745920 1762672642 1 612900875 46240 100663296 2164457644 18 1205504 67 536870912 6144
is_linear=0
shrinkage=0.0711242


Tree=98
num_leaves=21
num_cat=13
split_feature=9 1 9 3 9 1 3 3 8 1 1 3 9 3 1 4 1 3 9 1
split_gain=180424 184770 364638 364405 237378 802803 731202 377586 332656 224176 210842 196269 191719 186852 177883 160010 141990 286643 219967 187802
threshold=49.57500000000001 0 39.735000000000007 1 3.0050000000000003 2 3 4 1.7500000000000002 5 6 7 1.0000000180025095e-35 8 9 4.5000000000000009 10 11 17.305000000000003 12
decision_type=10 1 10 9 10 1 9 9 2 1 1 9 10 9 1 2 1 9 10 1
left_child=1 3 4 12 5 6 8 10 -3 -9 -7 14 13 -1 -6 -8 17 -13 -18 -20
right_child=-2 2 -4 -5 11 7 15 9 -10 -11 -12 16 -14 -15 -16 -17 18 -19 19 -21
leaf_value=1.3236155001507854 -1.1696247758311011 3.1825068816761766 -1.113708462146483 -0.081788679108318274 -0.0048677907868498477 -0.57907567653656222 -0.34999062719129431 -0.0023506615848694792 8.0142202053851115 -2.1054182364656131 1.7647736889260988 0.45190730723123029 0.46451058785105204 -2.0294542704002594 -0.35542994955241081 2.1086323938302414 0.28517215351890968 -0.65195834289710952 -0.85019885728383604 -0.012757065747581354
leaf_weight=111 683 474 1666 16913 12548 326 471 441 85 623 463 1757 12832 289 17593 187 15430 3647 1533 11108
leaf_count=111 683 474 1666 16913 12548 326 471 441 85 623 463 1757 12832 289 17593 187 15430 3647 1533 11108
internal_value=-0.0176961 -0.00970738 -0.0743974 0.136952 -0.0484423 0.562399 1.97241 -0.37234 3.84949 -1.24196 0.801253 -0.0779212 0.416394 -1.11653 -0.209538 0.343699 0.0406376 -0.292886 0.104927 -0.115003
internal_weight=99180 98497 68352 30145 66686 3070 1217 1853 559 1064 789 63616 13232 400 30141 658 33475 5404 28071 12641
internal_count=99180 98497 68352 30145 66686 3070 1217 1853 559 1064 789 63616 13232 400 30141 658 33475 5404 28071 12641
cat_boundaries=0 2 5 7 9 11 12 14 17 19 21 23 25 27
cat_threshold=2152679444 387 2846494782 2382380395 1 1610613385 5648 622303264 1046417536 1443672032 190029844 251658528 76551202 2088 2686179566 1478995360 1 8388630 12544 313561090 7204 134218248 5120 354428672 34603072 1174413760 576
is_linear=0
shrinkage=0.0711242


Tree=99
num_leaves=21
num_cat=8
split_feature=9 1 9 11 9 9 1 9 9 1 9 11 2 1 6 1 1 9 9 1
split_gain=214303 227445 359626 446991 442379 304156 284172 262731 256135 285014 312403 283887 215788 175623 169746 1.07041e+06 759134 325721 274367 229466
threshold=38.425000000000004 0 26.565000000000001 1.0000000180025095e-35 26.565000000000001 20.735000000000003 1 38.165000000000006 12.195000000000002 2 18.115000000000006 1.0000000180025095e-35 3 4 1.0000000180025095e-35 5 6 1.0000000180025095e-35 3.3950000000000005 7
decision_type=10 1 8 2 10 10 1 8 10 1 10 2 1 1 2 1 1 10 10 1
left_child=1 2 8 4 -4 14 -5 -8 -1 -10 -11 -12 -7 -2 16 18 -3 19 -16 -18
right_child=13 5 3 6 -6 12 7 -9 9 10 11 -13 -14 -15 15 -17 17 -19 -20 -21
leaf_value=3.6075155484608716 -0.13501323741814766 0.32577137846116488 -1.693401442287757 -0.12954100523391371 0.40365168956769887 -0.2451601190106262 -1.9598354715978661 1.8019684841261217 0.29670789029362515 5.2476344640652499 3.0325489152179106 0.69904272197240302 -1.31371787939573 -0.79457970409434364 2.5912833998256453 -0.23231475903356691 -0.49657101586435437 -0.33917660522883858 0.81599562571457385 2.0561751044769014
leaf_weight=150 7427 17334 543 1500 8078 13306 1058 103 4015 100 328 1345 1022 2814 475 9781 277 23270 6033 488
leaf_count=150 7427 17334 543 1500 8078 13306 1058 103 4015 100 328 1345 1022 2814 475 9781 277 23270 6033 488
internal_value=-0.00901229 0.0263639 0.258483 0.0228266 0.271551 -0.0291942 -0.782964 -1.61211 0.706651 0.63142 1.37988 1.15667 -0.322475 -0.317161 0.0436813 0.238162 -0.0328957 -0.29158 0.944151 1.15228
internal_weight=99447 89206 17220 11282 8621 71986 2661 1161 5938 5788 1773 1673 14328 10241 57658 16289 41369 24035 6508 765
internal_count=99447 89206 17220 11282 8621 71986 2661 1161 5938 5788 1773 1673 14328 10241 57658 16289 41369 24035 6508 765
cat_boundaries=0 2 4 6 7 9 11 13 14
cat_threshold=2148571172 269 2147485700 264 4096 12 166 2151811076 256 1644495232 4624 279601754 2274 172033280
is_linear=0
shrinkage=0.0711242


Tree=100
num_leaves=21
num_cat=5
split_feature=9 1 4 1 9 9 1 11 9 9 11 9 9 1 9 11 9 4 1 9
split_gain=169720 148344 219947 136533 206557 164941 757455 334484 165511 125253 185260 497372 283757 151561 204048 143553 152465 131370 125141 249756
threshold=3.3950000000000005 0 5.5000000000000009 1 39.735000000000007 45.715000000000011 2 1.0000000180025095e-35 49.57500000000001 10.355000000000002 1.0000000180025095e-35 38.165000000000006 30.205000000000002 3 23.345000000000002 1.0000000180025095e-35 7.5150000000000006 4.5000000000000009 4 26.815000000000001
decision_type=8 1 2 1 10 8 1 2 8 8 2 8 10 1 10 2 10 2 1 10
left_child=1 -1 -3 4 9 18 7 -7 -8 15 -11 12 13 14 -12 16 -2 -13 -5 -20
right_child=3 2 -4 5 -6 6 8 -9 -10 10 11 17 -14 -15 -16 -17 -18 -19 19 -21
leaf_value=0.14535228418247184 -0.89583625101604059 1.1045146425405383 5.1100273320914216 0.25460280513953509 -1.1351682408486872 1.2718009324423414 -0.17913322213435759 5.7142278867745233 -1.1364091821612912 0.11445991996332597 0.79131607624248868 3.8800357233469547 -2.8904326442239046 -0.99016841387456433 -0.84854355665895154 0.10178604043642285 -0.18885514370065751 0.18235756573811854 0.08657540501547302 -0.44680860810555528
leaf_weight=865 2726 564 79 17058 982 388 1615 110 2104 16412 813 159 269 1482 727 3009 3556 70 41360 4975
leaf_count=865 2726 564 79 17058 982 388 1615 110 2104 16412 813 159 269 1482 727 3009 3556 70 41360 4975
internal_value=0.0166888 0.765459 1.57281 0.00514445 -0.120551 0.061308 -0.369398 2.20953 -0.718787 -0.0864936 0.0140386 -0.454167 -0.677209 -0.480123 0.0170589 -0.302164 -0.49565 2.75025 0.0899694 0.0292988
internal_weight=99323 1508 643 97815 30205 67610 4217 498 3719 29223 19932 3520 3291 3022 1540 9291 6282 229 63393 46335
internal_count=99323 1508 643 97815 30205 67610 4217 498 3719 29223 19932 3520 3291 3022 1540 9291 6282 229 63393 46335
cat_boundaries=0 2 4 6 8 10
cat_threshold=654573825 512 688988970 4164 1141112961 1552 135275040 4 2151831556 257
is_linear=0
shrinkage=0.0711242


Tree=101
num_leaves=21
num_cat=12
split_feature=9 8 3 1 1 3 3 9 3 1 9 3 11 1 9 9 1 5 3 3
split_gain=200469 513666 374663 646585 342287 651836 439948 302400 335419 317509 319728 528214 378790 285056 300048 275160 255532 342500 303332 275809
threshold=20.605000000000004 2.8500000000000001 0 1 2 3 4 14.355000000000002 5 6 8.5850000000000026 7 1.0000000180025095e-35 8 27.295000000000005 38.425000000000004 9 1.0000000180025095e-35 10 11
decision_type=8 2 9 1 1 9 9 10 9 1 10 9 2 1 10 10 1 2 9 9
left_child=1 4 3 -2 5 7 16 8 -1 -10 11 -11 -13 15 -15 -4 17 18 -6 -19
right_child=2 -3 13 -5 6 -7 -8 -9 9 10 -12 12 -14 14 -16 -17 -18 19 -20 -21
leaf_value=0.29776938231250105 3.2678232987656286 2.6371805794952978 0.41629697473277422 -0.55536308976326543 0.79718099132408626 0.028284731253304777 -0.24554202296608055 0.60282775591081739 0.012996533858934095 5.2609762990554527 3.8463718202152646 -2.269036888996196 3.339713016555987 -0.12384491738735207 -1.228284136776201 -0.12653549243731824 -0.01888672039445459 0.20685629184250243 -0.20584836361213568 1.8138197252267292
leaf_weight=615 219 401 11206 10243 2700 10853 21811 3891 250 107 668 188 90 10421 1413 8166 9981 858 3484 1507
leaf_count=615 219 401 11206 10243 2700 10853 21811 3891 250 107 668 188 90 10421 1413 8166 9981 858 3484 1507
internal_value=0.014592 0.10079 -0.104158 -0.472262 0.0829429 0.354018 -0.0291001 0.961485 1.69404 2.3328 2.87822 1.27265 -0.437056 0.0193966 -0.255509 0.187377 0.225661 0.510857 0.233046 1.2394
internal_weight=99072 57404 41668 10462 57003 16662 40341 5809 1918 1303 1053 385 278 31206 11834 19372 18530 8549 6184 2365
internal_count=99072 57404 41668 10462 57003 16662 40341 5809 1918 1303 1053 385 278 31206 11834 19372 18530 8549 6184 2365
cat_boundaries=0 3 5 7 10 12 14 16 17 19 21 23 25
cat_threshold=130577 334647296 1 1610940809 4608 268988498 2250 3789559520 3225429215 1 360978705 1006499360 562040864 2151687232 268455938 2 1536 2983627436 1797 637862017 4112 335544320 954544128 83888401 2441248
is_linear=0
shrinkage=0.0711242


Tree=102
num_leaves=21
num_cat=13
split_feature=10 3 3 10 3 3 11 7 2 3 11 3 10 5 2 3 3 3 0 2
split_gain=233358 236329 172105 112613 186312 133639 202398 101766 100971 209130 59960.4 59193.8 62645.4 57230.2 114754 80273.1 76521.6 73216.1 67532.8 64687
threshold=34.905000000000008 0 1 45.07500000000001 2 3 1.0000000180025095e-35 21.475000000000005 4 5 1.0000000180025095e-35 6 41.405000000000008 1.0000000180025095e-35 7 8 9 10 11 12
decision_type=10 9 9 10 9 9 2 2 1 9 2 9 10 2 1 9 9 9 1 1
left_child=2 10 -1 5 -5 8 -7 -4 9 -3 13 12 -10 14 16 -16 -2 19 -19 -15
right_child=1 3 7 4 -6 6 -8 -9 11 -11 -12 -13 -14 17 15 -17 -18 18 -20 -21
leaf_value=-0.080647869908362854 -0.89873731776182675 -0.15886546115891942 0.11900377940523314 0.45627063583597027 -1.0382947257777606 -0.089054985559449254 -2.1802660899101771 1.6803147816126667 0.18885604826440613 1.922064974392814 -1.8582653209036406 -0.17212292673604962 1.3401323176526339 -0.84617869826674319 -1.6069208703733522 -0.71454925651499868 0.42520772898620868 -1.7253563453732024 -0.30233053360137507 1.0984557864886888
leaf_weight=34747 357 445 49518 622 1284 4160 248 212 841 539 204 1386 334 114 856 1411 545 196 1017 294
leaf_count=34747 357 445 49518 622 1284 4160 248 212 841 539 204 1386 334 114 856 1411 545 196 1017 294
internal_value=-0.00491808 -0.264904 0.0407936 -0.0625451 -0.553616 0.0550699 -0.206282 0.125637 0.379555 0.98893 -0.662934 0.142456 0.511833 -0.613377 -0.789205 -1.05713 -0.102936 -0.269614 -0.544601 0.547793
internal_weight=99330 14853 84477 9859 1906 7953 4408 49730 3545 984 4994 2561 1175 4790 3169 2267 902 1621 1213 408
internal_count=99330 14853 84477 9859 1906 7953 4408 49730 3545 984 4994 2561 1175 4790 3169 2267 902 1621 1213 408
cat_boundaries=0 3 6 8 10 11 13 15 16 18 20 22 23 24
cat_threshold=1434661252 3837403392 2 575493155 3361000118 1 672139322 20989120 2187330569 440441508 24 2185232392 2720 2185232385 2720 4 204928 3761766400 277025024 9568512 8585216 546308096 1 4
is_linear=0
shrinkage=0.0711242


Tree=103
num_leaves=21
num_cat=11
split_feature=9 8 9 3 9 3 3 3 2 9 2 3 9 10 3 9 3 3 3 10
split_gain=183633 376608 594003 460761 260011 246152 189301 184866 170136 155770 230954 242843 144060 241107 191066 136236 155853 130976 129482 123994
threshold=31.145000000000003 2.8500000000000001 16.845000000000002 0 23.665000000000003 1 2 3 4 15.065000000000003 5 6 26.565000000000001 10.655000000000003 7 46.275000000000013 8 9 10 15.885000000000003
decision_type=10 2 8 9 10 9 9 9 1 10 1 9 8 8 9 10 9 9 9 8
left_child=1 4 -3 -4 7 -2 -6 -1 -7 -9 11 -11 14 -14 19 -10 -17 -15 -12 -5
right_child=5 2 3 12 6 8 -8 9 15 10 18 -13 13 17 -16 16 -18 -19 -20 -21
leaf_value=-0.11910856027676775 -0.60644643074246318 7.0224755531915344 -0.082812669467351468 1.0171929217303766 0.065130893443747603 -2.5330830082841 -0.71800059669974237 0.23179083504503434 0.06315392601871779 -0.37805154092691734 -0.021815249801158711 0.29277480976734549 3.6182401518072975 -0.019522653374452956 0.91960672606281757 0.64212222208634273 -0.94701102040971108 1.2025769467307648 -0.99498753397568329 3.7346343373174249
leaf_weight=25786 5631 71 3380 116 2459 128 4283 25546 11922 3999 1130 8548 140 955 576 395 1407 825 1802 318
leaf_count=25786 5631 71 3380 116 2459 128 4283 25546 11922 3999 1130 8548 140 955 576 395 1407 825 1802 318
internal_value=-0.0146328 0.0330899 0.557232 0.484389 -0.012382 -0.210427 -0.433341 0.0300981 -0.0489638 0.12388 -0.0541328 0.0788359 1.1351 0.777197 1.82657 -0.0239516 -0.600349 0.553577 -0.621286 2.94092
internal_weight=99417 79934 6381 6310 73553 19483 6742 66811 13852 41025 15479 12547 2930 1920 1010 13724 1802 1780 2932 434
internal_count=99417 79934 6381 6310 73553 19483 6742 66811 13852 41025 15479 12547 2930 1920 1010 13724 1802 1780 2932 434
cat_boundaries=0 3 6 8 11 12 13 15 18 21 23 25
cat_threshold=1124311552 2012994377 1 268934912 58703876 2 818677524 553684051 21627151 3784805561 3 32 163 1343265856 405291008 2421686652 2147491874 2 536871040 67111522 1 2423790028 2147754016 3627097728 39862338
is_linear=0
shrinkage=0.0711242


Tree=104
num_leaves=21
num_cat=16
split_feature=3 1 9 1 3 1 3 3 1 3 1 6 1 1 3 9 1 1 3 9
split_gain=154324 278941 132954 786879 472080 187417 217865 177755 207046 177493 176483 196589 168525 157592 176071 153468 196582 192950 147558 140943
threshold=0 1 47.595000000000006 2 3 4 5 6 7 8 9 1.0000000180025095e-35 10 11 12 25.465000000000003 13 14 15 13.465000000000002
decision_type=9 1 8 1 9 1 9 9 1 9 1 2 1 1 9 10 1 1 9 10
left_child=1 -1 5 4 -4 6 -2 8 -7 -5 -9 12 -12 -13 -15 16 -8 -17 -18 -20
right_child=2 -3 3 9 -6 7 15 10 -10 -11 11 13 -14 14 -16 17 18 -19 19 -21
leaf_value=-0.16952610761552547 -0.15754866407758594 0.29721804345086694 3.5272495482897699 -0.34851005080715641 -0.053060292028819692 -0.37301683494097743 0.13367768288993506 -0.066936907926591238 0.18929688009122095 -1.6401848068452085 -0.36649632195803794 -0.73835417164473471 -1.0292138579276304 1.1293045855688659 -0.16495589570849781 -0.81846654515739281 1.3102947890982326 0.14759816945901752 2.301876710963124 0.31911284391676498
leaf_weight=10075 11890 18108 315 875 445 4680 5231 9567 11267 1474 4190 1063 3672 826 1459 1180 1655 8620 195 2578
leaf_count=10075 11890 18108 315 875 445 4680 5231 9567 11267 1474 4190 1063 3672 826 1459 1180 1655 8620 195 2578
internal_value=-0.0104766 0.130363 -0.0662481 -0.521093 1.45765 -0.0454837 0.0822421 -0.154496 0.0241419 -1.16259 -0.291551 -0.483011 -0.677806 -0.0270172 0.30581 0.228767 0.430076 0.0305852 0.778156 0.456963
internal_weight=99365 28183 71182 3109 760 68073 31349 36724 15947 2349 20777 11210 7862 3348 2285 19459 9659 9800 4428 2773
internal_count=99365 28183 71182 3109 760 68073 31349 36724 15947 2349 20777 11210 7862 3348 2285 19459 9659 9800 4428 2773
cat_boundaries=0 3 5 7 9 11 13 15 17 20 22 24 26 28 30 32 35
cat_threshold=658512136 538673796 2 35431495 3296 621094041 5650 254624 384042016 2163989510 2499 1073751552 467955721 3490194501 526667777 956301352 32 1082515590 27271536 1 285220920 5164 201327425 16 134218304 16 134283824 2155880712 2163714 2112 544770 2178 143523906 2147486752 1
is_linear=0
shrinkage=0.0711242


Tree=105
num_leaves=21
num_cat=15
split_feature=1 3 3 10 3 1 3 10 3 10 3 3 1 1 3 1 6 3 11 3
split_gain=156985 290712 234041 131447 209259 144678 411278 211558 190331 121582 302782 124445 132937 115483 343028 377264 602236 551322 348114 211027
threshold=0 1 2 39.955000000000005 3 4 5 39.415000000000006 6 5.8550000000000013 7 8 9 10 11 12 1.0000000180025095e-35 13 1.0000000180025095e-35 14
decision_type=1 9 9 10 9 1 9 10 9 8 9 9 1 1 9 1 2 9 2 9
left_child=1 -1 -2 5 -5 6 7 -3 -7 10 11 -4 -13 14 15 16 17 -11 -19 -15
right_child=2 3 9 4 -6 8 -8 -9 -10 13 -12 12 -14 19 -16 -17 -18 18 -20 -21
leaf_value=-0.16512523345792429 -0.25753357687826145 1.0705363929776683 2.4899912114227241 0.58847329059267617 -0.45137302161465209 -0.0097593876580565862 0.025287682173457053 4.0380974903102098 0.41496241014774571 0.46647680516181378 -0.24974965978134389 -0.080115680751514498 1.6369109974931333 0.22259306489369665 -0.077021484570087256 0.24480298950805301 -0.69295443901392162 3.372677346634041 7.9584644754520832 -0.30547496699150611
leaf_weight=14150 21415 2784 329 1406 3165 11166 3172 127 10222 335 1283 422 496 5950 8684 2578 352 414 105 10700
leaf_count=14150 21415 2784 329 1406 3165 11166 3172 127 10222 335 1283 422 496 5950 8684 2578 352 414 105 10700
internal_value=0.00744891 0.103307 -0.0760015 0.221863 -0.13122 0.280695 0.586587 1.19601 0.193328 0.0468772 0.519815 1.30311 0.85531 0.00579924 0.169405 0.733637 1.76789 2.80287 4.22032 -0.116745
internal_weight=99255 46192 53063 32042 4571 27471 6083 2911 21388 31648 2530 1247 918 29118 12468 3784 1206 854 519 16650
internal_count=99255 46192 53063 32042 4571 27471 6083 2911 21388 31648 2530 1247 918 29118 12468 3784 1206 854 519 16650
cat_boundaries=0 2 5 8 10 12 14 16 18 20 22 24 27 29 32 34
cat_threshold=2151586972 5003 1112540928 3787038732 3 607482018 2274058403 4 84410384 104864448 425992 513 3089696972 235148673 2299382004 105125504 2323811084 3150600 2281832460 4616 268452099 2048 8479072 3136 1073743680 2099292 3 8256 64 0 2099272 1 294125585 674530816
is_linear=0
shrinkage=0.0711242


Tree=106
num_leaves=21
num_cat=14
split_feature=3 1 1 3 3 1 3 10 10 3 3 6 10 1 3 10 3 10 3 3
split_gain=132217 296463 189164 234162 200297 145644 308904 199675 189926 173015 153719 141416 128198 135206 126797 122083 112354 112211 104907 99478.6
threshold=0 1 2 3 4 5 6 29.675000000000004 25.645000000000003 7 8 1.0000000180025095e-35 22.815000000000001 9 10 5.1150000000000011 11 13.005000000000001 12 13
decision_type=9 1 1 9 9 1 9 10 10 9 9 2 10 1 9 8 9 10 9 9
left_child=1 11 3 -2 12 6 -5 8 9 -8 -9 -1 -4 14 -14 -11 -15 -17 -3 -7
right_child=2 18 4 5 -6 19 7 10 -10 15 -12 -13 13 16 -16 17 -18 -19 -20 -21
leaf_value=0.36842244735989799 -0.02303819658515428 -0.34452426730915464 -0.099531432447667309 -0.080943218770567427 0.10249397403382755 0.39852417323900186 0.18823579996300974 1.4696180621881527 3.7666264914057557 -0.32783134401778474 -0.30710711580987921 -0.36408703781766061 -0.72755931092260462 0.33216784264425381 0.16385235950432187 2.8543110555000437 -1.2273676866198227 1.2948627505047379 -0.98553828468587246 0.057352331303974352
leaf_weight=4404 17198 4029 18149 1627 24837 9060 458 390 188 113 637 1912 1426 276 1840 514 1552 428 1921 8286
leaf_count=4404 17198 4029 18149 1627 24837 9060 458 390 188 113 637 1912 1426 276 1840 514 1552 428 1921 8286
internal_value=0.0255926 -0.192922 0.0564239 0.173017 -0.0379216 0.328328 0.695957 1.1579 1.63494 1.36986 0.378984 0.146441 -0.187946 -0.503314 -0.226397 1.86333 -0.99137 2.14596 -0.552798 0.235678
internal_weight=99245 12266 86979 38899 48080 21701 4355 2728 1701 1513 1027 6316 23243 5094 3266 1055 1828 942 5950 17346
internal_count=99245 12266 86979 38899 48080 21701 4355 2728 1701 1513 1027 6316 23243 5094 3266 1055 1828 942 5950 17346
cat_boundaries=0 3 5 7 9 11 13 15 17 19 21 23 25 27 29
cat_threshold=2214723841 3221356548 3 15658584 3561 2986809485 815 1486685908 5245937 556398760 1051505152 65665 512 559956010 66570 33589248 33574912 33560576 302518272 14729248 16 2650280 36438016 34944 268435456 2214723585 1073872896 559992874 671163394
is_linear=0
shrinkage=0.0711242


Tree=107
num_leaves=21
num_cat=11
split_feature=9 11 1 3 3 9 9 3 9 11 9 1 3 3 1 1 3 9 3 6
split_gain=170558 275203 270786 356062 259539 242154 203082 243564 199133 170141 226296 169141 161451 154189 196657 151244 260973 243534 204412 202436
threshold=34.975000000000001 1.0000000180025095e-35 0 1 2 21.395000000000003 26.815000000000001 3 25.675000000000004 1.0000000180025095e-35 25.675000000000004 4 5 6 7 8 9 23.495000000000001 10 1.0000000180025095e-35
decision_type=10 2 1 9 9 8 10 9 8 2 10 1 9 9 1 1 9 8 9 2
left_child=2 4 3 8 -2 -5 13 11 -1 10 -10 -8 -3 14 -4 17 -17 18 -15 -18
right_child=1 12 6 5 -6 -7 7 -9 9 -11 -12 -13 -14 15 -16 16 19 -19 -20 -21
leaf_value=1.0314852969307429 -0.66275770620408037 0.89123544686453227 -0.10744162803459179 3.3624512946533311 0.019764280349527489 0.77940037453153221 -1.1198297710215015 -0.83261892942465887 -2.1406163346845082 -1.0304311785705542 0.31999660452519341 0.63251217879917987 -2.1141378972458682 -0.059807358166475574 0.3346284171793279 -0.42661057907321953 -0.14054338633815347 -0.42903465215693404 0.44930152847068716 0.36608227337213756
leaf_weight=696 3863 106 7973 193 10356 3739 348 3088 210 1063 1890 1254 555 7255 14063 11024 13706 3569 8857 5628
leaf_count=696 3863 106 7973 193 10356 3739 348 3088 210 1063 1890 1254 555 7255 14063 11024 13706 3569 8857 5628
internal_value=-0.0100216 -0.232072 0.0290546 0.428295 -0.166118 0.903961 -0.0115197 -0.465017 -0.0574627 -0.297283 0.0738561 0.247228 -1.65063 0.0179889 0.174704 -0.0510496 -0.150593 0.102494 0.2203 0.00692936
internal_weight=99436 14880 84556 7791 14219 3932 76765 4690 3859 3163 2100 1602 661 72075 22036 50039 30358 19681 16112 19334
internal_count=99436 14880 84556 7791 14219 3932 76765 4690 3859 3163 2100 1602 661 72075 22036 50039 30358 19681 16112 19334
cat_boundaries=0 2 5 8 11 13 15 17 19 21 24 26
cat_threshold=2157053956 5 344732930 1048539795 1 302771777 33194112 2 289670966 645968515 1 2625538 130 168296460 1073741832 849486336 313019540 340026307 64 308867682 2184 2231961062 3221488129 3 201332777 756527392
is_linear=0
shrinkage=0.0711242


Tree=108
num_leaves=21
num_cat=11
split_feature=3 10 3 2 3 8 3 10 3 10 10 10 3 2 10 11 3 3 8 3
split_gain=177756 122421 135511 114779 175631 88233.9 182361 143300 117883 98604.6 90980.3 83909.5 80471.7 108698 91239.1 101970 123676 117552 104369 74269.8
threshold=0 21.665000000000003 1 2 3 1.2500000000000002 4 11.845000000000001 5 4.7550000000000008 3.0050000000000003 41.715000000000011 6 7 9.9450000000000021 1.0000000180025095e-35 8 9 0.8500000000000002 10
decision_type=9 8 9 1 9 2 9 10 9 10 10 10 9 1 10 2 9 9 2 9
left_child=1 5 -3 4 -4 6 7 9 -7 10 -1 -2 13 -8 15 17 18 -14 -17 -13
right_child=11 2 3 -5 -6 8 12 -9 -10 -11 -12 19 14 -15 -16 16 -18 -19 -20 -21
leaf_value=1.7435637681942608 -0.064870607507630754 0.22154155906173004 0.93233372048684393 -0.11151390813494005 -1.2871900299253223 -0.049481451802988824 0.0099169394641411435 -0.49691887270958168 0.37611859955123533 1.4608695373018243 -0.9164471261600019 -0.051767311834728123 0.86370333117101739 -1.3407383832757034 -0.26670445800501857 0.40009596594909702 0.39746410953439493 -0.41704130387592919 3.5356691878632338 -0.75044285575361225
leaf_weight=97 49685 6400 218 10518 925 4226 611 377 14944 904 197 1384 497 594 3590 86 795 1262 143 1749
leaf_count=97 49685 6400 218 10518 925 4226 611 377 14944 904 197 1384 497 594 3590 86 795 1262 143 1749
internal_value=0.0018468 0.103431 -0.0412438 -0.185502 -0.859415 0.195723 0.0140478 0.707866 0.282466 1.09292 -0.0385642 -0.0873658 -0.130922 -0.661486 -0.0297166 0.275883 0.840112 -0.0526063 2.26007 -0.444374
internal_weight=99202 46384 18061 11661 1143 28323 9153 1575 19170 1198 294 52818 7578 1205 6373 2783 1024 1759 229 3133
internal_count=99202 46384 18061 11661 1143 28323 9153 1575 19170 1198 294 52818 7578 1205 6373 2783 1024 1759 229 3133
cat_boundaries=0 3 5 6 8 10 12 14 15 17 19 22
cat_threshold=2729330358 2620101260 4 2148008576 134382212 64 537003008 8 16 270696448 2147745792 270696448 1664 2147483652 144 262150 4608 2726821922 134217736 1279264776 3154 1
is_linear=0
shrinkage=0.0711242


Tree=109
num_leaves=21
num_cat=14
split_feature=9 1 3 1 3 3 1 1 9 11 1 9 3 3 1 3 3 10 9 1
split_gain=207854 193273 179552 174209 161786 133162 298873 244327 202703 200015 185034 281649 178187 171255 146717 173214 144787 138948 137622 132762
threshold=3.0050000000000003 0 1 2 3 4 5 6 33.835000000000008 1.0000000180025095e-35 7 25.675000000000004 8 9 10 11 12 13.405000000000003 9.8250000000000011 13
decision_type=8 1 9 1 9 9 1 1 10 2 1 10 9 9 1 9 9 8 8 1
left_child=1 4 3 -3 -1 6 14 8 10 16 12 13 -7 19 15 17 -10 -2 -17 -12
right_child=5 2 -4 -5 -6 7 -8 -9 9 -11 11 -13 -14 -15 -16 18 -18 -19 -20 -21
leaf_value=-1.399569156095116 1.9028472876686706 -1.6382478688699584 3.0635751066293806 2.2066756211722431 0.94842840633649272 1.0739170988048468 0.084102477519829633 -0.077916812220486381 0.25318280455693237 -1.7609300842412681 -0.36683875897648671 -0.79826376115088082 0.27900720238828686 0.44197327544234677 -0.32328532671224708 -4.124437686030002 -0.42469691492324224 -1.3925095747715535 -1.3109591156833644 0.20478555869935569
leaf_weight=223 110 107 305 112 399 2564 15404 35209 3371 373 2967 1396 3254 10675 12568 153 3006 157 207 6629
leaf_count=223 110 107 305 112 399 2564 15404 35209 3371 373 2967 1396 3254 10675 12568 153 3006 157 207 6629
internal_value=0.0115652 0.963845 1.95264 0.338684 0.0977195 0.000433348 -0.128704 0.0536266 0.188896 -0.160275 0.274717 0.178786 0.630578 0.246163 -0.377011 -1.43175 -0.0666274 -0.0334382 -2.43965 0.0278446
internal_weight=99189 1146 524 219 622 98043 28599 69444 34235 6750 27485 21667 5818 20271 13195 627 6377 267 360 9596
internal_count=99189 1146 524 219 622 98043 28599 69444 34235 6750 27485 21667 5818 20271 13195 627 6377 267 360 9596
cat_boundaries=0 2 4 5 7 10 12 14 16 18 20 21 23 25 27
cat_threshold=251658241 1552 68096 28770304 263040 18944 48283648 268606531 1126285638 7 578720657 6201 3762265778 4121 2148698272 1 3312476596 71569425 3812647096 2694055961 128 268442624 33587520 4009754796 269630641 1074003968 4112
is_linear=0
shrinkage=0.0711242


Tree=110
num_leaves=21
num_cat=8
split_feature=3 9 3 4 9 3 9 11 8 9 3 3 3 3 11 9 9 3 8 9
split_gain=127097 122965 318113 239818 79635.5 66267.1 62339.6 500421 259503 292639 237378 201555 166808 131474 225149 319984 262744 210866 313608 183053
threshold=0 3.3950000000000005 1 3.5000000000000004 49.57500000000001 2 16.425000000000004 1.0000000180025095e-35 2.3500000000000001 26.565000000000001 3 4 5 6 1.0000000180025095e-35 8.7050000000000018 11.085000000000003 7 1.5500000000000003 7.5150000000000006
decision_type=9 8 9 2 10 9 10 2 2 10 9 9 9 9 2 10 10 9 2 10
left_child=4 2 -2 5 -1 -4 13 -8 10 11 -9 -10 -11 19 16 17 -15 18 -16 -3
right_child=1 6 3 -5 -6 -7 7 8 9 12 -12 -13 -14 14 15 -17 -18 -19 -20 -21
leaf_value=0.10216053255764047 -0.62161914203613222 -0.71796990704160157 -0.84583543330642585 3.2968176211782576 -1.2779045478873892 1.1899687383340922 -0.046062998966507042 -0.19568910713254573 -0.5652856905006145 -0.34883427173913756 -2.1085576556913095 0.93300235108360052 -1.5222957220325306 -0.32038125491363251 1.2777792257034739 -0.032609081103247575 0.2935458890823191 0.64849815502536157 4.7418175312070474 -0.062366855436644678
leaf_weight=28684 537 2744 119 280 213 214 30752 482 865 1180 1101 936 1313 8174 531 2791 6202 1753 176 10026
leaf_count=28684 537 2744 119 280 213 214 30752 482 865 1180 1101 936 1313 8174 531 2791 6202 1753 176 10026
internal_value=-0.0335689 -0.0852569 0.644113 1.7347 0.0919524 0.472757 -0.0974217 -0.160989 -0.76234 -0.475362 -1.54072 0.21544 -0.974404 -0.0255506 0.0900187 0.488648 -0.0555246 1.08002 2.11074 -0.203087
internal_weight=99073 70176 1150 613 28897 333 69026 36629 5877 4294 1583 1801 2493 32397 19627 5251 14376 2460 707 12770
internal_count=99073 70176 1150 613 28897 333 69026 36629 5877 4294 1583 1801 2493 32397 19627 5251 14376 2460 707 12770
cat_boundaries=0 3 5 7 10 13 15 18 20
cat_threshold=20980489 2686535623 4 6272 64233472 49152 557056 11028626 1073743888 1 1082265808 1453240336 1 3669623828 1275101208 681607318 1275607096 3 67116032 285343744
is_linear=0
shrinkage=0.0711242


Tree=111
num_leaves=21
num_cat=16
split_feature=1 3 3 1 10 10 3 1 3 1 6 3 3 1 10 3 3 1 3 1
split_gain=152704 361444 230802 200000 177585 131772 141220 133771 213436 191736 166298 281397 152099 118541 146246 124945 114518 106767 98587.5 104774
threshold=0 1 2 3 40.82500000000001 44.605000000000011 4 5 6 7 1.0000000180025095e-35 8 9 10 4.1550000000000011 11 12 13 14 15
decision_type=1 9 9 1 8 10 9 1 9 1 2 9 9 1 8 9 9 1 9 1
left_child=1 -1 3 4 18 7 17 8 9 10 11 -4 -9 14 -10 -16 -12 -7 19 -2
right_child=2 -3 5 -5 -6 6 -8 12 13 -11 16 -13 -14 -15 15 -17 -18 -19 -20 -21
leaf_value=-0.3937220197012215 0.85622562695933901 0.11112569323235809 -0.060155188354648129 -0.28019878623339489 -0.52294038291058753 1.2863824915032711 -0.92949946474163947 0.35087198038539363 2.8944269537968403 0.24416650932285475 2.3805079559451467 1.3174378789561381 -0.04479941509881543 0.31149605541297992 -0.87745780931744599 0.0284701142447337 0.96073131403742384 -0.51959456131474546 0.012107889367515268 0.19813409723457387
leaf_weight=14184 1813 14501 1461 14814 2054 324 1092 7152 74 3929 562 1539 15660 5086 1199 2128 683 322 7008 3787
leaf_count=14184 1813 14501 1461 14814 2054 324 1092 7152 74 3929 562 1539 15660 5086 1199 2128 683 322 7008 3787
internal_value=-0.000182108 -0.138559 0.0559835 -0.095963 0.0902473 0.16466 -0.441391 0.191387 0.344528 0.603837 0.935366 0.650758 0.0793514 0.0943618 -0.230311 -0.300578 1.62858 0.39204 0.190218 0.412348
internal_weight=99372 28685 70687 29476 14662 41211 1738 39473 16661 8174 4245 3000 22812 8487 3401 3327 1245 646 12608 5600
internal_count=99372 28685 70687 29476 14662 41211 1738 39473 16661 8174 4245 3000 22812 8487 3401 3327 1245 646 12608 5600
cat_boundaries=0 2 5 8 10 13 15 17 19 21 24 26 29 31 33 36 38
cat_threshold=1477452178 1094 1150077581 1037416583 1 2717013456 3370271064 2 2177240684 2305 168304686 587203200 1 639963145 913 336338977 924626944 637534209 784 269230112 34607104 336389 66087 1 570425345 272 35342 512 1 524320 102248448 10747904 9 2175812992 1207959560 2 2147747912 1
is_linear=0
shrinkage=0.0711242


Tree=112
num_leaves=21
num_cat=15
split_feature=3 1 3 1 4 1 3 3 3 1 4 1 3 1 3 3 1 8 4 7
split_gain=176703 181279 107405 119869 111078 107061 154372 109983 100239 89277.6 135751 231979 118113 120888 112432 95987 71403 71052.8 90457 86994.5
threshold=0 1 2 3 5.5000000000000009 4 5 6 7 8 4.5000000000000009 9 10 11 12 13 14 2.4500000000000006 3.5000000000000004 18.175000000000004
decision_type=9 1 9 1 2 1 9 9 9 1 2 1 9 1 9 9 1 2 2 2
left_child=1 -1 3 4 8 6 -2 -7 -3 14 15 12 -12 -14 -4 -11 -17 19 -19 -10
right_child=5 2 9 -5 -6 7 -8 -9 17 10 11 -13 13 -15 -16 16 -18 18 -20 -21
leaf_value=0.060650694651614899 0.02598356864841159 -0.75054170301984036 0.12177947662685831 -0.34048262948843255 0.65604218847642182 0.14060818156334745 0.40048102261548496 -0.10504483375933867 0.034250160001258897 -0.64546670587006072 0.51667587897862088 -0.15635185450131461 2.9633240648942931 0.59134356016773904 -0.57494369474988127 0.36222003389458485 -0.22067244916803319 -5.0204273727832884 -1.6009266304973981 -2.7411235007064572
leaf_weight=17682 11483 520 1744 7557 147 17386 10814 19606 99 1484 535 1269 303 195 3564 1772 2625 89 70 135
leaf_count=17682 11483 520 1744 7557 147 17386 10814 19606 99 1484 535 1269 303 195 3564 1772 2625 89 70 135
internal_value=0.00683136 -0.109098 -0.244828 -0.440958 -1.1473 0.0846377 0.207713 0.0104173 -1.45026 -0.11932 0.0281133 0.491164 1.27572 2.06472 -0.346231 -0.153095 0.0145256 -2.29816 -3.5167 -1.56735
internal_weight=99079 39790 22108 8617 1060 59289 22297 36992 913 13491 8183 2302 1033 498 5308 5881 4397 393 159 234
internal_count=99079 39790 22108 8617 1060 59289 22297 36992 913 13491 8183 2302 1033 498 5308 5881 4397 393 159 234
cat_boundaries=0 3 5 8 10 12 14 16 18 20 22 24 26 28 30 32
cat_threshold=1276726788 1500717593 3 3778172501 2168 134283776 1094778905 3 384 4096 2424741260 6274 2466558274 578950 2466554122 101221762 134218240 4194329 213950474 1026 33884416 4608 1141902336 136315392 33816832 4096 1573888 1049088 1049604 512 268959872 385
is_linear=0
shrinkage=0.0711242


Tree=113
num_leaves=21
num_cat=17
split_feature=3 1 1 3 3 1 11 1 3 1 1 3 11 1 1 3 3 7 3 1
split_gain=119101 178359 172841 170919 146082 146371 129255 117215 111819 115930 109086 117059 126710 106673 105481 102472 93615.1 84599 75874 75672.7
threshold=0 1 2 3 4 5 1.0000000180025095e-35 6 7 8 9 10 1.0000000180025095e-35 11 12 13 14 10.175000000000002 15 16
decision_type=9 1 1 9 9 1 2 1 9 1 1 9 2 1 1 9 9 2 9 1
left_child=1 8 3 6 5 -4 13 17 14 16 11 -6 -13 -2 -1 19 -10 -8 -12 -3
right_child=2 15 4 -5 10 -7 7 -9 9 -11 18 12 -14 -15 -16 -17 -18 -19 -20 -21
leaf_value=-0.20240970852766668 0.67653518750089614 0.25006116597501271 -0.70646065202240049 -0.070412251824415531 0.32349830720538125 -0.19465398974528758 4.0799111587091277 0.69712628228721707 -0.37575191425963461 -0.41029094943914585 0.0072992381464126654 0.039746462182435466 -0.81258807383262843 -0.010566363643108572 0.29052432434407338 0.31972942400714677 0.34818129388396235 1.1893306706558184 -0.35344383034189603 -0.13514822396985113
leaf_weight=3596 1700 4495 4245 11251 5628 8502 103 1268 1439 7028 4893 4089 1125 3455 5611 14848 2392 102 7435 6027
leaf_count=3596 1700 4495 4245 11251 5628 8502 103 1268 1439 7028 4893 4089 1125 3455 5611 14848 2392 102 7435 6027
internal_value=-0.0106561 0.0741223 -0.0822582 0.098406 -0.172193 -0.36552 0.384646 0.972782 -0.0843114 -0.238824 -0.0657212 0.0988018 -0.143892 0.217323 0.097987 0.199417 0.0759846 2.51992 -0.210375 0.0294951
internal_weight=99232 45436 53796 17879 35917 12747 6628 1473 20066 10859 23170 10842 5214 5155 9207 25370 3831 205 12328 10522
internal_count=99232 45436 53796 17879 35917 12747 6628 1473 20066 10859 23170 10842 5214 5155 9207 25370 3831 205 12328 10522
cat_boundaries=0 3 5 7 10 13 15 16 19 21 23 25 27 29 32 34 36 38
cat_threshold=658640314 247508722 6 722814680 5674 65225292 5128 369221 2150039560 1 269083200 2424840 1 1140892049 144 520 570558472 37783666 2 33817096 4610 1677755697 434 8650753 1897419008 2293760 1032 570688000 4618 33687688 37784098 2 16777394 134217728 3358593024 2684354564 2225610789 257
is_linear=0
shrinkage=0.0711242


Tree=114
num_leaves=21
num_cat=14
split_feature=1 3 3 9 1 3 1 9 8 3 1 3 1 1 3 9 9 4 1 3
split_gain=164901 257540 240405 131190 138919 139327 272708 106765 228792 328698 186202 146612 175095 147537 143894 134046 141728 146006 129870 182183
threshold=0 1 2 31.145000000000003 3 4 5 21.845000000000002 2.3500000000000001 6 7 8 9 10 11 5.4250000000000007 5.0750000000000011 3.5000000000000004 12 13
decision_type=1 9 9 10 1 9 1 8 2 9 1 9 1 1 9 10 10 2 1 9
left_child=2 3 -1 4 5 6 -2 8 11 -10 -9 12 15 -13 -14 16 17 -3 19 -12
right_child=1 7 -4 -5 -6 -7 -8 10 9 -11 18 13 14 -15 -16 -17 -18 -19 -20 -21
leaf_value=-0.067853277379455443 2.6244448856010512 0.06670634294329085 0.24336365712745592 -0.82382377312409816 -0.41613397893861498 -0.081765847231384761 -0.31907292276986682 2.4309738251057449 2.9715801658736241 0.26935628823017965 -0.11037377867060147 -0.54025110424187361 -0.51705269398433096 0.068806993756256998 0.29231168307874106 0.43537089704968279 4.4286322542085594 2.6559022360542039 -0.025619130942908009 -1.1830905074345199
leaf_weight=22716 290 264 28059 2296 7835 3705 341 133 331 709 2044 2937 1910 6339 2628 4517 78 189 10565 1316
leaf_count=22716 290 264 28059 2296 7835 3705 341 133 331 709 2044 2937 1910 6339 2628 4517 78 189 10565 1316
internal_value=0.0146007 -0.0792891 0.104144 -0.330481 -0.237681 0.0855415 1.05374 0.0277854 0.133783 1.16073 -0.122256 0.0771546 0.272049 -0.124412 -0.0487329 0.559944 1.62993 1.14727 -0.148297 -0.532805
internal_weight=99202 48427 50775 14467 12171 4336 631 33960 19902 1040 14058 18862 9586 9276 4538 5048 531 453 13925 3360
internal_count=99202 48427 50775 14467 12171 4336 631 33960 19902 1040 14058 18862 9586 9276 4538 5048 531 453 13925 3360
cat_boundaries=0 2 5 8 10 11 13 15 17 20 22 24 26 28 30
cat_threshold=2701597134 7657 1076002577 35962956 6 3754265094 3779789617 3 146858496 516 1792 4203008 512 2823553096 2415922595 513 512 361234466 500765585 1 1442856977 16 1207959552 528 524290 495980544 268985344 18 3025928420 1610624563
is_linear=0
shrinkage=0.0711242


Tree=115
num_leaves=21
num_cat=6
split_feature=10 1 9 1 9 1 9 11 10 11 9 10 9 9 9 1 10 1 9 1
split_gain=175436 162615 250089 454176 328992 310418 223214 331812 240100 199850 359922 378984 294039 197532 185580 171146 140357 257823 537471 176069
threshold=45.595000000000006 0 30.505000000000006 1 18.115000000000006 2 15.065000000000003 1.0000000180025095e-35 33.155000000000008 1.0000000180025095e-35 30.505000000000006 10.455000000000002 49.57500000000001 8.1150000000000002 5.4250000000000007 3 11.745000000000003 4 7.5150000000000006 5
decision_type=10 1 8 1 10 1 10 2 8 2 10 10 8 10 10 1 10 1 8 1
left_child=1 2 3 4 -1 -4 8 -8 13 12 11 -11 -7 14 -5 -15 19 18 -18 -3
right_child=-2 16 5 6 -6 9 7 -9 -10 10 -12 -13 -14 15 -16 -17 17 -19 -20 -21
leaf_value=5.0452641172879007 -0.6064160760852928 1.3587583857161443 3.3961553181679625 0.51998847202781262 0.83711106411131586 0.082178318443333842 0.056561073934837801 -1.1442042498794998 -0.0056621942302723599 6.1235510422748041 -1.1260222936695612 -0.041355723375510502 -0.97784477830673422 1.7158109144373876 2.1983598870642571 0.2103562684302997 -3.4037912170681826 -0.070248462886457724 -0.42550874569218905 0.044185563617833393
leaf_weight=96 2372 518 119 590 4295 13992 8453 1350 4032 72 1760 168 1462 440 766 2590 326 29434 5109 21566
leaf_count=96 2372 518 119 590 4295 13992 8453 1350 4032 72 1760 168 1462 440 766 2590 326 29434 5109 21566
internal_value=-0.00208815 0.0126694 0.122206 0.278654 0.927101 -0.0790337 0.121808 -0.108808 0.390511 -0.10463 -0.773676 1.80967 -0.0181083 0.754701 1.46818 0.43537 -0.0646278 -0.153497 -0.603093 0.0756606
internal_weight=99510 97138 40185 22612 4391 17573 18221 9803 8418 17454 2000 240 15454 4386 1356 3030 56953 34869 5435 22084
internal_count=99510 97138 40185 22612 4391 17573 18221 9803 8418 17454 2000 240 15454 4386 1356 3030 56953 34869 5435 22084
cat_boundaries=0 2 4 6 7 9 11
cat_threshold=2162052236 903 2161248260 261 128 512 540672 1325400832 1024 538968064 4112
is_linear=0
shrinkage=0.0711242


Tree=116
num_leaves=21
num_cat=9
split_feature=9 1 9 9 1 1 9 1 4 6 1 1 9 1 1 4 8 9 1 6
split_gain=100536 168916 270907 211309 265680 189895 232086 473262 203387 182578 434575 232895 172635 289434 162633 133803 130971 161417 121554 115066
threshold=37.085000000000008 0 26.125000000000004 17.765000000000004 1 2 1.0000000180025095e-35 3 4.5000000000000009 1.0000000180025095e-35 4 5 13.265000000000002 6 7 4.5000000000000009 1.5500000000000003 7.8750000000000009 8 1.0000000180025095e-35
decision_type=10 1 8 10 1 1 10 1 2 2 1 1 8 1 1 2 2 10 1 2
left_child=1 2 18 5 -5 8 7 19 12 11 15 -8 13 -3 -2 -11 -15 -18 -1 -7
right_child=14 3 -4 4 -6 6 9 -9 -10 10 -12 -13 -14 16 -16 -17 17 -19 -20 -21
leaf_value=1.5368500061563437 0.033188343185327568 3.5014571380723707 0.069133740857408046 -1.3233370603976657 -0.13707792627906071 -0.24605420661561003 -0.41182236613486134 1.6896359143941995 -0.26525841930141664 1.3653879262639834 0.57839449563482748 0.020890991542393676 0.3005305824747222 0.15438401917677733 -0.49864383084434855 -0.38012084539582103 4.4075545290088938 1.0594066626510634 0.55562447874324672 -2.5637244346216899
leaf_weight=841 6970 211 9781 988 22424 377 9585 1077 2053 233 6736 18283 4989 937 4984 4738 78 1087 2770 152
leaf_count=841 6970 211 9781 988 22424 377 9585 1077 2053 233 6736 18283 4989 937 4984 4738 78 1087 2770 152
internal_value=0.0045073 0.0309842 0.263308 -0.0111241 -0.187767 0.070708 0.00494973 0.843096 0.359785 -0.0290637 0.206636 -0.128079 0.536014 1.04391 -0.188941 -0.297684 0.776727 1.28389 0.789978 -0.895393
internal_weight=99294 87340 13392 73948 23412 50536 41181 1606 9355 39575 11707 27868 7302 2313 11954 4971 2102 1165 3611 529
internal_count=99294 87340 13392 73948 23412 50536 41181 1606 9355 39575 11707 27868 7302 2313 11954 4971 2102 1165 3611 529
cat_boundaries=0 2 4 6 8 10 12 14 16 17
cat_threshold=2160236576 5 637862273 1536 2647058 2186 403701828 352 419431240 1120 1174470784 4608 0 136 2151809028 256 12716064
is_linear=0
shrinkage=0.0711242


Tree=117
num_leaves=21
num_cat=17
split_feature=1 3 3 1 3 1 3 11 6 8 3 1 3 3 1 1 3 3 1 3
split_gain=114786 281616 224599 207794 178401 161737 748517 214426 291915 126288 182230 125596 123926 116358 115877 115825 105161 85908.1 143914 122601
threshold=0 1 2 3 4 5 6 1.0000000180025095e-35 1.0000000180025095e-35 1.7500000000000002 7 8 9 10 11 12 13 14 15 16
decision_type=1 9 9 1 9 1 9 2 2 2 9 1 9 9 1 1 9 9 1 9
left_child=2 3 5 4 -2 6 7 9 -9 -1 -11 13 14 -4 -7 -5 -8 18 19 -3
right_child=1 17 11 15 -6 12 16 8 -10 10 -12 -13 -14 -15 -16 -17 -18 -19 -20 -21
leaf_value=1.0836721541795267 2.5763386156217849 0.065971865358173384 -0.2411898418135093 -0.64848256194405052 0.021515468856242167 0.21135805418353951 -0.67177650027919711 5.8159899550037171 0.51983092809941034 0.28659925118626595 4.0748997748858473 -0.16447306090983543 0.30609840063695826 0.31556759675272411 -0.41232019318717944 -0.21376883329666024 0.38874164481407425 -0.047155448596745475 0.059667356453959326 0.93083317698948076
leaf_weight=581 211 1411 2620 5283 380 3211 906 162 78 108 196 16259 13717 6842 2823 7571 969 21195 12672 2033
leaf_count=581 211 1411 2620 5283 380 3211 906 162 78 108 196 16259 13717 6842 2823 7571 969 21195 12672 2033
internal_value=0.0211197 -0.053634 0.0993864 -0.332594 0.961574 0.262129 0.748097 2.1907 4.09556 1.69852 2.87296 -0.0446106 0.187971 0.16131 -0.0806301 -0.392805 -0.124553 0.0469519 0.17067 0.577729
internal_weight=99228 50756 48472 13445 591 22751 3000 1125 240 885 304 25721 19751 9462 6034 12854 1875 37311 16116 3444
internal_count=99228 50756 48472 13445 591 22751 3000 1125 240 885 304 25721 19751 9462 6034 12854 1875 37311 16116 3444
cat_boundaries=0 2 5 8 9 11 13 15 16 18 21 24 26 28 30 33 35 37
cat_threshold=3043694804 2889 1075865218 1745100827 1 1174523803 3960087263 2 8192 1075840512 9 64 576 1073792896 30 50432 336267392 256 1073794304 21 2 2429681664 5243136 1 2171080848 257 1075052808 5138 67108874 3825344576 5673316 57755744 6 1074004480 5120 262240 1116256
is_linear=0
shrinkage=0.0711242


Tree=118
num_leaves=21
num_cat=6
split_feature=3 9 8 10 3 9 9 11 9 10 3 8 3 9 3 9 8 9 3 9
split_gain=109235 92856 107091 73048 77351.4 77567.4 71344.8 194998 266846 239031 187251 173219 180777 153817 154921 152502 202020 171244 119089 126013
threshold=0 3.3950000000000005 1.2500000000000002 44.605000000000011 1 8.7050000000000018 16.215000000000003 1.0000000180025095e-35 16.215000000000003 6.8850000000000007 2 2.3500000000000001 3 34.705000000000005 4 9.1550000000000029 1.2500000000000002 5.7350000000000012 5 43.925000000000004
decision_type=9 8 2 8 9 8 8 2 10 8 9 2 9 10 9 10 2 10 9 8
left_child=1 2 -1 -3 5 -5 10 18 9 -9 15 12 -10 14 -13 16 -2 -18 -8 -20
right_child=6 3 -4 4 -6 -7 7 8 11 -11 -12 13 -14 -15 -16 -17 17 -19 19 -21
leaf_value=0.48079463236518744 -0.37343208709346565 0.10256961989709458 3.0173811759972131 2.336994829406879 -0.54527777763792151 0.053096480244806843 -0.28726757294386202 4.6514317180283058 0.95313612347083354 0.35110457750729285 0.12125496843047746 -0.97111086582385919 -1.631640788952845 -1.7679129396660382 0.083031050846769289 -0.077822610794537686 -0.14473706890687019 -2.8194850324400731 0.11897620421122229 -0.42258699919196824
leaf_weight=348 1228 38465 111 83 1808 795 7777 83 151 307 20641 1021 1208 377 2233 3437 175 393 15841 2519
leaf_count=348 1228 38465 111 83 1808 795 7777 83 151 307 20641 1021 1208 377 2233 3437 175 393 15841 2519
internal_value=0.00100081 0.0887296 1.09468 0.0775284 -0.281067 0.266181 -0.0626094 -0.134472 -0.524407 1.26714 0.0249016 -0.664448 -1.34939 -0.408063 -0.250471 -0.354703 -0.886513 -1.99555 -0.0542065 0.0446475
internal_weight=99001 41610 459 41151 2686 878 57391 31517 5380 390 25874 4990 1359 3631 3254 5233 1796 568 26137 18360
internal_count=99001 41610 459 41151 2686 878 57391 31517 5380 390 25874 4990 1359 3631 3254 5233 1796 568 26137 18360
cat_boundaries=0 2 4 7 10 13 16
cat_threshold=205810104 136592877 264224 2360516 25165830 2151743506 3 25165825 0 1 2163200 60375568 2 2150798849 43008000 2
is_linear=0
shrinkage=0.0711242


Tree=119
num_leaves=21
num_cat=14
split_feature=10 3 11 1 3 3 3 10 3 3 10 7 10 1 3 1 3 3 3 1
split_gain=179375 341944 227792 181640 514838 178499 161404 159034 181067 167239 186245 162105 123715 267268 371805 199589 187007 169865 165029 220120
threshold=34.905000000000008 0 1.0000000180025095e-35 1 2 3 4 26.325000000000003 5 6 30.645000000000003 12.935 14.215000000000002 7 8 9 10 11 12 13
decision_type=10 9 2 1 9 9 9 8 9 9 10 2 8 1 9 1 9 9 9 1
left_child=3 -2 -3 4 7 -4 -5 8 -1 10 -9 -12 13 14 -8 18 -15 -17 19 -14
right_child=1 2 5 6 -6 -7 12 9 -10 -11 11 -13 15 16 -16 17 -18 -19 -20 -21
leaf_value=0.38058225248622224 -0.93299358402095245 -0.015203737206321073 0.12384196094884388 -0.13697952700260055 -0.1111504631530342 -2.5335573326867671 2.0630851023108323 0.58051863349806576 3.0770205698741728 0.45450331153262241 1.8553108583862785 5.1817334207719918 1.2481831564556836 0.62144541637202233 -0.15660633905925259 0.34655550259999179 0.025567320729392311 -0.14328967852229538 -0.61519796003758875 -0.32441164893600999
leaf_weight=210 3005 11213 215 34137 4867 322 864 308 362 1733 212 114 630 3160 683 7045 16720 7266 4539 1510
leaf_count=210 3005 11213 215 34137 4867 322 864 308 362 1733 212 114 630 3160 683 7045 16720 7266 4539 1510
internal_value=-0.0285523 -0.257337 -0.0836701 0.0114635 0.338065 -1.51463 -0.0218808 1.0798 2.14772 0.826226 1.80645 3.01962 0.0707607 0.190999 1.08843 -0.0519477 0.120552 0.0979248 -0.372663 0.142232
internal_weight=99115 14755 11750 84360 7806 537 76554 2939 572 2367 634 326 42417 21427 1547 20990 19880 14311 6679 2140
internal_count=99115 14755 11750 84360 7806 537 76554 2939 572 2367 634 326 42417 21427 1547 20990 19880 14311 6679 2140
cat_boundaries=0 3 5 8 10 13 15 18 20 22 24 26 28 30 32
cat_threshold=67351296 1094615042 2 10518536 523 2371647818 83890065 2 1089994752 2952794924 1147025547 641998772 3 205535232 67109248 134238272 67109120 2 536871072 4180 33637920 145416193 1577586561 1108 545259540 2148532288 2451604324 270606403 2281718048 162676744 128 16
is_linear=0
shrinkage=0.0711242


Tree=120
num_leaves=21
num_cat=15
split_feature=3 9 2 3 2 3 3 9 3 9 2 9 2 9 3 3 2 3 3 2
split_gain=117760 126937 365956 487448 138802 148222 132185 112835 359198 297991 270562 187464 134082 156286 156043 153890 127117 234071 123107 190235
threshold=0 46.275000000000013 1 2 3 4 5 7.2750000000000012 6 6.4850000000000012 7 6.7550000000000008 8 3.0050000000000003 9 10 11 12 13 14
decision_type=9 8 1 9 1 9 9 10 9 8 1 10 1 10 9 9 1 9 9 1
left_child=7 -2 3 -3 5 -4 -6 8 9 -1 -11 16 13 15 -14 -10 17 -12 19 -9
right_child=1 2 4 -5 6 -7 -8 18 12 10 11 -13 14 -15 -16 -17 -18 -19 -20 -21
leaf_value=0.15397721654082927 0.089130671894183014 3.8815804665386628 0.53059865607558943 -0.3695898912384557 -2.7239228758826615 -0.89375252806612349 -0.52480954904843324 -1.1344720352646314 2.4191217487486694 -1.393321412399809 0.41747663678000441 0.75920231596057264 -2.2221034445990502 -0.53110817003176958 -0.48394758580731639 -0.13208762875581789 1.4298436259045599 4.6425571083036976 -0.050824516444646202 -0.22896740108817054
leaf_weight=3359 50548 207 523 369 315 1218 271 1298 207 157 105 600 384 1053 833 272 387 248 25257 11654
leaf_count=3359 50548 207 523 369 315 1218 271 1298 207 157 105 600 384 1053 833 272 387 248 25257 11654
internal_value=-0.00886356 0.062852 -0.394493 1.19869 -0.790634 -0.465282 -1.73302 -0.0925273 0.157644 0.524859 1.3605 1.68107 -0.491147 -0.0463028 -1.04615 1.01839 2.45107 3.43232 -0.142345 -0.320526
internal_weight=99265 53451 2903 576 2327 1741 586 45814 7605 4856 1497 1340 2749 1532 1217 479 740 353 38209 12952
internal_count=99265 53451 2903 576 2327 1741 586 45814 7605 4856 1497 1340 2749 1532 1217 479 740 353 38209 12952
cat_boundaries=0 3 4 6 7 9 11 13 14 15 17 19 20 22 25 26
cat_threshold=1649629169 1642038280 1 25 9209856 438321184 6 83920898 8818 228589568 471872240 218624 30244864 6 113 1644167360 1073742856 1644167616 1048576 9 132096 25165824 87040 30244864 1 1
is_linear=0
shrinkage=0.0711242


Tree=121
num_leaves=21
num_cat=8
split_feature=1 9 9 1 7 1 1 9 9 1 7 9 1 6 9 7 9 1 7 1
split_gain=107306 92780.1 81997.8 538150 294478 126810 88316 165016 159038 132702 124188 124411 80550.2 303070 174959 121782 106050 236183 85486 81425.1
threshold=0 41.785000000000004 43.925000000000004 1 17.655000000000005 2 3 23.345000000000002 29.595000000000002 4 6.8750000000000009 9.9350000000000005 5 1.0000000180025095e-35 18.115000000000006 16.605000000000004 12.295000000000002 6 21.735000000000003 7
decision_type=1 10 8 1 2 1 1 10 10 1 2 10 1 2 10 2 10 1 2 1
left_child=1 -1 6 4 -4 -5 8 12 9 10 -2 -12 13 14 15 16 17 -8 -17 -15
right_child=2 -3 3 5 -6 -7 7 -9 -10 -11 11 -13 -14 19 -16 18 -18 -19 -20 -21
leaf_value=-0.08251002426010598 2.6954733988917843 -0.72731222338477575 1.5120628730295962 -1.2968933799188398 6.9516104794641755 -0.24912707867470013 0.14600535844538928 -0.30121639732844852 0.066361348296548342 1.070864599938359 2.9973111533901591 0.14124884285232805 0.19387508559509814 -0.32081362817898451 -1.226044178663962 0.22881849065208065 -0.03176622514798192 -1.0075525072570455 -1.6250280278832048 0.5381024358508385
leaf_weight=36299 105 1165 179 680 70 3935 1434 6820 11284 1641 79 3157 16615 634 817 3845 3381 2399 130 4487
leaf_count=36299 105 1165 179 680 70 3935 1434 6820 11284 1641 79 3157 16615 634 817 3845 3381 2399 130 4487
internal_value=-0.00760527 -0.102535 0.050052 -0.230215 2.9257 -0.406003 0.0740496 0.0178677 0.214005 0.548834 0.288338 0.211053 0.0823676 -0.0259049 -0.221321 -0.147949 -0.322126 -0.578238 0.168155 0.432186
internal_weight=99156 37464 61692 4864 249 4615 56828 40562 16266 4982 3341 3236 33742 17127 12006 11189 7214 3833 3975 5121
internal_count=99156 37464 61692 4864 249 4615 56828 40562 16266 4982 3341 3236 33742 17127 12006 11189 7214 3833 3975 5121
cat_boundaries=0 2 4 6 8 10 12 14 15
cat_threshold=1225017185 5572 570425472 512 270012418 2081 2161248260 3 1048576 3 637599880 528 8 512 8
is_linear=0
shrinkage=0.0711242


Tree=122
num_leaves=21
num_cat=6
split_feature=3 9 3 4 9 3 11 9 7 9 7 9 3 11 3 7 2 9 9 9
split_gain=129496 82297.8 198730 112632 116716 179306 102171 100483 88071.1 83055.2 133703 120428 159599 99666.7 95786.6 88026.4 86690.3 80997.6 157457 60965.2
threshold=0 5.7350000000000012 1 5.5000000000000009 4.0150000000000006 2 1.0000000180025095e-35 3.3950000000000005 19.935000000000006 5.4250000000000007 11.105000000000002 4.0150000000000006 3 1.0000000180025095e-35 4 10.555000000000001 5 5.4250000000000007 5.0750000000000011 9.1550000000000029
decision_type=9 8 9 2 10 9 2 10 2 10 2 10 9 2 9 2 1 10 10 8
left_child=-1 2 3 4 6 -6 7 8 -2 11 -11 14 -13 15 -4 -14 -16 18 -7 -3
right_child=1 19 9 -5 5 17 -8 -9 -10 10 -12 12 13 -15 16 -17 -18 -19 -20 -21
leaf_value=-0.10002187938450985 -1.384946920589941 -0.16701072597217528 -0.40359106067091 2.4831527685929058 2.3135174121126121 -0.355974275948581 1.0552739727251375 -3.1391244766004029 1.8462698837035976 3.3223657071552499 -0.16939740640740181 0.4116676120895939 -1.3319333133670588 -0.49974188699425182 -0.32058850423537655 -3.7847762286671678 2.0430886471001202 -1.9390700810151338 3.3722798305079911 0.070552788034242669
leaf_weight=41624 109 6158 371 228 401 208 207 81 70 89 147 312 156 220 121 141 223 76 79 48524
leaf_count=41624 109 6158 371 228 401 208 207 81 70 89 147 312 156 220 121 141 223 76 79 48524
internal_value=-0.0043424 0.0644223 0.412774 1.02433 0.762301 1.30371 -0.123507 -1.06204 -0.121053 -0.0937517 1.14815 -0.284238 -0.867552 -1.61618 0.392103 -2.49719 1.22623 0.120857 0.67098 0.0437994
internal_weight=99545 57921 3239 1459 1231 764 467 260 179 1780 236 1544 829 517 715 297 344 363 287 54682
internal_count=99545 57921 3239 1459 1231 764 467 260 179 1780 236 1544 829 517 715 297 344 363 287 54682
cat_boundaries=0 3 5 7 9 11 12
cat_threshold=1657349865 1144641152 3 136478736 3116370200 131072 281018632 1052676 393216 282624 33816610 16
is_linear=0
shrinkage=0.0711242


Tree=123
num_leaves=21
num_cat=10
split_feature=3 9 3 9 8 3 9 3 9 2 3 8 4 9 2 2 9 3 3 8
split_gain=141081 81017.4 414663 270140 190141 314687 277267 161748 105019 122289 98161.7 144983 85465.1 76866.1 216131 164463 224928 278498 158028 143112
threshold=0 9.1550000000000029 1 4.495000000000001 2.0500000000000003 2 8.2350000000000012 3 3.0050000000000003 4 5 1.3500000000000003 2.5000000000000004 19.065000000000001 6 7 30.505000000000006 8 9 2.7000000000000006
decision_type=9 10 9 8 2 9 8 9 10 1 9 2 2 10 1 1 10 9 9 2
left_child=1 2 4 7 8 6 -6 -4 10 -10 11 -1 -7 14 -2 16 17 -15 -17 -16
right_child=13 -3 3 -5 5 12 -8 -9 9 -11 -12 -13 -14 15 19 18 -18 -19 -20 -21
leaf_value=0.90365242580688798 -2.2674649521084955 0.11600628710362453 3.3661944185968196 -0.90120078345144228 7.8146817990010033 1.877263633999628 1.5280260332866091 -0.011376324238995952 -2.0183060019110326 0.088148387885067209 0.29070087787673787 4.5225635707352527 -0.53340416639194277 1.9427681005138999 -0.037335610572051953 -1.3495939873495382 -0.2054236754484616 0.17522339161346934 -0.33792266740110577 0.75366788524237849
leaf_weight=164 205 39812 109 3245 70 118 72 190 135 3558 443 85 201 537 27918 866 10041 2605 7534 1207
leaf_count=164 205 39812 109 3245 70 118 72 190 135 3558 443 85 201 537 27918 866 10041 2605 7534 1207
internal_value=-0.013542 0.073661 -0.127186 -0.710697 0.300402 1.67492 4.32556 1.3327 0.156552 0.00587303 0.96058 2.05758 0.347687 -0.0960973 -0.0211489 -0.197992 -0.0410508 0.484102 -0.443715 -0.00455104
internal_weight=99115 48202 8390 3544 4846 461 142 299 4385 3693 692 249 319 50913 29330 21583 13183 3142 8400 29125
internal_count=99115 48202 8390 3544 4846 461 142 299 4385 3693 692 249 319 50913 29330 21583 13183 3142 8400 29125
cat_boundaries=0 3 5 7 9 10 12 13 14 17 19
cat_threshold=3120061605 105257593 4 271604736 38141984 16384 393216 2281701376 67113488 64 1049600 4456448 2 6 262234 1156 2 140032 17940480
is_linear=0
shrinkage=0.0711242


Tree=124
num_leaves=21
num_cat=13
split_feature=3 8 3 11 3 6 2 3 2 3 3 3 2 2 3 8 11 4 11 3
split_gain=138604 84387.4 89539.7 71551.4 149435 60755.6 276849 239759 222183 366266 220496 178888 121472 109646 199327 383595 85829 81867.3 77425.2 189125
threshold=0 1.0500000000000003 1 1.0000000180025095e-35 2 1.0000000180025095e-35 3 4 5 6 7 8 9 10 11 1.0500000000000003 1.0000000180025095e-35 4.5000000000000009 1.0000000180025095e-35 12
decision_type=9 2 9 2 9 2 1 9 1 9 9 9 1 1 9 2 2 2 2 9
left_child=1 2 -1 -4 -5 8 7 -7 9 18 12 -8 16 14 15 -12 -10 -9 -2 -20
right_child=5 -3 3 4 -6 6 11 17 10 -11 13 -13 -14 -15 -16 -17 -18 -19 19 -21
leaf_value=-0.37928216073819077 -0.10321791414099279 0.12954925127850464 -0.054374352838718096 -0.5139243356818588 1.3477839712211996 1.1207092919947783 -0.44281216146130942 -2.2526119932278035 -0.79038798272868593 -0.8528135902042977 -0.12073632485090305 0.14011453499133258 -0.23623750798779994 0.021713269151810988 0.23143842009603094 3.4088069512912571 -2.6142971101074641 0.097271141271357511 1.5950633631959035 -0.489978361535165
leaf_weight=3683 3400 42312 3272 345 572 1919 5187 78 597 4853 314 5457 7440 13103 3529 309 167 1896 471 402
leaf_count=3683 3400 42312 3272 345 572 1919 5187 78 597 4853 314 5457 7440 13103 3529 309 167 1896 471 402
internal_value=0.00662622 0.0897496 -0.124059 0.101003 0.656469 -0.0782965 0.0436927 0.556093 -0.129595 -0.43047 -0.0215646 -0.144106 -0.324898 0.122763 0.440831 1.60435 -1.17396 0.00430083 0.0500805 0.647644
internal_weight=99306 50184 7872 4189 917 49122 14537 3893 34585 9126 25459 10644 8204 17255 4152 623 764 1974 4273 873
internal_count=99306 50184 7872 4189 917 49122 14537 3893 34585 9126 25459 10644 8204 17255 4152 623 764 1974 4273 873
cat_boundaries=0 2 4 6 7 9 10 12 14 17 18 19 20 22
cat_threshold=3043836701 1015852140 286015493 746594380 543162368 268468256 9 1107472416 53694976 9 176162818 57888784 33554464 24318464 1073911842 1127432320 2 64 80 1073742912 2048 22237184
is_linear=0
shrinkage=0.0711242


Tree=125
num_leaves=21
num_cat=7
split_feature=10 1 1 9 1 1 9 7 9 1 10 1 10 9 7 8 7 9 1 10
split_gain=133740 244294 207512 200565 202004 128074 118075 96385.3 175106 112693 109108 93260.3 137059 181287 132679 117618 348536 96942.2 112065 133559
threshold=26.085000000000004 0 1 15.265000000000002 2 3 41.785000000000004 17.145000000000003 4.705000000000001 4 27.295000000000005 5 15.455000000000002 9.8250000000000011 11.825000000000001 2.4500000000000006 18.915000000000003 8.2350000000000012 6 12.235000000000001
decision_type=8 1 1 10 1 1 10 2 8 1 8 1 10 8 2 2 2 8 1 10
left_child=1 3 -2 4 -1 -4 7 -7 -9 -10 -11 12 14 15 17 -14 -17 18 19 -3
right_child=2 11 5 -5 -6 6 -8 8 9 10 -12 -13 13 -15 -16 16 -18 -19 -20 -21
leaf_value=0.93887879654697393 -0.82987608785021971 0.084892219494766372 0.95375786329870049 0.040061560853148423 3.3904093535820077 0.023280988125527417 -0.79926584314710203 -1.6137246589964154 -0.60274431512549409 1.752154777981408 -0.061884327195536125 0.07108739957756402 -0.65703214096766749 -0.36592127079141595 0.14522892990266134 -5.6345177437773444 0.39525783378120505 -0.11728431838212951 -1.557574024467848 -2.9756182506850988
leaf_weight=651 1987 653 585 720 235 17370 1172 468 2282 174 4589 56062 155 1634 6947 123 80 2604 616 81
leaf_count=651 1987 653 585 720 235 17370 1172 468 2282 174 4589 56062 155 1634 6947 123 80 2604 616 81
internal_value=-0.00091551 0.0516892 -0.130578 0.916087 1.63825 -0.0780755 -0.101603 -0.0687808 -0.281625 -0.193114 0.00440687 0.0314183 -0.140993 -0.683568 -0.0419702 -2.13294 -3.2591 -0.370867 -0.859959 -0.249758
internal_weight=99188 70561 28627 1606 886 26640 26055 24883 7513 7045 4763 68955 12893 1992 10901 358 203 3954 1350 734
internal_count=99188 70561 28627 1606 886 26640 26055 24883 7513 7045 4763 68955 12893 1992 10901 358 203 3954 1350 734
cat_boundaries=0 2 4 6 8 10 11 12
cat_threshold=2134088 521 185623552 7268 2101312 512 1140853137 128 2957017672 18 135005057 134218368
is_linear=0
shrinkage=0.0711242


Tree=126
num_leaves=21
num_cat=9
split_feature=3 9 3 2 2 9 7 9 3 3 9 8 8 3 9 9 2 9 9 3
split_gain=188790 73349.7 314259 281600 93927.3 218677 465951 177244 180960 166990 248275 154812 126380 186795 125119 94326.6 121342 166674 145619 132850
threshold=0 47.595000000000006 1 2 3 7.2750000000000012 17.325000000000003 18.235000000000003 4 5 9.3850000000000033 2.4500000000000006 2.1500000000000008 6 5.2550000000000008 22.885000000000002 7 27.555000000000003 28.675000000000004 8
decision_type=9 8 9 1 1 10 2 10 9 9 10 2 2 9 10 10 1 10 10 9
left_child=-1 4 3 -3 7 6 -6 8 -2 -7 11 -11 13 -8 -14 -12 17 19 -18 -17
right_child=1 2 -4 -5 5 9 12 -9 -10 10 15 -13 14 -15 -16 16 18 -19 -20 -21
leaf_value=-0.095101547443468812 0.48851891823746207 4.3197689590099095 -0.64994840676003907 0.27446901521598838 -2.6405792883332388 -0.095905554422771114 2.1875154692316094 -0.84357391832462592 -0.086275393884834933 -0.77267383067390072 0.43087892158967567 -4.1545724083511502 1.5521810399155358 0.040909478701106852 5.5823035996042618 3.4804651066719172 -0.019008523651817922 0.21402512285600156 -1.3705900521788124 0.85541390377551296
leaf_weight=43601 3587 116 2003 301 144 9829 512 1222 12053 351 11301 85 79 349 77 117 3802 8620 451 534
leaf_count=43601 3587 116 2003 301 144 9829 512 1222 12053 351 11301 85 79 349 77 117 3802 8620 451 534
internal_value=0.015658 0.102618 -0.280299 1.47523 0.120085 0.184564 1.14494 -0.0186357 0.0458116 0.152839 0.249564 -1.43269 1.68112 1.34338 3.54342 0.279215 0.152478 0.296588 -0.161979 1.3942
internal_weight=99134 55533 2420 417 53113 36251 1161 16862 15640 35090 25261 436 1017 861 156 24825 13524 9271 4253 651
internal_count=99134 55533 2420 417 53113 36251 1161 16862 15640 35090 25261 436 1017 861 156 24825 13524 9271 4253 651
cat_boundaries=0 3 5 6 7 9 11 13 14 16
cat_threshold=1577319177 1531974932 7 16777346 1015808 81 88 3146832 2097162 1104 11386888 0 11313152 6 537919520 130
is_linear=0
shrinkage=0.0711242


Tree=127
num_leaves=21
num_cat=13
split_feature=3 1 1 3 10 9 3 3 9 1 10 3 1 3 3 9 9 1 3 9
split_gain=137461 251543 202873 152848 124523 116555 178103 115973 100395 162086 143459 115648 154199 191814 109819 118092 113331 99766.4 134854 123557
threshold=0 1 2 3 49.515000000000008 5.9050000000000011 4 5 36.555000000000007 6 11.265000000000002 7 8 9 10 7.6350000000000007 7.0150000000000006 11 12 15.265000000000002
decision_type=9 1 1 9 8 10 9 9 8 1 8 9 1 9 9 10 10 1 9 10
left_child=1 -1 3 -2 -3 6 -5 -6 11 10 -10 12 13 -4 16 -16 -14 18 19 -13
right_child=2 4 8 5 7 -7 -8 -9 9 -11 -12 17 14 -15 15 -17 -18 -19 -20 -21
leaf_value=0.26469183323269641 -0.56745319163767105 -0.033675153289490119 1.3265428446531287 2.002786909783473 0.49212711637604617 -0.20239742050133999 -0.02352135233047907 -1.2894452494487751 4.2194807226508955 -0.2934983832733411 0.40235373925698553 1.3231173810947121 -2.4635602225824909 0.28187594290650747 1.3786033383406728 0.092542006490802201 -0.27356570240961386 -0.13868998611139771 -0.088233882256651588 0.28178829373070374
leaf_weight=21769 6298 24181 1244 308 244 7678 716 733 75 6850 148 778 128 3120 418 2654 1791 13680 3775 2224
leaf_count=21769 6298 24181 1244 308 244 7678 716 733 75 6850 148 778 128 3120 418 2654 1791 13680 3775 2224
internal_value=-0.000479194 0.0877199 -0.0802517 -0.300704 -0.0654571 -0.107212 0.605399 -0.852663 0.00945706 -0.231442 1.61491 0.0666149 0.273607 0.582041 0.00329115 0.2667 -0.417571 -0.0281636 0.194818 0.549859
internal_weight=98812 46927 51885 15000 25158 8702 1024 977 36885 7073 223 29812 9355 4364 4991 3072 1919 20457 6777 3002
internal_count=98812 46927 51885 15000 25158 8702 1024 977 36885 7073 223 29812 9355 4364 4991 3072 1919 20457 6777 3002
cat_boundaries=0 3 5 7 10 12 14 16 19 21 24 27 29 31
cat_threshold=2913481151 1045123840 4 3497434548 4248 201622162 542 1074857536 1084235854 2 268582912 16779264 2298482721 33554944 1092616257 64 1073807936 3229622376 2 2711298152 193 1073742400 0 2 1073742400 8 2 12737856 289 37783552 1050647
is_linear=0
shrinkage=0.0711242


Tree=128
num_leaves=21
num_cat=8
split_feature=1 9 9 10 1 1 7 2 7 7 9 10 1 10 7 6 2 1 9 1
split_gain=119866 156463 219278 189826 280369 177879 153234 310935 323183 160377 166181 151053 150973 149664 354447 211302 147834 141681 137027 130869
threshold=0 17.075000000000003 10.255000000000001 12.625000000000002 1 2 8.7950000000000017 3 7.9150000000000009 12.805000000000001 9.0450000000000017 30.325000000000003 4 19.335000000000004 15.335000000000003 1.0000000180025095e-35 5 6 9.2750000000000004 7
decision_type=1 10 10 10 1 1 2 1 2 2 8 10 1 10 2 2 1 1 8 1
left_child=-1 2 3 19 11 -4 7 8 -6 10 -8 -5 -3 15 17 -11 -17 -15 -16 -2
right_child=1 12 5 4 6 -7 9 -9 -10 13 -12 -13 -14 14 18 16 -18 -19 -20 -21
leaf_value=0.10802305342553778 0.87684251335947849 -1.0852721807229329 0.0078192352240387501 0.56228693828065857 -1.4006462554511878 0.43989335000154289 -3.6394221721127593 -1.4293394246870119 4.5104478911529862 -1.0361549138302375 -1.1736575407288092 -0.44810157326407413 -0.15185964018900291 1.8419882738301856 -4.8533165834804946 2.0770974080582985 -1.0989091411993337 -1.2840291560646104 -2.032615176862921 -0.043400345739292079
leaf_weight=35377 837 897 10589 1339 74 8845 251 257 127 781 308 1697 26743 124 154 226 103 152 201 10128
leaf_count=35377 837 897 10589 1339 74 8845 251 257 127 781 308 1697 26743 124 154 226 103 152 201 10128
internal_value=0.00302637 -0.0551724 0.042129 -0.146392 -0.475685 0.204701 -0.992976 0.191427 2.22396 -1.23314 -2.28122 -0.00246718 -0.182603 -0.896526 -1.77108 -0.399269 1.11248 0.140758 -3.25714 0.0276117
internal_weight=99210 63833 36193 16759 5794 19434 2758 458 201 2300 559 3036 27640 1741 631 1110 329 276 355 10965
internal_count=99210 63833 36193 16759 5794 19434 2758 458 201 2300 559 3036 27640 1741 631 1110 329 276 355 10965
cat_boundaries=0 2 4 6 7 8 9 10 12
cat_threshold=2152880140 7984 44400688 67 522520321 2 64 33882497 1 64 536872080 132
is_linear=0
shrinkage=0.0711242


Tree=129
num_leaves=21
num_cat=9
split_feature=3 9 8 3 10 3 10 9 3 9 3 3 8 3 4 9 3 10 3 10
split_gain=125029 128183 315338 190562 97002.7 161778 92881.2 77835.4 75161.4 86310.8 144206 98077.7 77113.5 107786 74316.5 68476 250793 105357 98566 81266.5
threshold=0 3.3950000000000005 1.4500000000000002 1 33.155000000000008 2 12.135000000000003 13.075000000000001 3 11.085000000000003 4 5 1.1500000000000001 6 4.5000000000000009 5.9050000000000011 7 42.035000000000004 8 40.245000000000012
decision_type=9 8 2 9 8 9 10 8 9 10 9 9 2 9 2 10 9 8 9 8
left_child=-1 2 3 -2 8 7 -4 -6 9 10 -3 -11 13 -13 -5 16 17 -7 -17 -18
right_child=1 4 6 14 5 15 -8 -9 -10 11 -12 12 -14 -15 -16 18 19 -19 -20 -21
leaf_value=-0.093818018417271609 -0.89206617807260546 0.72117490953314489 5.5876857081169948 0.70351736158334932 -1.2933906220490476 0.12407454366194967 2.2555805470283747 -0.36493551504209543 0.042475513644105678 -0.16982745274806782 0.073567459724308448 1.0153498750393564 0.27592919579503333 -0.53879971402586646 2.718503139407817 0.29170636786622645 -0.71854585814467176 3.3255341592869678 -0.12499288456104185 -2.5900462610883603
leaf_weight=27038 366 3734 72 310 688 139 103 1359 31076 4315 3268 266 12495 1245 132 4881 242 83 6946 228
leaf_count=27038 366 3734 72 310 688 139 103 1359 31076 4315 3268 266 12495 1245 132 4881 242 83 6946 228
internal_value=0.0365577 0.085554 0.89215 0.299147 0.0743921 -0.0892337 3.62861 -0.673742 0.116651 0.207579 0.420061 0.126484 0.217739 -0.262006 1.27682 0.00687666 -0.680752 1.2649 0.0471206 -1.59285
internal_weight=98986 71948 983 808 70965 14566 175 2047 56399 25323 7002 18321 14006 1511 442 12519 692 222 11827 470
internal_count=98986 71948 983 808 70965 14566 175 2047 56399 25323 7002 18321 14006 1511 442 12519 692 222 11827 470
cat_boundaries=0 3 5 7 9 11 13 14 16 18
cat_threshold=2152863875 592183848 7 49920 11558912 134226176 3227650 403006324 2217820482 134292224 3162368 66304 3162112 268443712 1108131904 8392832 1663043096 165061
is_linear=0
shrinkage=0.0711242


Tree=130
num_leaves=21
num_cat=8
split_feature=1 9 9 1 11 9 11 1 1 9 11 1 1 1 4 9 11 1 9 11
split_gain=94797 108063 82745.9 273903 151024 144848 169846 148573 94489.9 96571.9 255914 110320 81944.1 80521.6 79724.5 78738.8 378215 108012 143330 192921
threshold=0 39.165000000000006 40.875000000000007 1 1.0000000180025095e-35 49.57500000000001 1.0000000180025095e-35 2 3 30.505000000000006 1.0000000180025095e-35 4 5 6 5.5000000000000009 19.825000000000003 1.0000000180025095e-35 7 13.665000000000001 1.0000000180025095e-35
decision_type=1 10 8 1 2 8 2 1 1 10 2 1 1 1 2 10 2 1 10 2
left_child=1 -1 8 4 -4 12 13 -8 9 11 -11 -2 -5 14 -7 17 -17 18 -10 -20
right_child=2 -3 3 5 -6 6 7 -9 15 10 -12 -13 -14 -15 -16 16 -18 -19 19 -21
leaf_value=-0.056302216216706266 1.0706098793496004 -0.91425699948907668 0.81274799041565027 -0.77743660359136224 3.7436419325017938 -0.65870665177325594 2.8769462139086621 -0.55493601955096872 1.5455614784998497 0.30754886786449387 -0.70412327079948889 0.31272299553607602 0.026746854937920159 -1.3343242659460754 1.8040321776590966 0.034637947983816121 -1.2468584693790081 0.057951758092467998 0.75597726367636287 -0.41544136996534436
leaf_weight=38939 1304 757 431 721 112 350 102 146 543 6612 1564 3853 5201 1227 82 10720 1307 22405 1783 1183
leaf_count=38939 1304 757 431 721 112 350 102 146 543 6612 1564 3853 5201 1227 82 10720 1307 22405 1783 1183
internal_value=0.0125094 -0.0726471 0.0691838 -0.13812 1.39215 -0.245735 -0.785146 0.950672 0.103046 0.265844 0.114019 0.50706 -0.0724395 -1.04467 -0.18665 0.0457539 -0.104633 0.115568 0.481899 0.288754
internal_weight=99342 39696 59646 8372 543 7829 1907 248 51274 13333 8176 5157 5922 1659 432 37941 12027 25914 3509 2966
internal_count=99342 39696 59646 8372 543 7829 1907 248 51274 13333 8176 5157 5922 1659 432 37941 12027 25914 3509 2966
cat_boundaries=0 2 4 6 8 9 11 13 15
cat_threshold=724578722 2770 1141178888 5120 2160197712 4 2160199685 257 2151811076 8421376 1 268469265 256 573456 12
is_linear=0
shrinkage=0.0711242


Tree=131
num_leaves=21
num_cat=11
split_feature=1 3 3 9 1 3 10 1 3 10 9 3 1 1 10 9 9 3 10 9
split_gain=141314 285338 196398 168049 143197 124271 144253 116484 239504 140644 114284 389768 415246 225005 145644 111530 107015 110940 104994 104573
threshold=0 1 2 40.605000000000011 3 4 13.105000000000002 5 6 11.555000000000001 4.2650000000000006 7 8 9 10.355000000000002 4.0150000000000006 19.315000000000001 10 9.6450000000000014 5.9050000000000011
decision_type=1 9 9 8 1 9 8 1 9 8 10 9 1 1 10 8 10 9 10 10
left_child=1 3 -2 7 -5 6 -6 8 9 18 11 12 -4 -13 15 -14 19 -18 -1 -9
right_child=2 -3 10 4 5 -7 -8 16 -10 -11 -12 13 14 -15 -16 -17 17 -19 -20 -21
leaf_value=1.3887410901491151 -0.2408763504164283 -0.081179657706569153 3.3011607923111987 -1.1435831185793128 3.9645909017596286 -0.18786720514206426 0.56072692254673007 -0.45958995236016414 0.20357896151001409 1.0234401496869101 -0.00078414957229226766 -1.6511606779207273 0.30904055047354262 0.42296408305473476 -0.90723528460145475 2.6113180359997545 0.32008325829923107 -0.31298121475519358 5.2309358473267737 0.51764203852163637
leaf_weight=72 21711 22465 392 616 72 2347 499 606 2936 2386 31047 440 274 637 262 174 2913 2678 72 6440
leaf_count=72 21711 22465 392 616 72 2347 499 606 2936 2386 31047 440 274 637 262 174 2913 2678 72 6440
internal_value=0.0015518 0.0963618 -0.0745632 0.280649 -0.167838 0.0419485 0.973433 0.368357 0.642608 1.14926 0.0341516 0.532062 1.46471 -0.431861 0.418736 1.20357 0.249023 0.0168678 3.31185 0.433589
internal_weight=99039 44102 54937 21637 3534 2918 571 18103 5466 2530 33226 2179 1102 1077 710 448 12637 5591 144 7046
internal_count=99039 44102 54937 21637 3534 2918 571 18103 5466 2530 33226 2179 1102 1077 710 448 12637 5591 144 7046
cat_boundaries=0 2 4 7 9 11 13 15 17 19 21 23
cat_threshold=1146280094 4521 3206431019 2925105601 2972336179 2270747713 3 1085442 129 131114 2148598016 5277824 257 2869428235 742424705 1141943752 671425184 539041857 2628 2418352416 2564 1023934464 2756186305
is_linear=0
shrinkage=0.0711242


Tree=132
num_leaves=21
num_cat=12
split_feature=3 11 9 9 3 3 3 3 2 9 3 3 3 9 8 3 2 4 2 9
split_gain=151495 75422.6 584349 428727 414172 288104 216450 129910 120926 174453 200672 145840 119398 134212 249922 261473 179891 119356 117752 211777
threshold=0 1.0000000180025095e-35 10.775 9.1550000000000029 1 2 3 4 5 8.0050000000000008 6 7 8 15.475000000000003 1.2500000000000002 9 10 2.5000000000000004 11 12.885000000000003
decision_type=9 2 10 10 9 9 9 9 1 8 9 9 9 10 2 9 1 2 1 10
left_child=-1 3 4 5 -3 -2 18 -6 -7 10 -10 -11 -5 14 -14 -16 -15 -17 19 -4
right_child=1 2 6 12 7 8 -8 -9 9 11 -12 -13 13 16 15 17 -18 -19 -20 -21
leaf_value=-0.10786939666185287 -0.017205451976837104 -0.38960328351888174 2.5033832140961856 0.046134570235947123 1.7239997475072246 -1.8458536318675698 -0.70277228848353013 0.71689197535581939 -2.6792284329779665 0.64423259107502173 -0.53314917762719083 -0.97298618486416688 0.24622658429265964 -0.43129674049668365 0.099372413528912615 2.3806380874078452 0.27362313502662616 1.1368032667868755 -0.80288740534923964 0.059803005272822139
leaf_weight=37997 3645 1612 193 15987 913 637 5370 2403 376 592 554 521 4380 2051 811 701 16543 881 688 2534
leaf_count=37997 3645 1612 193 15987 913 637 5370 2403 376 592 554 521 4380 2051 811 701 16543 881 688 2534
internal_value=0.00373089 0.0728088 -0.0741764 0.115099 0.54572 -0.430244 -0.421913 0.998569 -0.988238 -0.71308 -1.43552 -0.115764 0.198508 0.294404 0.565584 1.15008 0.195781 1.67746 0.0217314 0.231969
internal_weight=99389 61392 13713 47679 4928 6325 8785 3316 2680 2043 930 1113 41354 25367 6773 2393 18594 1582 3415 2727
internal_count=99389 61392 13713 47679 4928 6325 8785 3316 2680 2043 930 1113 41354 25367 6773 2393 18594 1582 3415 2727
cat_boundaries=0 3 5 7 10 12 13 15 17 20 22 23 24
cat_threshold=2281786376 1811611821 1 316674225 2147486800 285389239 320512 601133312 2147520592 6 426496 67109376 35 1177288768 594 1680605760 268435536 605991684 67420160 2 297795618 2147485760 88 166
is_linear=0
shrinkage=0.0711242


Tree=133
num_leaves=21
num_cat=10
split_feature=3 10 3 9 3 2 9 10 9 10 10 3 10 3 10 0 2 3 9 3
split_gain=102360 75100.3 185736 93983.7 104391 107633 96514.4 100566 89096 73403.3 70067.8 75998.4 65273.4 93127.9 62898.7 63371.2 61706 126896 121689 311154
threshold=0 36.785000000000004 1 19.695000000000004 2 3 30.205000000000002 12.235000000000001 12.295000000000002 35.455000000000005 39.955000000000005 4 49.515000000000008 5 6.8850000000000007 6 7 8 19.435000000000006 9
decision_type=9 10 9 10 9 1 10 8 8 10 10 9 10 9 8 1 1 9 8 9
left_child=1 3 -3 16 14 6 7 -6 10 -7 11 -4 -2 -14 -5 -16 17 -1 -18 -20
right_child=12 2 8 4 5 9 -8 -9 -10 -11 -12 -13 13 -15 15 -17 18 -19 19 -21
leaf_value=-0.11274229527489632 0.063445700581084966 0.226425122626465 -0.41801012676888366 -1.1538552838573328 0.1142236030639541 -0.804198975586082 -0.28859233433164316 2.5061349802315576 -0.48059213704344328 0.91660374923143018 -0.82041152708839493 -2.9009489859386055 0.38034835722884536 -1.5611396803848896 0.25231122417257379 -0.19171169031756721 -0.090071913946572879 0.52231539091275903 -1.0162705779608792 2.1672820809165563
leaf_weight=3046 61677 1552 106 241 264 2897 2086 134 1687 131 441 220 215 286 3045 3466 13965 3322 252 381
leaf_count=3046 61677 1552 106 241 264 2897 2086 134 1687 131 441 220 215 286 3045 3466 13965 3322 252 381
internal_value=0.0010212 -0.0922245 -0.383161 -0.0571778 -0.213571 -0.442858 -0.094552 0.919916 -0.76648 -0.727326 -1.40515 -2.19573 0.0568682 -0.751608 -0.0256953 0.0160381 0.0343045 0.218851 -0.046318 0.91811
internal_weight=99414 37236 4006 33230 12264 5512 2484 398 2454 3028 767 326 62178 501 6752 6511 20966 6368 14598 633
internal_count=99414 37236 4006 33230 12264 5512 2484 398 2454 3028 767 326 62178 501 6752 6511 20966 6368 14598 633
cat_boundaries=0 3 6 8 9 11 13 14 15 17 19
cat_threshold=2550851265 158799873 1 2281734144 138418176 1 2550661313 134612993 2 679936 2097152 1632632856 536871848 36 164 134250624 154537985 2282374209 6144
is_linear=0
shrinkage=0.0711242


Tree=134
num_leaves=21
num_cat=14
split_feature=3 1 9 3 1 3 3 9 3 9 1 9 3 1 3 1 9 1 9 3
split_gain=125267 194778 202838 157624 146025 118132 105973 140106 130248 149768 119793 96144.5 179986 176939 160674 165538 144630 113752 133188 108280
threshold=0 1 4.495000000000001 2 3 4 5 12.685 6 3.7250000000000005 7 16.425000000000004 8 9 10 11 14.255000000000001 12 9.4950000000000028 13
decision_type=9 1 8 9 1 9 9 8 9 10 1 8 9 1 9 1 10 1 10 9
left_child=4 -2 3 -3 6 -4 10 8 -8 -10 -1 12 17 -14 15 19 -17 18 -7 -15
right_child=1 2 5 -5 -6 11 7 -9 9 -11 -12 -13 13 14 -16 16 -18 -19 -20 -21
leaf_value=0.44216896879886142 -0.21800634472122568 2.7156326910988042 -0.27193972415220469 0.49473340893609641 -0.0027376851924367607 -3.5620736065785068 0.14941566803310011 0.25718965492794826 4.076824784518263 1.1040996283543041 -0.28475393757354089 -0.022180113035976678 0.092497686274016055 1.4678048226222136 0.34063130471343889 2.8851975964064009 0.60952552706365926 -0.045834036855017093 -0.69561410716963079 -0.058615063062052594
leaf_weight=1903 25334 226 5807 562 27896 108 808 6815 91 1463 2853 16137 4138 447 1966 465 203 1259 340 491
leaf_count=1903 25334 226 5807 562 27896 108 808 6815 91 1463 2853 16137 4138 447 1966 465 203 1259 340 491
internal_value=-0.00242263 -0.0705577 0.0456664 1.17266 0.0912062 0.0173601 0.279162 0.420345 0.892845 1.27022 0.00642697 0.0831764 0.263803 0.409841 0.776173 1.30389 2.16146 -0.395876 -1.35691 0.676671
internal_weight=99312 57483 32149 788 41829 31361 13933 9177 2362 1554 4756 25554 9417 7710 3572 1606 668 1707 448 938
internal_count=99312 57483 32149 788 41829 31361 13933 9177 2362 1554 4756 25554 9417 7710 3572 1606 668 1707 448 938
cat_boundaries=0 3 5 7 9 12 14 16 18 21 23 25 26 27 29
cat_threshold=703087205 2708063829 4 2040210201 78 105472 469762048 1486291032 332 1073744896 1074004232 2 155205669 21495808 2097152 2684387857 1351614464 260 67174402 2208 1 69206080 5648 1056784 479211520 263298 263360 1056768 201334784
is_linear=0
shrinkage=0.0711242


Tree=135
num_leaves=21
num_cat=10
split_feature=3 10 11 2 3 10 3 2 4 3 4 8 10 3 3 10 10 8 3 2
split_gain=146724 132290 217366 161797 207233 140452 134759 107679 107420 100281 130181 222962 96303.4 118046 95313.3 77022.5 76990.4 81734.8 75801.9 74798.4
threshold=0 11.555000000000001 1.0000000180025095e-35 1 2 23.425000000000004 3 4 2.5000000000000004 5 1.0000000180025095e-35 1.4500000000000002 27.035000000000004 6 7 13.205000000000002 4.7550000000000008 2.7000000000000006 8 9
decision_type=9 8 2 1 9 10 9 1 2 9 2 2 10 9 9 10 10 2 9 1
left_child=1 14 7 4 5 -4 8 9 -5 10 11 15 18 -14 16 -3 17 -1 -8 -2
right_child=19 2 3 6 -6 -7 12 -9 -10 -11 -12 -13 13 -15 -16 -17 -18 -19 -20 -21
leaf_value=0.48779461106777355 0.037859629548948268 -1.3667702110291069 0.70209842759027574 -0.65106626999138606 -0.36498812030361333 3.2348261369973783 -0.13205934600552222 0.18285272356680499 2.1731546696708479 -0.32871853694855868 -0.00011297595120648254 4.1964523015859694 -1.9525102940733083 -0.53005003129382611 0.46688068213305106 1.0342576837535891 -0.031860360138385786 2.8760221926383789 -0.80710313013457213 -0.14589749273628469
leaf_weight=569 16843 89 423 118 933 150 1805 21973 161 4790 2947 103 549 680 6848 280 4764 83 1590 33468
leaf_count=569 16843 89 423 118 933 150 1805 21973 161 4790 2947 103 549 680 6848 280 4764 83 1590 33468
internal_value=0.000860435 0.088645 0.0209056 -0.355279 0.289126 1.34209 -0.552678 0.100788 0.944988 -0.118953 0.175028 1.27206 -0.644904 -1.18576 0.290823 0.454959 0.0672258 0.792163 -0.450986 -0.0843844
internal_weight=99166 48855 36591 6409 1506 573 4903 30182 279 8209 3419 472 4624 1229 12264 369 5416 652 3395 50311
internal_count=99166 48855 36591 6409 1506 573 4903 30182 279 8209 3419 472 4624 1229 12264 369 5416 652 3395 50311
cat_boundaries=0 3 4 6 8 9 11 13 15 17 18
cat_threshold=1066440892 1085944762 4 10 385910788 537344 32768 1048576 88 268472472 1082134682 25170084 8925450 453017728 1082663218 864028832 1074405402 70
is_linear=0
shrinkage=0.0711242


Tree=136
num_leaves=21
num_cat=10
split_feature=3 10 9 2 5 9 3 3 2 3 9 10 9 8 3 10 9 0 0 3
split_gain=120280 83044.4 83393.4 78692.5 255167 295991 291679 271959 239483 253458 183524 168495 222986 160543 150243 141190 137765 151583 121986 144389
threshold=0 46.165000000000006 9.4950000000000028 1 1.0000000180025095e-35 9.4950000000000028 2 3 4 5 11.285000000000002 19.065000000000001 9.1550000000000029 1.7500000000000002 6 8.3550000000000022 10.045000000000002 7 8 9
decision_type=9 10 10 1 2 8 9 9 1 9 8 10 10 2 9 8 10 1 1 9
left_child=3 -2 -3 4 5 7 -7 -1 9 -6 -10 12 13 15 -12 -11 17 -8 -13 -20
right_child=1 2 -4 -5 8 6 16 -9 10 11 14 18 -14 -15 -16 -17 -18 -19 19 -21
leaf_value=0.38217624698544483 -0.084803380634153547 -2.2690218694669473 -0.46300432126980046 0.10571801787240119 -0.20360750265117686 -0.57959867143274935 4.0488126606558721 -1.7622798785886673 -3.9289963097996057 0.15190798654944035 1.4162012227117626 -0.70432556466172636 0.7378375438817234 5.6358217993675197 -0.74649585295527021 3.8816953990934895 0.32660044808445127 0.38411924469211856 -0.5404538555823295 2.509351214001589
leaf_weight=403 52142 149 977 36709 625 2746 102 1164 72 84 210 197 229 125 613 132 1895 136 118 228
leaf_count=403 52142 149 977 36709 625 2746 102 1164 72 84 210 197 229 125 613 132 1895 136 118 228
internal_value=-0.0251828 -0.0978358 -0.702147 0.0593474 -0.128052 -0.369177 -0.0960323 -1.21959 0.461768 0.945348 -0.482467 1.58657 2.45488 3.60749 -0.186424 2.43187 0.526751 2.1418 0.70405 1.4834
internal_weight=99056 53268 1126 45788 9079 6446 4879 1567 2633 1738 895 1113 570 341 823 216 2133 238 543 346
internal_count=99056 53268 1126 45788 9079 6446 4879 1567 2633 1738 895 1113 570 341 823 216 2133 238 543 346
cat_boundaries=0 3 4 6 8 9 11 13 14 15 17
cat_threshold=2776736311 4148661800 4 65 562077750 3221392416 512 67502080 1 2222981665 1140854272 33298 1631584768 44 24 16883728 262152
is_linear=0
shrinkage=0.0711242


Tree=137
num_leaves=21
num_cat=13
split_feature=3 1 1 3 3 3 1 3 10 10 1 3 3 1 10 10 10 3 10 10
split_gain=106872 166423 158782 123446 107860 99865.6 88185.4 135675 93689.1 87834.4 82133.5 78048.2 70217.9 69526.6 108929 105905 68582 75716.8 61300.3 70406.1
threshold=0 1 2 3 4 5 6 7 6.245000000000001 48.385000000000012 8 9 10 11 10.545000000000002 7.0050000000000008 8.3550000000000022 12 21.805000000000003 19.335000000000004
decision_type=9 1 1 9 9 9 1 9 10 10 1 9 9 1 8 10 8 9 8 10
left_child=2 3 4 9 10 13 7 8 -6 -2 11 -1 -12 14 15 -3 17 -13 19 -14
right_child=1 5 -4 -5 6 -7 -8 -9 -10 -11 12 16 18 -15 -16 -17 -18 -19 -20 -21
leaf_value=-0.202000437219408 0.25212447295762791 -0.095495269049619677 -0.021259948653739268 -0.095334741725869712 2.3339029606917756 -0.29388586026860147 0.29505604569089655 1.2187169073923922 -0.31816092652754191 -1.6430209628409522 0.22104769523200432 0.73467205723999329 -0.21302286738069723 -0.14211606379772276 0.14718332577479826 2.8110943629753016 0.61163108888916784 -1.6505925968086768 -0.65267122189538074 1.0725793767498544
leaf_weight=1067 11268 105 31976 12047 76 17700 6108 1437 589 125 2033 116 1520 5745 2634 160 2733 140 1465 251
leaf_count=1067 11268 105 31976 12047 76 17700 6108 1437 589 125 2033 116 1520 5745 2634 160 2733 140 1465 251
internal_value=-0.000908482 -0.0744863 0.0730753 0.0633677 0.245014 -0.197121 0.432955 0.830338 -0.0145807 0.231116 0.0792564 0.319464 -0.105909 0.00113098 0.284515 1.65977 0.505668 -0.60565 -0.311366 -0.0307728
internal_weight=99295 49784 49511 23440 17535 26344 8210 2102 665 11393 9325 4056 5269 8644 2899 265 2989 256 3236 1771
internal_count=99295 49784 49511 23440 17535 26344 8210 2102 665 11393 9325 4056 5269 8644 2899 265 2989 256 3236 1771
cat_boundaries=0 3 5 7 10 12 15 16 18 20 22 24 26 28
cat_threshold=1340342504 2635377279 4 3372636700 1947 2795219136 2049 538671376 590208 1 195297320 218106409 2416444422 539119616 2 570949696 71303168 2147516480 76744704 2048 262144 16777225 262152 67108905 579960864 4 10485768 134218272
is_linear=0
shrinkage=0.0711242


Tree=138
num_leaves=21
num_cat=14
split_feature=1 3 3 10 1 7 3 1 3 3 1 10 3 1 10 11 1 3 11 3
split_gain=136670 235582 187686 146381 179338 199425 115220 117107 124387 113464 114793 113336 195163 157621 105785 93728.3 86507.9 124722 110697 106531
threshold=0 1 2 11.745000000000003 3 19.155000000000005 4 5 6 7 8 11.265000000000002 9 10 13.915000000000001 1.0000000180025095e-35 11 12 1.0000000180025095e-35 13
decision_type=1 9 9 10 1 2 9 1 9 9 1 8 9 1 10 2 1 9 2 9
left_child=1 -1 -2 4 5 15 -6 8 -8 10 14 16 -13 -14 -5 -4 17 -9 -19 -18
right_child=2 -3 3 9 6 -7 7 11 -10 -11 -12 12 13 -15 -16 -17 19 18 -20 -21
leaf_value=-0.078229671323671798 -0.22108090436475458 0.23095736257793154 -0.63090650735733766 -4.1954721921332867 -0.13139289720620845 4.4683862881636971 -1.1237158190742851 -0.14512063389027957 0.49041680997931619 0.036291060487839602 -0.2891325358845741 3.1698933590223253 2.0753150585798701 -1.5015457510967045 -1.0185718856966353 2.0461305462780843 0.75702189643178186 0.85672454809208487 2.5045043958170985 -0.092911631688627649
leaf_weight=21865 22216 28984 123 71 3097 105 474 410 475 13092 3698 204 105 126 209 143 1191 691 294 1969
leaf_count=21865 22216 28984 123 71 3097 105 474 410 475 13092 3698 204 105 126 209 143 1191 691 294 1969
internal_value=0.0164755 0.0980182 -0.0686836 0.0592235 0.284521 1.79667 0.220186 0.403436 -0.319137 -0.0649004 -0.397019 0.541222 1.63906 0.143102 -1.76228 0.808448 0.437537 0.902187 1.33517 0.228816
internal_weight=99542 50849 48693 26477 9407 371 9036 5939 949 17070 3978 4990 435 231 280 266 4555 1395 985 3160
internal_count=99542 50849 48693 26477 9407 371 9036 5939 949 17070 3978 4990 435 231 280 266 4555 1395 985 3160
cat_boundaries=0 2 4 7 9 11 13 15 18 19 21 23 24 26 28
cat_threshold=2217462142 2979 1382257664 520077340 848309054 637681111 1 537919488 4112 1277427777 411631648 8664064 76 2148093952 22052872 2147651584 19956224 2 570425344 17404928 4489224 1476395009 1024 37749376 32768 2146824 163840 18923528
is_linear=0
shrinkage=0.0711242


Tree=139
num_leaves=21
num_cat=15
split_feature=3 1 3 1 3 1 9 5 9 3 1 3 10 1 3 1 1 9 1 3
split_gain=103863 174335 178529 141602 217033 145219 178973 177036 130990 223066 191887 115549 150980 123973 115456 109461 107172 105225 101420 94433.6
threshold=0 1 2 3 4 5 7.6350000000000007 1.0000000180025095e-35 3.3950000000000005 6 7 8 4.9350000000000014 9 10 11 12 11.495000000000003 13 14
decision_type=9 1 9 1 9 1 8 2 10 9 1 9 8 1 9 1 1 10 1 9
left_child=1 2 -1 4 5 6 7 -2 9 10 -6 16 15 19 17 -13 -3 -8 -11 -14
right_child=3 11 -4 -5 8 -7 14 -9 -10 18 -12 12 13 -15 -16 -17 -18 -19 -20 -21
leaf_value=-0.025836550042020522 -4.2505826352653147 0.18762904041334674 -0.56068067343322359 -0.013885225209903923 1.0374682299341582 0.089926596306313333 3.2617866363508017 -0.040117073395632113 0.36443341677216751 1.4277537602034138 5.2445692291490014 2.5697343145499558 0.88546635302199184 -0.089694616272392447 -0.61982183404706459 0.38589018776551126 -0.33821080056734909 -0.31071352133619662 -1.5192281930745826 0.19596830027963402
leaf_weight=5959 129 2818 6722 45187 138 5415 80 83 10805 102 106 207 1270 7565 1275 278 6407 87 115 4772
leaf_count=5959 129 2818 6722 45187 138 5415 80 83 10805 102 106 207 1270 7565 1275 278 6407 87 115 4772
internal_value=-0.000926201 -0.0974301 -0.309569 0.0537696 0.220422 -0.088504 -0.669669 -2.60285 0.414168 1.58855 3.0008 0.0180262 0.146092 0.102238 -0.38996 1.37919 -0.177551 1.32233 -0.132117 0.342132
internal_weight=99520 35998 12681 63522 18335 7069 1654 212 11266 461 244 23317 14092 13607 1442 485 9225 167 217 6042
internal_count=99520 35998 12681 63522 18335 7069 1654 212 11266 461 244 23317 14092 13607 1442 485 9225 167 217 6042
cat_boundaries=0 3 5 7 9 11 13 15 17 20 22 24 25 27 29 30
cat_threshold=3241544026 13754898 7 3121188994 1688 19136530 5300240 2149224832 4760 8947232 3256879501 128 4112 369188868 269352992 1184000 520 19136528 5300224 4 8790648 4418 8388608 35651584 1073758977 1142163748 4096 384 4608 131392
is_linear=0
shrinkage=0.0711242


Tree=140
num_leaves=21
num_cat=11
split_feature=3 1 1 3 3 1 1 9 9 9 3 1 10 3 9 10 9 1 10 9
split_gain=146647 178812 174881 84365.9 82791.7 175770 162561 281864 114270 217411 204578 356205 131245 118560 128237 95880.4 82682 171752 171029 113384
threshold=0 1 2 3 4 5 6 9.2750000000000004 14.655000000000003 8.1150000000000002 7 8 32.545000000000009 9 7.2750000000000012 14.115 6.6250000000000009 10 7.4750000000000005 10.875000000000002
decision_type=9 1 1 9 9 1 1 8 10 8 9 1 10 9 10 10 8 1 10 8
left_child=1 -1 3 16 5 8 7 -6 9 13 11 12 -11 14 -4 -12 17 -2 -19 -18
right_child=2 -3 4 -5 6 -7 -8 -9 -10 10 15 -13 -14 -15 -16 -17 19 18 -20 -21
leaf_value=0.048012051596686797 -1.4878487166397429 -0.29159155093669342 1.8709644388758981 -0.25294295600750277 -4.5184828742883232 0.093535707671544538 0.10444709973596931 -0.35508820174578559 0.32707697882625258 3.2917766684163903 1.6553248270308782 1.344415849103668 7.2263332484524687 -1.1458591543498993 -1.6347108692502239 0.017135734255452839 0.58354766348026121 -0.16624674534231973 3.4612996966092013 -0.029533933063500495
leaf_weight=14761 513 16726 190 10996 85 14054 23328 2475 4389 86 267 674 86 316 73 559 1966 584 74 6817
leaf_count=14761 513 16726 190 10996 85 14054 23328 2475 4389 86 267 674 86 316 73 559 1966 584 74 6817
internal_value=-0.00568657 -0.132422 0.053416 -0.117217 0.130166 0.236207 0.0453413 -0.491556 0.537581 0.950382 1.3617 2.132 4.97276 -0.237408 0.864811 0.540252 0.0328208 -0.528517 0.238494 0.107704
internal_weight=99019 31487 67532 20950 46582 20694 25888 2560 6640 2251 1672 846 172 579 263 826 9954 1171 658 8783
internal_count=99019 31487 67532 20950 46582 20694 25888 2560 6640 2251 1672 846 172 579 263 826 9954 1171 658 8783
cat_boundaries=0 3 5 7 9 12 14 16 18 19 21 23
cat_threshold=2248182537 2628200456 3 2401595685 2844 186730273 6148 1356668992 1095783012 1747473600 33587671 4 3221923912 64 131136 64 525504 151 524352 1610613824 33554692 134283776 4096
is_linear=0
shrinkage=0.0711242


Tree=141
num_leaves=21
num_cat=4
split_feature=9 2 10 7 7 8 9 9 9 2 9 10 7 7 4 10 7 0 7 2
split_gain=120695 293814 277025 208449 199497 154123 352139 202175 142951 117832 109362 139291 95835.1 93841.8 90991.2 87574.9 142529 80321.3 78313.3 75189.3
threshold=38.165000000000006 0 9.6450000000000014 17.085000000000004 19.875000000000004 2.8500000000000001 16.635000000000002 27.055000000000003 31.765000000000004 1 49.57500000000001 8.5750000000000011 10.985000000000001 7.9150000000000009 3.5000000000000004 16.005000000000006 12.685 2 17.445000000000004 3
decision_type=8 1 10 2 2 2 10 10 10 1 8 10 2 2 2 10 2 1 2 1
left_child=5 2 -2 14 -5 7 -7 19 13 -9 -3 12 -12 -8 -4 -16 -17 -15 -14 -1
right_child=1 10 3 4 -6 6 8 9 -10 -11 11 -13 18 17 15 16 -18 -19 -20 -21
leaf_value=1.3220045132491745 2.5992378368627875 -0.1738074460673579 -1.2271133672529915 4.5831692869378662 -0.15387558295451065 5.2974696215453481 1.4156119298620697 -0.084059360765414246 0.020370475669985497 -0.93658398400699217 2.3926412040821812 -0.89768489985937605 -1.7049137791101661 1.5234393727811084 -0.96586667173260821 4.0037772838621652 -0.50135770808489311 0.34257226660410073 1.075831865956413 0.028477390040832259
leaf_weight=218 346 9863 340 93 87 70 506 1560 6977 1742 110 2212 95 300 108 70 72 5566 111 68842
leaf_count=218 346 9863 340 93 87 70 506 1560 6977 1742 110 2212 95 300 108 70 72 5566 111 68842
internal_value=0.0166995 -0.180919 0.919595 0.176578 2.29463 0.0478165 0.269202 0.00676185 0.2428 -0.536921 -0.280559 -0.698141 0.698525 0.486346 -0.469849 0.560095 1.72057 0.406167 -0.206725 0.0327579
internal_weight=99288 13507 1116 770 180 85781 13419 72362 13349 3302 12391 2528 316 6372 590 250 142 5866 206 69060
internal_count=99288 13507 1116 770 180 85781 13419 72362 13349 3302 12391 2528 316 6372 590 250 142 5866 206 69060
cat_boundaries=0 1 2 3 4
cat_threshold=25 2 2 2
is_linear=0
shrinkage=0.0711242


Tree=142
num_leaves=21
num_cat=7
split_feature=1 11 1 4 1 4 1 1 7 7 7 1 7 7 7 1 7 7 7 7
split_gain=82489.2 45880.2 269577 132714 104404 87393.8 87215.6 73676.8 86019.1 92209.1 172547 72223.5 68692.4 92495.9 71096.2 68385.2 82444.9 61671.4 104603 177455
threshold=0 1.0000000180025095e-35 1 2.5000000000000004 2 5.5000000000000009 3 4 19.515000000000004 11.465000000000002 8.7950000000000017 5 12.325000000000001 15.765000000000002 8.1250000000000018 6 18.375000000000004 7.2950000000000008 8.7250000000000032 8.1250000000000018
decision_type=1 2 1 2 1 2 1 1 2 2 2 1 2 2 2 1 2 2 2 2
left_child=-1 4 3 15 12 6 17 8 9 10 -5 -7 14 -14 -2 -3 -17 -4 19 -19
right_child=1 2 5 7 -6 11 -8 -9 -10 -11 -12 -13 13 -15 -16 16 -18 18 -20 -21
leaf_value=0.059130804319990037 0.27852999069936518 0.18517578024371678 -1.7773664506024998 -0.082578959486817247 -0.13604969495510114 -0.49587311071588991 -0.71066938353154507 0.15546220064417082 2.2165471040405511 0.12588663677610928 2.7178656716283718 -1.7184345964592953 0.48690235831719081 0.050314803185408791 -0.23269411056382897 -0.90576146766831322 0.46025239398492823 -0.24903743067845691 -0.17088224404689079 4.0954916150810261
leaf_weight=48644 1948 1058 106 206 22355 511 2373 1656 204 706 242 514 3859 6746 4687 974 290 115 2083 81
leaf_count=48644 1948 1058 106 206 22355 511 2373 1656 204 706 242 514 3859 6746 4687 974 290 115 2083 81
internal_value=-0.0070341 -0.0704961 -0.198169 0.166518 -0.0346607 -0.53403 -0.406608 0.478159 0.864126 0.632387 1.43039 -1.13064 0.0968326 0.209185 -0.0825997 -0.237283 -0.587696 -0.100659 -0.0230493 1.54742
internal_weight=99358 50714 11119 5336 39595 5783 4758 3014 1358 1154 448 1025 17240 10605 6635 2322 1264 2385 2279 196
internal_count=99358 50714 11119 5336 39595 5783 4758 3014 1358 1154 448 1025 17240 10605 6635 2322 1264 2385 2279 196
cat_boundaries=0 2 4 6 8 10 12 14
cat_threshold=3510858759 7502 243534472 544 539525488 17 539492432 128 67371648 512 1048880 17 8652808 32
is_linear=0
shrinkage=0.0711242


Tree=143
num_leaves=21
num_cat=11
split_feature=3 9 11 2 9 9 2 3 2 6 3 3 0 9 0 9 3 2 9 11
split_gain=126380 116625 101590 88776.8 141643 113580 172908 92679.8 75934.3 148703 104545 96851.2 117603 85343.8 77595.9 74815.9 120052 67821.8 153606 65037.2
threshold=0 29.595000000000002 1.0000000180025095e-35 1 20.085000000000004 29.275000000000002 2 3 4 1.0000000180025095e-35 5 6 7 4.2650000000000006 8 45.715000000000011 9 10 9.8250000000000011 1.0000000180025095e-35
decision_type=9 10 2 1 8 8 1 9 1 2 9 9 1 10 1 10 9 1 10 2
left_child=1 3 -3 4 -1 8 -7 -8 -5 11 -11 12 -10 -13 -15 19 -17 -14 -19 -2
right_child=15 2 -4 5 -6 6 7 -9 9 10 -12 13 17 14 -16 16 -18 18 -20 -21
leaf_value=2.8357275684743257 0.09347142926064507 -0.35038218174749691 -1.4687258008106987 -0.0039503357906320322 0.25682566380659583 2.4632191950977833 -1.6177966728954922 0.78324710272474951 0.21006356502138018 -0.40567333682709955 0.57329679801172251 0.76626524067985169 -0.37135153787979253 -0.48642465600192225 -1.3154220196992858 1.0280406084460794 -0.5984829678434731 -2.8889115706162936 -0.05245945762113699 -0.065899304043339602
leaf_weight=116 57006 4322 454 9074 1498 206 122 202 1491 925 1340 158 938 1099 1282 256 1723 202 185 16762
leaf_count=116 57006 4322 454 9074 1498 206 122 202 1491 925 1340 158 938 1099 1282 256 1723 202 185 16762
internal_value=0.000885547 -0.142743 -0.456715 -0.0632151 0.439595 -0.110525 0.914372 -0.142396 -0.143134 -0.308464 0.174236 -0.513206 -0.22302 -0.830882 -0.940381 0.0456743 -0.385872 -0.708266 -1.49469 0.0572582
internal_weight=99361 23614 4776 18838 1614 17224 530 324 16694 7620 2265 5355 2816 2539 2381 75747 1979 1325 387 73768
internal_count=99361 23614 4776 18838 1614 17224 530 324 16694 7620 2265 5355 2816 2539 2381 75747 1979 1325 387 73768
cat_boundaries=0 3 4 5 7 8 10 12 13 14 17 18
cat_threshold=67279392 96633376 6 6 9 67108864 67240480 176 67115520 131104 67109376 96502272 25 38 270528 2112 1 72
is_linear=0
shrinkage=0.0711242


Tree=144
num_leaves=21
num_cat=2
split_feature=9 2 11 8 9 11 9 9 2 7 9 10 7 9 7 9 4 10 9 10
split_gain=86083.7 105498 95886.6 90995.6 280023 232411 357398 350611 275078 257259 121659 117636 115576 159474 113907 107666 103380 102973 88609.3 82062.4
threshold=38.425000000000004 0 1.0000000180025095e-35 3.0000000000000004 17.195000000000004 1.0000000180025095e-35 33.275000000000013 24.685000000000006 1 7.9850000000000012 23.495000000000001 14.315000000000003 15.885000000000003 23.665000000000003 9.8250000000000011 28.375000000000004 2.5000000000000004 7.5950000000000006 29.275000000000002 10.655000000000003
decision_type=10 1 2 2 8 2 8 10 1 2 10 10 2 8 2 10 2 10 10 10
left_child=3 2 -2 10 -5 6 9 11 18 16 -1 12 13 -7 -11 -10 -6 -12 -9 -20
right_child=1 -3 -4 4 5 7 -8 8 15 14 17 -13 -14 -15 -16 -17 -18 -19 19 -21
leaf_value=0.018207196038570329 -0.024624509115056026 -0.57684163120531873 -1.7791365618322841 4.575846605838584 1.2877606641156143 1.3874754781364877 -0.018022947000942278 0.97580998530318874 -0.71879127097236617 -0.023794107380975493 -1.1416651960432798 0.18838800146126633 0.4149990242672234 5.2368169906587685 0.93268170059831867 -1.850834085907759 3.9298972433077632 -0.19304602120008427 -1.1979162356618658 0.26672589337825603
leaf_weight=66370 7222 2775 161 73 127 166 5255 403 833 819 620 845 222 81 2727 868 183 8708 321 487
leaf_count=66370 7222 2775 161 73 127 166 5255 403 833 819 620 845 222 81 2727 868 183 8708 321 487
internal_value=-0.00770745 -0.203876 -0.0628205 0.0146553 0.185419 0.161358 0.363565 -0.274586 -0.70976 0.883587 -0.0155959 0.689798 1.59299 2.65122 0.711774 -1.28895 2.84814 -0.256108 0.113522 -0.315208
internal_weight=99266 10158 7383 89108 13410 13337 9111 4226 2912 3856 75698 1314 469 247 3546 1701 310 9328 1211 808
internal_count=99266 10158 7383 89108 13410 13337 9111 4226 2912 3856 75698 1314 469 247 3546 1701 310 9328 1211 808
cat_boundaries=0 1 2
cat_threshold=2 2
is_linear=0
shrinkage=0.0711242


Tree=145
num_leaves=21
num_cat=14
split_feature=3 1 1 3 3 1 1 10 3 4 3 1 4 7 3 10 10 3 1 3
split_gain=110816 237888 127889 330205 167563 197454 136412 114255 103053 170976 103041 154537 254646 198880 117266 115400 100097 95296.4 225166 112636
threshold=0 1 2 3 4 5 6 39.955000000000005 7 2.5000000000000004 8 9 4.5000000000000009 9.1250000000000018 10 11.845000000000001 19.335000000000004 11 12 13
decision_type=9 1 1 9 9 1 1 10 9 2 9 1 2 2 9 8 10 9 1 9
left_child=1 17 3 -2 5 -4 16 10 9 -9 -5 12 13 -12 -15 -16 -6 18 19 -1
right_child=2 -3 4 7 6 -7 -8 8 -10 -11 11 -13 -14 14 15 -17 -18 -19 -20 -21
leaf_value=0.34907169003338528 -0.21555975526960061 -0.076142749750345129 -0.055162139419443132 0.25743998044298078 0.35430738209770013 -0.50521730820242883 -0.16089892145793303 2.750013541771863 -0.9443280646425033 -0.51097981006469306 3.7138122581676662 0.50610208359066822 -0.2325164645315731 -0.69204603792496977 4.5265727298683389 1.2214094536099356 -0.056334168358249219 0.18695986619122978 0.050006162346080275 1.4197649513714989
leaf_weight=775 7877 19835 10113 3736 6791 9634 12633 124 536 236 294 2633 279 112 72 207 5383 14365 2211 1501
leaf_count=775 7877 19835 10113 3736 6791 9634 12633 124 536 236 294 2633 279 112 72 207 5383 14365 2211 1501
internal_value=0.00174902 0.0957957 -0.0582372 0.113483 -0.120324 -0.274877 0.00276501 0.428328 -0.329298 0.596089 0.521488 0.792807 1.56254 2.31641 1.26508 2.00371 0.172592 0.276644 0.5627 1.05833
internal_weight=99347 38687 60660 16106 44554 19747 24807 8229 896 360 7333 3597 964 685 391 279 12174 18852 4487 2276
internal_count=99347 38687 60660 16106 44554 19747 24807 8229 896 360 7333 3597 964 685 391 279 12174 18852 4487 2276
cat_boundaries=0 3 5 7 9 12 14 16 18 20 22 23 26 28 30
cat_threshold=455346284 245414540 5 130499759 6675 536877656 1473 2757230593 2975023472 1073993602 1074594819 2 2649382916 556 3257959812 6202 1073774608 787457 1082187794 787456 64 1088 135168 8 10530816 4 117768359 16 8 2097152
is_linear=0
shrinkage=0.0711242


Tree=146
num_leaves=21
num_cat=13
split_feature=3 0 3 4 2 3 2 3 4 7 4 2 4 2 7 0 3 3 4 2
split_gain=149050 53407.2 58860.5 76728.4 44150.2 109056 54302.4 43927.1 47149.6 43144.8 40322.6 35482.1 35061.7 79636.6 34309.5 34098.2 143840 118566 60657.9 99545.1
threshold=0 1 2 3.5000000000000004 3 4 5 6 4.5000000000000009 9.8250000000000011 1.0000000180025095e-35 7 2.5000000000000004 8 7.2250000000000005 9 10 11 3.5000000000000004 12
decision_type=9 1 9 2 1 9 1 9 2 2 2 1 2 1 2 1 9 9 2 1
left_child=1 2 3 12 5 6 -4 -6 10 -10 -9 -12 -1 14 -14 16 18 -17 -2 -20
right_child=15 -3 4 -5 7 -7 -8 8 9 -11 11 -13 13 -15 -16 17 -18 -19 19 -21
leaf_value=-0.3607307507264027 0.15570640408003678 -0.056850357813088073 1.0235992117843027 -0.87348666703884326 -0.019356626626473247 -0.22448835798268274 -0.12753183397891002 0.10040170839604404 -1.619670285543515 0.23123699135821604 -0.37067531314729463 -1.1719335441557066 0.013523420404396611 -0.74774048151131156 1.7670452161459147 0.1713209637016827 -0.011023012095652695 -0.11000123762146587 -0.035942683387702005 0.60116899463472895
leaf_weight=1523 8727 22783 694 1507 1694 2053 298 253 72 548 478 793 84 186 172 13398 19987 17421 1663 4936
leaf_count=1523 8727 22783 694 1507 1694 2053 298 253 72 548 478 793 84 186 172 13398 19987 17421 1663 4936
internal_value=0.00530801 -0.117788 -0.251677 -0.490293 -0.13077 0.0714452 0.679992 -0.290971 -0.504481 0.0160936 -0.719563 -0.882778 -0.198883 0.358754 1.14708 0.0669979 0.114705 0.0123145 0.278569 0.44147
internal_weight=99270 33138 10355 3472 6883 3045 992 3838 2144 620 1524 1271 1965 442 256 66132 35313 30819 15326 6599
internal_count=99270 33138 10355 3472 6883 3045 992 3838 2144 620 1524 1271 1965 442 256 66132 35313 30819 15326 6599
cat_boundaries=0 3 4 7 8 10 11 13 14 15 16 19 21 22
cat_threshold=1081189974 424691728 3 9 1620 402653184 1 78 2 22020112 72 7413760 16384 160 90 21 2818572448 2718152492 4 394416161 1074598086 160
is_linear=0
shrinkage=0.0711242


Tree=147
num_leaves=21
num_cat=14
split_feature=3 1 1 3 3 9 1 3 9 3 9 1 9 3 9 1 3 7 3 3
split_gain=144189 242906 150683 137881 107248 114490 112334 133207 110252 214304 106231 105064 274993 167246 135804 116202 165292 113097 97463.2 86070
threshold=0 1 2 3 4 4.2650000000000006 5 6 8.9350000000000005 7 39.735000000000007 8 5.9050000000000011 9 8.4650000000000016 10 11 17.145000000000003 12 13
decision_type=9 1 1 9 9 8 1 9 10 9 10 1 10 9 10 1 9 2 9 9
left_child=1 4 3 10 11 -6 7 -7 9 -8 -2 12 17 -14 15 18 -17 -1 -13 -3
right_child=2 19 -4 -5 5 6 8 -9 -10 -11 -12 14 13 -15 -16 16 -18 -19 -20 -21
leaf_value=0.95070367955451929 0.53650374061894934 -0.4574103359755759 -0.013061104109009085 0.07768931737218103 2.2137063169994677 0.9852054790061695 1.0328744329091069 0.084144221228247565 0.1277590819137232 -1.4208557252189609 -1.0689254552341771 0.25835894228347661 -1.0790896141189539 0.49149821472376126 -0.096159758715691129 0.32852770936613862 -2.9373569095288565 4.2741965737662468 -1.2640000282475661 -0.1662618882879652
leaf_weight=93 6814 7714 34500 10261 141 1645 247 1683 8602 610 215 473 455 1297 8057 116 255 117 375 15469
leaf_count=93 6814 7714 34500 10261 141 1645 247 1683 8602 610 215 473 455 1297 8057 116 255 117 375 15469
internal_value=-0.00917024 -0.0988662 0.0728393 0.24415 0.0589196 0.198551 0.176471 0.531162 0.0510587 -0.718147 0.486692 -0.101744 0.36992 0.0802239 -0.201801 -0.901635 -1.93455 2.80338 -0.421798 -0.263297
internal_weight=99139 47349 51790 17290 24166 12928 12787 3328 9459 857 7029 11238 1962 1752 9276 1219 371 210 848 23183
internal_count=99139 47349 51790 17290 24166 12928 12787 3328 9459 857 7029 11238 1962 1752 9276 1219 371 210 848 23183
cat_boundaries=0 3 5 7 10 12 14 16 18 20 22 24 26 28 31
cat_threshold=2185445253 1820833871 1 2175527412 2424 1144886784 4611 612663306 2198880528 2 33758208 143071234 139616 32 2147484292 536879109 8320 32776 65680 256 66560 8519680 18874624 24 66560 8388608 33687552 142802944 2147492481 1610653708 1
is_linear=0
shrinkage=0.0711242


Tree=148
num_leaves=21
num_cat=4
split_feature=9 2 2 9 9 11 9 6 9 2 2 9 10 9 10 9 8 9 9 6
split_gain=68126.7 74847.1 70341.8 280264 274622 296556 285342 282474 279182 164361 144576 127942 103016 91183.8 105614 91072.4 174739 271223 69398.9 79151.7
threshold=39.735000000000007 0 1 28.375000000000004 10.255000000000001 1.0000000180025095e-35 27.295000000000005 1.0000000180025095e-35 14.155000000000003 2 3 34.125000000000007 20.005000000000006 9.8250000000000011 19.465000000000003 35.245000000000012 3.1500000000000008 26.125000000000004 10.775 1.0000000180025095e-35
decision_type=10 1 1 10 10 2 10 2 10 1 1 10 8 8 10 10 2 10 10 2
left_child=2 -2 4 -4 7 8 10 12 18 11 -7 -8 -1 -9 -15 16 -10 -18 -6 -20
right_child=1 -3 3 -5 5 6 9 13 15 -11 -12 -13 -14 14 -16 -17 17 -19 19 -21
leaf_value=0.37572059937470575 -0.054308601572767741 -0.55741024216660229 0.018913353892536931 -1.2447903456260929 -0.45639225749016782 1.1789175979856701 0.050683699224060054 -4.3452215634435314 0.12533264068015693 -1.384886600398723 0.023697171892881216 -1.2042160321720818 -0.76528668184565662 -0.17471128355102292 -2.8040168968244097 0.069480162060384959 2.6898443654198019 0.58814780248992771 1.9510913251380335 0.31315906773861218
leaf_weight=758 6391 1946 65001 900 86 682 1466 88 4732 1086 2647 571 848 128 195 5591 334 4423 810 183
leaf_count=758 6391 1946 65001 900 86 682 1466 88 4732 1086 2647 571 848 128 195 5591 334 4423 810 183
internal_value=0.022074 -0.17248 0.039991 0.00165325 0.142518 0.213512 -0.19412 -0.652608 0.376273 -0.682454 0.264 -0.299648 -0.226762 -2.31622 -1.76239 0.297189 0.431354 0.73576 1.48144 1.64929
internal_weight=98866 8337 90529 65901 24628 22611 6452 2017 16159 3123 3329 2037 1606 411 323 15080 9489 4757 1079 993
internal_count=98866 8337 90529 65901 24628 22611 6452 2017 16159 3123 3329 2037 1606 411 323 15080 9489 4757 1079 993
cat_boundaries=0 1 2 3 4
cat_threshold=2 70 2 2
is_linear=0
shrinkage=0.0711242


Tree=149
num_leaves=21
num_cat=11
split_feature=3 1 1 3 3 9 3 10 10 3 1 9 7 9 9 1 3 1 9 7
split_gain=149907 163094 148179 159006 115296 139441 271601 171165 125227 113598 99047.5 95613.7 126953 216578 93729.4 92192.1 90476.2 124713 148722 140031
threshold=0 1 2 3 4 7.6350000000000007 5 13.105000000000002 7.0050000000000008 6 7 10.355000000000002 20.175000000000004 6.8850000000000007 3.3950000000000005 8 9 10 51.275000000000013 8.5850000000000026
decision_type=9 1 1 9 9 8 9 10 8 9 1 10 2 10 8 1 9 1 8 2
left_child=1 16 4 -4 5 6 7 8 -2 15 11 12 -11 -14 -5 -3 -1 -18 19 -19
right_child=2 9 3 14 -6 -7 -8 -9 -10 10 -12 -13 13 -15 -16 -17 17 18 -20 -21
leaf_value=-0.13519798244382095 3.3329491805749929 0.15276902259559275 -0.23283847711022115 1.7228148479238552 0.045749546894005275 0.23899891758775199 0.47683441587016395 6.010392929910358 -0.16413834228539209 0.28683978858410336 -0.35373270157038222 -0.13833404736346847 0.4809460252810645 5.1757641294319212 0.057069595434334576 -0.69856486175844645 0.59986600168587556 -0.78333282769599066 2.5735716025157171 0.20597334794992517
leaf_weight=6384 135 759 13814 172 18391 13435 1225 71 84 1268 5746 3013 140 77 24381 4294 2765 1101 106 2112
leaf_count=6384 135 759 13814 172 18391 13435 1225 71 84 1268 5746 3013 140 77 24381 4294 2765 1101 106 2112
internal_value=0.00108868 -0.139199 0.0554192 -0.0398906 0.165076 0.311736 0.958778 2.87816 1.99207 -0.294767 -0.158262 0.0916767 0.558957 2.14827 0.0687167 -0.570638 0.0517509 0.247817 -0.0463968 -0.133044
internal_weight=99473 27765 71708 38367 33341 14950 1515 290 219 15297 10244 4498 1485 217 24553 5053 12468 6084 3319 3213
internal_count=99473 27765 71708 38367 33341 14950 1515 290 219 15297 10244 4498 1485 217 24553 5053 12468 6084 3319 3213
cat_boundaries=0 3 5 7 10 13 15 18 20 22 24 26
cat_threshold=302155649 64079360 2 937845314 850 2311707037 1157 541333532 270925932 1 3762573370 271321448 5 18 2099200 132865 4227072 2 3222279433 4132 134217744 1152 302022657 51462656 279061056 80
is_linear=0
shrinkage=0.0711242


Tree=150
num_leaves=21
num_cat=8
split_feature=3 10 3 9 3 10 10 3 10 10 9 10 3 3 9 10 8 10 3 3
split_gain=106605 117644 119910 98732.3 431368 186010 187691 154345 201120 178718 121317 181003 119600 114674 186989 166949 359967 100539 99367.6 92874.9
threshold=0 15.455000000000002 1 9.8250000000000011 2 40.82500000000001 26.555000000000003 3 33.465000000000011 34.335000000000008 10.145000000000001 40.82500000000001 4 5 5.4250000000000007 18.415000000000003 1.7500000000000002 23.425000000000004 6 7
decision_type=9 8 9 10 9 10 8 9 8 8 10 10 9 9 8 10 2 10 9 9
left_child=-1 2 -2 4 -3 6 13 8 -8 19 11 -5 -11 14 -6 16 -16 -15 -7 -9
right_child=1 3 -4 10 5 18 7 9 -10 12 -12 -13 -14 17 15 -17 -18 -19 -20 -21
leaf_value=-0.098634392399847934 0.33434547545939003 -1.1610447008909017 0.025989753056184079 0.52160611844726212 -1.9834724923319127 -0.096322978707152812 1.5980914813946321 1.9587856872105971 -0.93692176209606393 4.1976644262475782 0.0059164613621373518 4.505540660070702 1.5970588421839274 -1.5000378082890296 0.15260888204546427 0.034806696669652526 6.2935435842385301 0.77580857859292573 -2.2312953861607241 -0.34342448122118951
leaf_weight=36493 12072 1915 13534 289 142 229 257 115 412 126 31354 72 438 457 124 395 79 125 216 299
leaf_count=36493 12072 1915 13534 289 142 229 257 115 412 126 31354 72 438 457 124 395 79 125 216 299
internal_value=-0.00201611 0.0542702 0.171506 -0.0267525 -0.310018 0.170264 0.37402 0.880644 0.0364526 1.44293 0.0208446 1.31709 2.28133 -0.257169 0.331432 0.886877 2.54411 -0.994116 -1.18516 0.335364
internal_weight=99143 62650 25606 37044 5329 3414 2969 1647 669 978 31715 361 564 1322 740 598 203 582 445 414
internal_count=99143 62650 25606 37044 5329 3414 2969 1647 669 978 31715 361 564 1322 740 598 203 582 445 414
cat_boundaries=0 3 5 7 9 11 13 15 17
cat_threshold=86281985 1398377872 3 2727505972 2158247938 2865758246 2751471723 1342185616 2248704 589824 4 1073836176 144719872 268447816 136593920 16448 134218240
is_linear=0
shrinkage=0.0711242


Tree=151
num_leaves=21
num_cat=14
split_feature=3 1 1 3 9 1 3 3 1 11 1 9 1 3 6 9 3 9 1 3
split_gain=119908 240353 174499 165698 155734 292839 226079 184402 135767 134293 212600 265709 277079 178611 138176 130264 128582 113640 123626 149394
threshold=0 1 2 3 9.8250000000000011 4 5 6 7 1.0000000180025095e-35 8 16.005000000000006 9 10 1.0000000180025095e-35 8.7050000000000018 11 21.265000000000004 12 13
decision_type=9 1 1 9 10 1 9 9 1 2 1 10 1 9 2 8 9 10 1 9
left_child=1 -1 3 -2 5 6 -3 8 -7 17 -11 13 16 14 -12 -8 -13 18 19 -6
right_child=2 4 -4 -5 9 7 15 -9 -10 10 11 12 -14 -15 -16 -17 -18 -19 -20 -21
leaf_value=0.39431077970553119 0.0023082026898086408 -3.4673383620051519 0.01861750145516319 -0.4504927562447737 1.7067073421748788 -0.42729814880932737 0.48501895189896321 0.14002895828522174 -2.1341739048348276 -1.0978106064765019 1.2782041425794335 -0.50914323011661367 -1.4538613789532995 0.2525256083773616 4.2719283637622354 -1.84656939299973 0.78497342713794216 -0.013400734360734625 0.20341722202284435 0.34832530339052337
leaf_weight=10374 7211 234 40703 9447 651 922 224 3283 315 1167 295 786 881 1010 106 264 749 10951 8807 1123
leaf_count=10374 7211 234 40703 9447 651 922 224 3283 315 1167 295 786 881 1010 106 264 749 10951 8807 1123
internal_value=0.00616211 0.0972396 -0.0607571 -0.254599 0.000135174 -0.354105 -1.67371 -0.139279 -0.875699 0.0701402 -0.262153 -0.00442948 -0.457341 0.771022 2.01996 -0.760847 0.12332 0.147211 0.313438 0.853639
internal_weight=99503 42142 57361 16658 31768 5242 722 4520 1237 26526 4994 3827 2416 1411 401 488 1535 21532 10581 1774
internal_count=99503 42142 57361 16658 31768 5242 722 4520 1237 26526 4994 3827 2416 1411 401 488 1535 21532 10581 1774
cat_boundaries=0 3 5 7 9 11 13 16 18 20 22 25 28 30 32
cat_threshold=846598485 2388661561 7 3225731864 1024 1100841488 1090 9022984 16992770 268576902 2181 572788752 2281705744 273678341 2214593825 1 262144033 536 587268129 4627 10102788 260 37748736 2287996928 2 268570960 2187334672 1 524290 2186 35782656 2214597945
is_linear=0
shrinkage=0.0711242


Tree=152
num_leaves=21
num_cat=4
split_feature=1 10 1 11 9 9 10 9 10 4 1 7 7 7 1 4 7 7 10 9
split_gain=106508 94964.7 196147 85921.5 211971 142923 112398 90769.6 140631 146803 118840 113877 91682.2 78253.3 89533 95255 88297.8 136468 74752.9 139364
threshold=0 34.045000000000009 1 1.0000000180025095e-35 10.355000000000002 5.2550000000000008 35.715000000000011 9.8250000000000011 40.82500000000001 3.5000000000000004 2 19.155000000000005 20.115000000000006 10.555000000000001 3 2.5000000000000004 8.5050000000000008 9.1850000000000005 22.085000000000004 9.2750000000000004
decision_type=1 8 1 2 8 10 8 10 10 2 1 2 2 2 1 2 2 2 10 10
left_child=1 2 -1 7 5 -5 -7 8 13 12 11 -11 -10 16 15 -15 -3 -18 -2 -20
right_child=18 3 -4 4 -6 6 -8 -9 9 10 -12 -13 -14 14 -16 -17 17 -19 19 -21
leaf_value=0.72641251084230352 -0.036814244093331089 -0.68765617312317473 0.082914695942672006 -1.7829806075742294 -1.4176878225149188 3.7844557507258187 0.58567870482935103 0.051332117511092103 -1.5826924892473886 -0.34913292630412179 -1.6421149062141751 2.3380228739557065 -4.3185930768630225 0.04103627516715451 0.14751365601026228 -2.5044923471766025 3.4526729117705548 0.38961492284360982 -0.97045470496640451 -0.15608981589484758
leaf_weight=2585 40433 144 31400 87 703 79 187 10819 356 283 216 111 75 134 629 167 111 218 1205 9019
leaf_count=2585 40433 144 31400 87 703 79 187 10819 356 283 216 111 75 134 629 167 111 218 1205 9019
internal_value=-0.0082011 0.067355 0.132101 -0.0862672 -0.703689 0.718237 1.53663 -0.0371037 -0.428576 -1.05488 -0.344822 0.398153 -2.05956 0.0361662 -0.342646 -1.32749 0.780904 1.42369 -0.0802451 -0.252078
internal_weight=98961 48304 33985 14319 1056 353 266 13263 2444 1041 610 394 431 1403 930 301 473 329 50657 10224
internal_count=98961 48304 33985 14319 1056 353 266 13263 2444 1041 610 394 431 1403 930 301 473 329 50657 10224
cat_boundaries=0 2 4 6 8
cat_threshold=279361802 7997 8388616 520 262144 512 2101248 4608
is_linear=0
shrinkage=0.0711242


Tree=153
num_leaves=21
num_cat=5
split_feature=3 9 3 8 10 10 9 3 9 9 3 8 9 3 4 10 9 10 10 8
split_gain=115159 64711.3 147382 128189 94644.1 55555.3 85047.3 60631 175099 73980.6 158385 71675.7 54474.5 75073 87777.7 69724.8 54293.5 49057.3 50981.1 48328.2
threshold=0 3.7250000000000005 1 1.3500000000000003 5.5750000000000011 38.085000000000008 5.0750000000000011 2 7.7550000000000008 11.185 3 1.2500000000000002 17.995000000000001 4 3.5000000000000004 43.045000000000009 15.265000000000002 39.675000000000004 40.82500000000001 1.1500000000000001
decision_type=9 8 9 2 10 8 8 9 8 10 9 2 8 9 2 10 10 8 8 2
left_child=-1 2 3 -2 -4 -3 -7 8 -8 10 11 19 13 -10 16 -16 -15 -12 -19 -9
right_child=1 5 4 -5 -6 6 7 9 12 -11 17 -13 -14 14 15 -17 -18 18 -20 -21
leaf_value=-0.067582233617335438 -0.80379279602767195 0.10611654030848668 0.43934684610198227 1.8426540804217835 3.0631275192064802 -2.2204949421946556 3.0113908199315365 0.29474350785371084 -0.93959826799539115 -0.064307228364293312 -2.8989395550610371 -0.65045516697458472 -0.24046699418233963 -0.36808887871450768 3.3044739573117923 0.72404585249365039 1.9005103376161128 0.51210388587748135 -1.3955519188675749 2.4438077643623273
leaf_weight=47701 334 43701 115 128 176 95 112 110 120 4330 92 164 939 214 114 99 71 82 520 102
leaf_count=47701 334 43701 115 128 176 95 112 110 120 4330 92 164 939 214 114 99 71 82 520 102
internal_value=0.0120804 0.0856944 0.740187 -0.0688759 1.95937 0.0760209 -0.107564 -0.0791409 0.294524 -0.194819 -0.724734 0.453778 0.100824 0.619349 0.994007 2.10591 0.197477 -1.3503 -1.13567 1.32931
internal_weight=99319 51618 753 462 291 50865 7164 7069 1669 5400 1070 376 1557 618 498 213 285 694 602 212
internal_count=99319 51618 753 462 291 50865 7164 7069 1669 5400 1070 376 1557 618 498 213 285 694 602 212
cat_boundaries=0 3 5 7 9 11
cat_threshold=1653588080 2595215105 3 2111104 22028288 1053707 17825860 4204544 541073440 4096 17825792
is_linear=0
shrinkage=0.0711242


Tree=154
num_leaves=21
num_cat=8
split_feature=9 3 3 8 9 3 11 9 2 9 3 9 6 3 9 2 3 6 9 9
split_gain=103613 152345 100554 102155 337630 312579 168211 115823 78219 395833 213979 232807 132126 88642.9 68770.1 118107 499572 411571 303618 292878
threshold=38.675000000000004 0 1 4.1000000000000005 19.825000000000003 2 1.0000000180025095e-35 26.565000000000001 3 8.5850000000000026 4 10.465000000000002 1.0000000180025095e-35 5 17.195000000000004 6 7 1.0000000180025095e-35 11.895000000000001 10.145000000000001
decision_type=10 9 9 2 8 9 2 8 1 8 9 10 2 9 10 1 9 2 10 8
left_child=2 -2 3 14 -5 6 7 -6 9 -4 12 -12 -11 -13 15 16 17 -1 -19 -18
right_child=1 -3 8 4 5 -7 -8 -9 -10 10 11 13 -14 -15 -16 -17 19 18 -20 -21
leaf_value=1.95090529848275 -0.5347839163879704 0.031352518956995278 -3.3457901802301393 5.3833262557734356 2.3793841126842228 1.1370059977323186 -2.0606809223882907 -0.27293825492939722 -0.0097878519119164037 2.7186632390887304 -2.3182747634970178 0.25418273244926182 -0.26616087219017365 -0.56249927496400154 -0.023708277839776845 0.093116220115944157 -2.8550121472771846 -4.1661464719250931 0.53904883046486507 0.057823590497016089
leaf_weight=1419 4144 5714 211 71 93 1357 257 791 43675 200 278 1334 120 1338 16539 19344 191 97 243 2026
leaf_count=1419 4144 5714 211 71 93 1357 257 791 43675 200 278 1334 120 1338 16539 19344 191 97 243 2026
internal_value=0.0117089 -0.207147 0.0357924 0.115217 0.54995 0.412389 -0.455398 0.00630201 -0.035686 -0.359654 -0.167986 -0.358549 1.55112 -0.155928 0.0872254 0.165902 0.518468 1.41037 -0.804038 -0.192359
internal_weight=99442 9858 89584 42428 2569 2498 1141 884 47156 3481 3270 2950 320 2672 39859 23320 3976 1759 340 2217
internal_count=99442 9858 89584 42428 2569 2498 1141 884 47156 3481 3270 2950 320 2672 39859 23320 3976 1759 340 2217
cat_boundaries=0 2 5 7 8 10 12 13 15
cat_threshold=2249961413 2213070258 4075587529 3495841923 4 10520320 1982594 64 0 33554460 134314016 161515264 100 3223586752 3221229699
is_linear=0
shrinkage=0.0711242


Tree=155
num_leaves=21
num_cat=16
split_feature=3 1 1 3 3 3 1 3 1 10 3 1 7 3 1 6 3 3 8 1
split_gain=172620 188728 128572 162446 108518 103873 98321.9 144786 88584.1 79085.1 74946.8 84208.7 80439.4 74815.7 71031.9 125067 105234 105073 63709.4 63468.2
threshold=0 1 2 3 4 5 6 7 8 25.645000000000003 9 10 8.5850000000000026 11 12 1.0000000180025095e-35 13 14 1.5500000000000003 15
decision_type=9 1 1 9 9 9 1 9 1 8 9 1 2 9 1 2 9 9 2 1
left_child=1 5 3 9 6 8 7 -4 -1 14 -8 -12 -13 18 15 16 -2 -17 -11 -5
right_child=2 -3 4 19 -6 -7 10 -9 -10 13 11 12 -14 -15 -16 17 -18 -19 -20 -21
leaf_value=-0.21665564109032251 -0.44909191565303663 -0.0099487407740113439 -0.45911895746896536 0.13883080014418681 -0.14117449147686498 -0.17517331535502079 0.28068638703826765 0.57499895935654366 -0.82174334924856607 -1.4785862861093395 -0.48096165290634407 2.0552751875440225 0.0024578252754826062 -0.054637837764741501 0.03224598706655419 -0.3691049239654145 0.80091844092902986 2.2467297261702557 -0.37138248186841838 0.4565669138930622
leaf_weight=2026 641 26422 828 4801 17782 7692 3020 3824 3180 370 2393 99 3788 3609 6776 106 707 308 908 9588
leaf_count=2026 641 26422 828 4801 17782 7692 3020 3824 3180 370 2393 99 3788 3609 6776 106 707 308 908 9588
internal_value=-0.00322213 -0.118859 0.0731414 0.184749 -0.0247069 -0.341783 0.123727 0.390343 -0.587138 0.00672616 -0.00991651 -0.149891 0.0546467 -0.22144 0.137333 0.5382 0.209133 1.62238 -0.686642 0.350723
internal_weight=98868 39320 59548 27814 31734 12898 13952 4652 5206 13425 9300 6280 3887 4887 8538 1762 1348 414 1278 14389
internal_count=98868 39320 59548 27814 31734 12898 13952 4652 5206 13425 9300 6280 3887 4887 8538 1762 1348 414 1278 14389
cat_boundaries=0 2 4 6 8 10 12 14 16 17 19 21 23 25 27 29 30
cat_threshold=21224252 3725246512 1730716256 2120 1725874284 2442 3736085504 9709704 3861914625 8653385 200736 403341344 18883202 513 536870912 2112 654836224 538968065 8390720 268503296 4112 100664320 1050624 34603112 2 3390047232 262272 1344274432 2176 35274788
is_linear=0
shrinkage=0.0711242


Tree=156
num_leaves=21
num_cat=4
split_feature=9 8 2 11 9 9 11 2 7 6 2 9 11 9 9 9 4 9 2 8
split_gain=48173.4 153350 132109 246467 218944 164575 308711 116153 231347 217549 232662 253371 216407 433363 291546 208450 171721 163666 222702 149521
threshold=20.605000000000004 4.3500000000000005 0 1.0000000180025095e-35 27.055000000000003 31.765000000000004 1.0000000180025095e-35 1 17.445000000000004 1.0000000180025095e-35 2 5.0750000000000011 1.0000000180025095e-35 6.7550000000000008 15.165000000000001 8.4650000000000016 4.5000000000000009 9.7150000000000016 3 1.9500000000000002
decision_type=8 2 1 2 8 10 2 1 2 2 1 10 2 10 10 10 2 10 1 2
left_child=1 7 3 4 -2 -4 -7 9 12 -1 -11 -12 15 -14 19 -9 -13 18 -10 -15
right_child=2 -3 5 -5 -6 6 -8 8 17 10 11 16 13 14 -16 -17 -18 -19 -20 -21
leaf_value=-0.15297884971755213 -0.016955770474210978 2.3380870016342712 0.28692058970738543 -1.4196622137313228 -0.74352164837063084 0.00027351918351562306 -1.0684618261010224 -1.3282512460166938 -0.14110828407889101 0.43975671385768661 1.5515165132866104 2.2658656293499746 3.8365258230995769 -0.009657795918290888 -0.69471167366022768 0.61335215862477577 -0.62593295924807091 -0.067740726300235407 -3.3703036065583714 1.1643732565823333
leaf_weight=25294 10797 147 8888 832 2604 17097 1486 289 276 7641 337 108 142 1535 2445 8634 2669 6804 174 854
leaf_count=25294 10797 147 8888 832 2604 17097 1486 289 276 7641 337 108 142 1535 2445 8634 2669 6804 174 854
internal_value=0.00221044 0.0445078 -0.0559544 -0.23173 -0.158142 0.0351887 -0.0851931 0.0386101 0.170872 -0.039036 0.228902 -0.288968 0.340878 -0.0349385 -0.148731 0.550455 -0.5134 -0.154632 -1.46816 0.410052
internal_weight=99053 57349 41704 14233 13401 27471 18583 57202 21153 36049 10755 3114 13899 4976 4834 8923 2777 7254 450 2389
internal_count=99053 57349 41704 14233 13401 27471 18583 57202 21153 36049 10755 3114 13899 4976 4834 8923 2777 7254 450 2389
cat_boundaries=0 1 2 3 4
cat_threshold=224 25 9 160
is_linear=0
shrinkage=0.0711242


Tree=157
num_leaves=21
num_cat=14
split_feature=3 0 3 3 2 10 3 2 3 0 3 11 8 10 3 2 3 10 3 8
split_gain=144062 84937 231095 123692 58230.5 55344 100020 55740.4 224383 99825.3 101693 76920.1 112497 76161.4 75460.5 119351 82832.8 102925 75246 64603.4
threshold=0 1 2 3 4 36.785000000000004 5 6 7 8 9 1.0000000180025095e-35 4.1000000000000005 10.545000000000002 10 11 12 28.735000000000003 13 1.4500000000000002
decision_type=9 1 9 9 1 10 9 1 9 1 9 2 2 8 9 1 9 8 9 2
left_child=5 2 -2 4 -3 7 -7 8 9 10 -1 -9 14 -11 15 16 19 -18 -14 -13
right_child=1 3 -4 -5 -6 6 -8 11 -10 13 -12 12 18 -15 -16 -17 17 -19 -20 -21
leaf_value=3.4799573883604782 0.41694123479457362 0.044685033114091034 -0.025527491544216369 0.067045648466011507 -0.3196106301836959 -0.82216960318018162 -0.068986360358664803 -0.059417631688831386 -0.30139505393765237 0.19553884008267203 1.0222457653435677 0.5430619389395549 -2.3445222400684762 2.2005915154759559 -0.51061471124494884 -0.31582700914508954 1.3437122844416247 -1.2619446296923316 -0.51165921586338425 -1.5849969056724706
leaf_weight=121 10273 3128 14245 29775 7655 1531 2137 20632 1983 789 337 162 214 109 2991 2117 643 87 269 130
leaf_count=121 10273 3128 14245 29775 7655 1531 2137 20632 1983 789 337 162 214 109 2991 2117 643 87 269 130
internal_value=-0.00666326 0.0554787 0.159961 -0.00770693 -0.21399 -0.124708 -0.385802 -0.0934336 0.180537 0.882333 1.73256 -0.12703 -0.338164 0.43427 -0.255809 -0.0113465 0.616285 1.0191 -1.38314 -0.391157
internal_weight=99328 65076 24518 40558 10783 34252 3668 30584 3339 1356 458 27245 6613 898 6130 3139 1022 730 483 292
internal_count=99328 65076 24518 40558 10783 34252 3668 30584 3339 1356 458 27245 6613 898 6130 3139 1022 730 483 292
cat_boundaries=0 3 4 7 10 11 13 14 16 17 19 22 23 26 28
cat_threshold=84229393 3300344322 1 5 2684878948 167815485 6 2147483724 41269 2 196 67122177 11812866 16 81152 2375680 33 65536 262144 67381248 70467586 1 9 67117056 2 1 331008 10829824
is_linear=0
shrinkage=0.0711242


Tree=158
num_leaves=21
num_cat=17
split_feature=3 1 1 3 4 3 3 1 11 1 6 3 3 3 1 1 3 3 1 3
split_gain=132314 205844 202745 123745 93093.5 93275.4 85510.9 135224 85206.2 140163 185046 137426 110129 90532.7 79466.4 79427.8 84582.2 78006.1 92898.4 187447
threshold=0 1 2 3 1.5000000000000002 4 5 6 1.0000000180025095e-35 7 1.0000000180025095e-35 8 9 10 11 12 13 14 15 16
decision_type=9 1 1 9 2 9 9 1 2 1 2 9 9 9 1 1 9 9 1 9
left_child=2 8 3 15 5 -5 7 -3 17 10 11 -10 -11 -12 -14 -1 -17 18 19 -2
right_child=1 6 -4 4 -6 -7 -8 -9 9 12 13 -13 14 -15 -16 16 -18 -19 -20 -21
leaf_value=0.21336986613765707 1.3314491378413589 -0.84615572889555468 -0.039661812345233638 0.35277938924014934 0.23302103670922641 -0.53012996359763465 -0.16336368111846858 -0.1924347197751636 -0.25852860750565121 -0.96923535619648338 1.0551651954229495 1.2692173335755332 -1.2326933008420959 -1.1024270200259285 0.00049850268055263178 1.0964611650870761 0.43521182338785974 -0.02926207415540974 0.11050608943741157 0.16238003482737293
leaf_weight=3274 1078 2731 31946 878 7075 1907 17875 3896 448 1344 114 883 294 519 2032 1575 2698 9732 6982 1943
leaf_count=3274 1078 2731 31946 878 7075 1907 17875 3896 448 1344 114 883 294 519 2032 1575 2698 9732 6982 1943
internal_value=-0.0157962 -0.0974893 0.0667605 0.261981 0.0958084 -0.252418 -0.244485 -0.462711 0.0445232 -0.199413 0.285066 0.762604 -0.458211 -0.714509 -0.160023 0.478664 0.680953 0.114186 0.253523 0.582588
internal_weight=99224 49871 49353 17407 9860 2785 24502 6627 25369 5634 1964 1331 3670 633 2326 7547 4273 19735 10003 3021
internal_count=99224 49871 49353 17407 9860 2785 24502 6627 25369 5634 1964 1331 3670 633 2326 7547 4273 19735 10003 3021
cat_boundaries=0 2 4 6 8 10 13 15 17 20 23 25 27 29 31 34 36 38
cat_threshold=862513206 3574199399 14842957 7519 2955123080 393 557858866 67748928 271056896 268439552 6088 131584 1 1107362210 160 4343820 1088 2290352256 706740240 3 135270784 713032064 1 1073741952 2097680 4096 16 539201536 256 16432 524352 3355513800 33557392 1 2105408 85 3221226368 16
is_linear=0
shrinkage=0.0711242


Tree=159
num_leaves=21
num_cat=4
split_feature=1 9 11 1 9 9 1 9 9 10 7 7 11 7 7 10 7 8 1 10
split_gain=124775 141383 218100 223061 250161 101796 113485 98382.1 122073 233705 102739 191894 160087 99782.2 273184 305677 120185 95176.1 91182.5 84719.6
threshold=0 16.955000000000002 1.0000000180025095e-35 1 24.685000000000006 41.785000000000004 2 4.2650000000000006 8.5850000000000026 9.5350000000000019 19.455000000000002 18.735000000000003 1.0000000180025095e-35 15.275 13.665000000000001 32.545000000000009 21.675000000000004 3.3500000000000005 3 34.905000000000008
decision_type=1 8 2 1 10 8 1 10 10 8 2 2 2 2 2 8 2 2 1 10
left_child=1 7 5 4 -4 6 -3 -1 9 -9 11 12 -11 14 -10 -16 19 -6 -7 -15
right_child=-2 2 3 -5 17 18 -8 8 13 10 -12 -13 -14 16 15 -17 -18 -19 -20 -21
leaf_value=2.2915922194889693 -0.056451821296135581 0.49191488532834021 1.216601092812426 -1.0619401931948365 -0.090690284955461761 -1.03075310481837 0.083785404913589434 3.4847534691550326 0.43908023833422166 -1.8583332540324049 -2.3731242542567164 2.9157883899940171 0.5966239368818933 0.17616084842541416 1.2226148479971333 5.18372943323575 2.1836179920246699 -1.205471431669308 -0.061910588332172771 -1.092225730815245
leaf_weight=133 66276 4745 631 1705 1299 573 12575 70 3229 327 166 78 228 2739 417 129 140 552 3155 295
leaf_count=133 66276 4745 631 1705 1299 573 12575 70 3229 327 166 78 228 2739 417 129 140 552 3155 295
internal_value=-8.2778e-05 0.112475 0.0301046 -0.438701 -0.00624319 0.123364 0.195931 0.374042 0.341396 -0.453321 -0.798678 -0.385519 -0.849873 0.440783 0.68791 2.15916 0.14685 -0.423179 -0.213775 0.0528057
internal_weight=99462 33186 25235 4187 2482 21048 17320 7951 7818 869 799 633 555 6949 3775 546 3174 1851 3728 3034
internal_count=99462 33186 25235 4187 2482 21048 17320 7951 7818 869 799 633 555 6949 3775 546 3174 1851 3728 3034
cat_boundaries=0 2 4 6 8
cat_threshold=544215124 2383 542113860 260 5242880 257 1052672 2049
is_linear=0
shrinkage=0.0711242


Tree=160
num_leaves=21
num_cat=3
split_feature=10 9 7 8 7 10 5 10 7 9 10 7 9 7 9 2 2 7 9 2
split_gain=79797.8 118915 96477.5 147279 141123 163377 108439 167516 133099 108332 96963 93342.9 91216 111267 83680.7 182356 141536 214999 122307 119737
threshold=33.155000000000008 9.0450000000000017 9.3150000000000031 1.3500000000000003 16.365000000000006 37.045000000000009 1.0000000180025095e-35 40.82500000000001 20.415000000000003 6.0550000000000006 40.82500000000001 19.755000000000006 4.0150000000000006 18.495000000000001 19.825000000000003 0 1 21.525000000000002 11.085000000000003 2
decision_type=10 8 2 2 2 10 2 10 2 10 10 2 10 2 10 1 1 2 8 1
left_child=14 2 3 -2 5 9 7 8 12 -4 -8 -9 -6 -14 16 -16 17 18 -1 -18
right_child=1 -3 4 -5 6 -7 10 11 -10 -11 -12 -13 13 -15 15 -17 19 -19 -20 -21
leaf_value=1.8020644187583945 -0.66937126679844838 -0.06649383205749522 2.0439883946518473 2.1269732107217787 -2.7567390231180293 -2.370960841689294 -0.5281077371919638 -1.3878902847971761 2.1444533550268718 -1.1844037190955825 1.6893193085000457 -4.6063590382509263 1.2711389081407096 -1.1987697256820065 -0.026754638424076993 -0.91575626157450596 -1.1539407144725851 3.0096666286065306 0.26741450468473965 0.052728625419397247
leaf_weight=275 255 14669 80 152 91 480 196 114 98 153 203 76 149 242 31582 1202 410 156 5838 42914
leaf_count=275 255 14669 80 152 91 480 196 114 98 153 203 76 149 242 31582 1202 410 156 5838 42914
internal_value=-0.000395316 -0.140895 -0.617674 0.375194 -0.832399 -1.62096 -0.351351 -0.844428 -0.243852 -0.0755884 0.600177 -2.67681 -0.729744 -0.257475 0.0285279 -0.0596391 0.0868117 0.402397 0.336477 0.0410432
internal_weight=99335 16958 2289 407 1882 713 1169 770 580 233 399 190 482 391 82377 32784 49593 6269 6113 43324
internal_count=99335 16958 2289 407 1882 713 1169 770 580 233 399 190 482 391 82377 32784 49593 6269 6113 43324
cat_boundaries=0 1 2 3
cat_threshold=166 36 2
is_linear=0
shrinkage=0.0711242


Tree=161
num_leaves=21
num_cat=12
split_feature=3 1 9 3 11 1 4 9 1 9 3 3 3 9 9 3 1 11 3 3
split_gain=79688 297344 165363 230923 229192 170886 166351 142525 137314 214175 289730 160598 125681 125126 118956 123020 170763 119817 117800 115339
threshold=0 1 11.695000000000002 2 1.0000000180025095e-35 3 1.0000000180025095e-35 5.5850000000000009 4 6.0550000000000006 5 6 7 3.7250000000000005 8.1150000000000002 8 9 1.0000000180025095e-35 10 11
decision_type=9 1 10 9 2 1 2 8 1 8 9 9 9 8 8 9 1 2 9 9
left_child=1 2 3 4 13 6 -5 12 9 10 -2 -10 -3 -1 15 17 -17 -13 -6 -4
right_child=8 7 19 5 18 -7 -8 -9 11 -11 -12 14 -14 -15 -16 16 -18 -19 -20 -21
leaf_value=2.0859421243766363 2.3670045380788118 -0.27818614462607982 0.17318216089037156 3.2182787886007098 1.9236275924933535 0.36032973114485628 1.0759243752127434 -0.21991689644087672 0.092125754421908929 0.12244973564407056 -0.063595587540383094 -0.61501299693496014 -1.7123953318857896 -0.69667545894759597 -0.13509354476349475 -2.6082741288326812 -0.68570450332557931 1.1214506070031418 0.17945663913101967 -0.31471871184979394
leaf_weight=86 500 635 5694 212 322 1995 1355 18866 18145 28414 491 568 620 1623 13249 286 1251 311 499 4288
leaf_count=86 500 635 5694 212 322 1995 1355 18866 18145 28414 491 568 620 1623 13249 286 1251 311 499 4288
internal_value=-0.00231619 -0.0864581 0.141579 0.433678 -0.0870119 0.801498 1.35727 -0.268609 0.0458674 0.158246 1.18608 -0.0518875 -1.00265 -0.556549 -0.218652 -0.677758 -1.05812 -0.000574834 0.889275 -0.0365496
internal_weight=99410 36195 16074 6092 2530 3562 1567 20121 63215 29405 991 33810 1255 1709 15665 2416 1537 879 821 9982
internal_count=99410 36195 16074 6092 2530 3562 1567 20121 63215 29405 991 33810 1255 1709 15665 2416 1537 879 821 9982
cat_boundaries=0 3 5 7 9 11 13 15 17 19 20 22 24
cat_threshold=2149107356 2204877441 2 1497798539 267 2147485332 2147582593 1342441088 266 2190039092 8054 2166784 76814656 2065963296 1745093740 558080 50905088 139266 8388864 704 2147484160 66048 2149056540 2147680897
is_linear=0
shrinkage=0.0711242


Tree=162
num_leaves=21
num_cat=13
split_feature=3 10 3 2 3 10 3 6 3 8 10 2 3 3 10 10 3 3 2 2
split_gain=178284 105042 102795 78793.4 155218 66786.2 142050 87746.4 159065 202872 304296 69671.2 121213 112734 111935 107154 92036.2 63277.8 107643 68922.4
threshold=0 13.005000000000001 1 2 3 32.545000000000009 4 1.0000000180025095e-35 5 1.3500000000000003 42.375000000000007 6 7 8 7.4750000000000005 3.0050000000000003 9 10 11 12
decision_type=9 10 9 1 9 8 9 2 9 2 10 1 9 9 10 10 9 9 1 1
left_child=1 2 -1 4 -3 11 7 -7 9 10 -9 13 -13 15 16 -2 -15 18 -5 -19
right_child=5 3 -4 17 -6 6 -8 8 -10 -11 -12 12 -14 14 -16 -17 -18 19 -20 -21
leaf_value=0.55971651493478458 2.2490641634665778 0.17952125627599269 0.13026437917041075 -0.73084027201805002 -0.67977645033752265 -0.18823143286653946 -0.4832472220945821 6.1763226550518304 -0.16729205802082622 0.57410227806093228 0.20672944881343058 0.027770702737140059 -0.32193158156449542 0.13924807813437182 0.16281302034146983 -0.23105485346095447 -1.0435712150147538 0.2611980861618256 0.01507176036240045 -0.042347826562379898
leaf_weight=3896 89 2024 10214 1198 2227 3994 6319 90 1097 651 83 9251 10944 607 16794 8165 730 9417 5160 6323
leaf_count=3896 89 2024 10214 1198 2227 3994 6319 90 1097 651 83 9251 10944 607 16794 8165 730 9417 5160 6323
internal_value=-0.0222018 0.092706 0.249335 0.0088652 -0.271188 -0.101247 -0.249153 0.0017478 0.396739 1.13583 3.31385 -0.0624217 -0.161805 0.0137022 0.112887 -0.204042 -0.513358 0.0628343 -0.126411 0.13931
internal_weight=99273 40459 14110 26349 4251 58814 12234 5915 1921 824 173 46580 20195 26385 18131 8254 1337 22098 6358 15740
internal_count=99273 40459 14110 26349 4251 58814 12234 5915 1921 824 173 46580 20195 26385 18131 8254 1337 22098 6358 15740
cat_boundaries=0 3 6 7 9 11 13 14 16 18 20 22 23 24
cat_threshold=3885019648 2185421739 7 25178112 2147614722 1 1 1191191040 37904768 271385647 75832384 590860 8392768 39 413171 1102053392 2182467 1099431936 4456452 1381440 109096960 147456 80 86
is_linear=0
shrinkage=0.0711242


Tree=163
num_leaves=21
num_cat=8
split_feature=3 2 5 3 11 10 9 9 10 9 3 2 3 10 3 9 9 10 10 3
split_gain=119967 70631.7 296063 241947 174012 181765 193855 161586 152402 141556 219612 112829 107656 105897 103472 129798 94876.7 179492 187897 90665.5
threshold=0 1 1.0000000180025095e-35 2 1.0000000180025095e-35 13.505000000000001 14.065000000000003 8.0050000000000008 8.6850000000000005 7.5150000000000006 3 4 5 34.905000000000008 6 18.695000000000004 7.7550000000000008 9.2350000000000012 20.265000000000004 7
decision_type=9 1 2 9 2 8 8 8 8 10 9 1 9 8 9 10 10 8 10 9
left_child=1 2 3 4 5 -1 -7 -5 -9 10 -3 13 -4 -12 15 -11 17 -6 -19 -10
right_child=-2 9 12 7 16 6 -8 8 19 14 11 -13 -14 -15 -16 -17 -18 18 -20 -21
leaf_value=1.2549894207840901 -0.033485120152384092 -1.4813380264092968 1.5337987221564737 -1.6241386535374829 0.65862987978973742 -0.74863857270642242 2.5724636754097352 2.0613414237790368 -0.71091132187739237 0.80520271706312729 0.9565569982556027 -1.4588206394904355 0.4950194696093016 -1.6995454800901453 -0.011268707262569629 0.14375100311126698 0.41303416674508731 6.999405977394729 2.0464570403687379 0.10764965706138818
leaf_weight=623 72165 717 1090 419 118 738 101 152 1207 2113 593 156 994 87 10867 5179 129 72 84 1564
leaf_count=623 72165 717 1090 419 118 738 101 152 1207 2113 593 156 994 87 10867 5179 129 72 84 1564
internal_value=0.0143712 0.142226 0.331267 0.0449875 0.691806 0.334762 -0.348612 -0.317099 -0.130781 0.0721703 -0.579518 0.209221 1.04811 0.607622 0.127947 0.334968 2.0039 2.75251 4.33508 -0.251089
internal_weight=99168 27003 7291 5207 1865 1462 839 3342 2923 19712 1553 836 2084 680 18159 7292 403 274 156 2771
internal_count=99168 27003 7291 5207 1865 1462 839 3342 2923 19712 1553 836 2084 680 18159 7292 403 274 156 2771
cat_boundaries=0 3 4 6 8 9 11 14 16
cat_threshold=2173173809 3055059233 4 9 0 874020864 2155872289 873463809 176 8912944 840433664 2172649473 2147483937 4 2164260864 2147483905
is_linear=0
shrinkage=0.0711242


Tree=164
num_leaves=21
num_cat=9
split_feature=3 9 11 3 0 3 3 9 4 3 10 10 9 0 10 3 3 10 4 10
split_gain=170221 66786 184506 131084 223412 129580 112946 108385 124867 174540 94645.9 118259 87684.4 127072 88694.3 202480 150942 133601 118179 109033
threshold=0 19.695000000000004 1.0000000180025095e-35 1 2 3 4 35.535000000000004 3.5000000000000004 5 46.165000000000006 44.185000000000009 7.3950000000000005 6 8.6850000000000005 7 8 13.305000000000001 3.5000000000000004 16.335000000000004
decision_type=9 10 2 9 1 9 9 10 2 9 10 10 10 1 8 9 9 10 2 10
left_child=-1 6 5 4 7 -3 10 8 -4 -10 11 12 13 14 16 19 -2 -17 -18 -16
right_child=1 2 3 -5 -6 -7 -8 -9 9 -11 -12 -13 -14 -15 15 17 18 -19 -20 -21
leaf_value=-0.085103940904706868 2.6493866887427417 -0.11952799464640884 0.55734492988100359 -0.79713126749705165 -0.80131145835930562 0.2478811833520613 0.062577925386433503 -1.3616240293838808 0.57154191791957298 4.712626507374158 -1.5692929242724485 2.9788732671111817 0.21062202309125827 0.361931376866855 5.2205498464298223 3.3997449322282405 -1.633682036599859 0.030357120264045457 1.1858524543122244 2.2608452349267765
leaf_weight=42747 106 8323 334 2203 665 11635 20143 81 117 102 131 86 8866 2807 102 74 168 303 136 165
leaf_count=42747 106 8323 334 2203 665 11635 20143 81 117 102 131 86 8866 2807 102 74 168 303 136 165
internal_value=0.0219933 0.102951 0.0111737 -0.464986 0.103658 0.0947265 0.168055 1.05056 1.42304 2.74257 0.33189 0.351597 0.333823 0.616718 1.2796 1.81229 0.473895 0.674473 -0.360476 3.27041
internal_weight=99294 56547 23460 3502 1299 19958 33087 634 553 219 12944 12813 12727 3861 1054 644 410 377 304 267
internal_count=99294 56547 23460 3502 1299 19958 33087 634 553 219 12944 12813 12727 3861 1054 644 410 377 304 267
cat_boundaries=0 3 6 7 9 11 13 14 16 18
cat_threshold=1637657808 2166705108 3 2587885568 1275102241 4 6 2449691392 282628104 2149733152 281673728 406847488 1207960576 17 16672 8912896 4096 268566528
is_linear=0
shrinkage=0.0711242


Tree=165
num_leaves=21
num_cat=8
split_feature=3 9 3 8 9 8 3 9 3 10 9 3 8 3 11 3 10 3 10 9
split_gain=186633 74629.7 139977 159076 80986.4 85206.2 78716.3 76228.1 312807 136165 117830 256203 137745 104937 95427.5 139723 123578 95738.7 93900.8 93219.8
threshold=0 4.8950000000000005 1 1.6500000000000001 4.0150000000000006 0.95000000000000007 2 7.0150000000000006 3 4.7550000000000008 7.5150000000000006 4 1.1500000000000001 5 1.0000000180025095e-35 6 15.555000000000001 7 3.0050000000000003 6.8850000000000007
decision_type=9 8 9 2 10 2 9 10 9 8 10 9 2 9 2 9 8 9 10 8
left_child=1 2 4 -4 5 -1 -7 8 18 -10 11 -9 -13 -12 17 -16 -17 -11 -3 -19
right_child=-2 7 3 -5 -6 6 -8 10 9 14 13 12 -14 -15 15 16 -18 19 -20 -21
leaf_value=-1.8161827381933722 0.069987578571410983 3.1205651175687592 -0.77886336368809139 -3.699934206950303 1.1746617157407504 -0.80004818063996253 1.6353339025517992 1.8484495810491888 2.224557745567167 -0.27138135760349597 -0.45016540983313275 -0.69383293871292251 -2.844275327352686 -0.070948384920274402 -1.1789787728969083 -0.030297008061268456 2.5508853905536744 -2.6023110580573863 0.77421312128711317 -0.82853950909784124
leaf_weight=139 61339 91 1109 103 284 133 118 123 94 636 4260 341 270 27341 233 233 157 252 1640 370
leaf_count=139 61339 91 1109 103 284 133 118 123 94 636 4260 341 270 27341 233 233 157 252 1640 370
internal_value=-0.00669616 -0.1307 -0.566865 -1.01895 0.257403 -0.404061 0.378306 -0.107911 0.197621 -0.413897 -0.142929 -1.03374 -1.61791 -0.122235 -0.548048 0.171811 0.983908 -0.904531 0.892558 -1.52296
internal_weight=99266 37927 1886 1212 674 390 251 36041 3706 1975 32335 734 611 31601 1881 623 390 1258 1731 622
internal_count=99266 37927 1886 1212 674 390 251 36041 3706 1975 32335 734 611 31601 1881 623 390 1258 1731 622
cat_boundaries=0 3 5 7 9 11 13 15 17
cat_threshold=9465762 3857981761 2 9250 616562944 0 12582912 18944 31719424 1024 25165824 17408 2155872256 8388642 1611661376 8397856 1056768
is_linear=0
shrinkage=0.0711242


Tree=166
num_leaves=21
num_cat=8
split_feature=3 9 3 2 3 3 6 4 3 11 9 7 7 7 2 11 9 9 3 9
split_gain=116763 70829.3 134786 105879 282326 172854 121577 82188.7 68207.3 85945.1 94741.5 137413 79798.4 78448.2 66224.3 121562 106212 65176.8 101202 99350.9
threshold=0 20.735000000000003 1 2 3 4 1.0000000180025095e-35 4.5000000000000009 5 1.0000000180025095e-35 5.0750000000000011 17.025000000000002 20.235000000000003 17.815000000000001 6 1.0000000180025095e-35 29.275000000000002 10.675000000000002 7 5.7350000000000012
decision_type=9 10 9 1 9 9 2 2 9 2 8 2 2 2 1 2 10 10 9 10
left_child=1 3 -3 4 6 7 17 -5 9 -6 -11 -12 13 -13 16 -16 -4 18 19 -1
right_child=-2 2 14 5 8 -7 -8 -9 -10 10 11 12 -14 -15 15 -17 -18 -19 -20 -21
leaf_value=0.17757134429820995 0.075458696423700136 -0.50589079899615585 0.80385516210880925 -0.081894560519179815 0.15333750589485184 0.25838712244266626 -0.051840933383229995 -0.7705461893786022 -0.086223049959582562 -0.14201065349909481 -0.56600610594987666 2.2079845547103858 1.0788648384901893 5.1669956895590108 -0.20044300482877767 -2.1162492930674532 -0.031126298604919507 -0.59659241625241866 -2.4921513796173378 -1.3739601720309655
leaf_weight=294 56496 4983 893 3353 2277 11213 1244 1187 4338 214 104 120 136 73 3890 175 5621 1663 268 720
leaf_count=294 56496 4983 893 3353 2277 11213 1244 1187 4338 214 104 120 136 73 3890 175 5621 1663 268 720
internal_value=0.00835039 -0.0803018 -0.201341 -0.0110909 -0.175578 0.108519 -0.639869 -0.261381 0.0927592 0.357678 1.08223 1.68719 2.39941 3.32903 -0.0573535 -0.282269 0.0832221 -0.890422 -1.27151 -0.915106
internal_weight=99262 42766 15562 27204 11451 15753 4189 4540 7262 2924 647 433 329 193 10579 4065 6514 2945 1282 1014
internal_count=99262 42766 15562 27204 11451 15753 4189 4540 7262 2924 647 433 329 193 10579 4065 6514 2945 1282 1014
cat_boundaries=0 3 6 7 10 12 14 15 17
cat_threshold=641924385 1262670157 3 191745 54542336 2 11 537023520 1073741893 3 37748736 184602624 4194304 184602624 6 152608 64
is_linear=0
shrinkage=0.0711242


Tree=167
num_leaves=21
num_cat=3
split_feature=9 11 2 9 9 11 9 9 8 6 9 7 9 9 11 2 10 9 2 9
split_gain=77767.1 124248 113685 199137 164300 243235 205916 156277 141128 127747 109076 104042 109784 88890.8 394662 174479 78140.9 74617 74493.5 209049
threshold=34.975000000000001 1.0000000180025095e-35 0 28.675000000000004 22.575000000000003 1.0000000180025095e-35 22.575000000000003 24.885000000000002 4.3500000000000005 1.0000000180025095e-35 29.595000000000002 7.5650000000000004 33.275000000000013 19.695000000000004 1.0000000180025095e-35 1 16.445000000000004 24.165000000000003 2 19.435000000000006
decision_type=10 2 1 10 8 2 10 10 2 2 10 2 10 10 2 1 10 10 1 8
left_child=2 -2 4 13 -1 6 9 -8 10 16 -7 12 -9 18 15 17 -6 -15 -4 -20
right_child=1 -3 3 -5 5 8 7 11 -10 -11 -12 -13 -14 14 -16 -17 -18 -19 19 -21
leaf_value=1.1475196510196948 -0.1284415721218907 -1.1453364884999651 0.16387785264171514 -1.1900324929925179 -1.6711039549936524 0.2263309883702698 2.7710615483507177 2.5993000965476947 -1.1820073488033849 -2.2937322892224978 -0.55869134234011064 0.40443003900524777 -0.018535563099183715 0.13988580451023738 -1.5913176671589189 -0.76201203771470227 0.49427966214066205 -0.22257791260925905 -0.05357656069333433 0.79940326077752621
leaf_weight=875 14155 635 14422 739 117 2191 155 227 721 201 1514 5335 126 8219 927 1652 301 4417 40851 1507
leaf_count=875 14155 635 14422 739 117 2191 155 227 721 201 1514 5335 126 8219 927 1652 301 4417 40851 1507
internal_value=-0.0216537 -0.172108 0.00468137 -0.0285049 0.209726 0.134546 0.412757 0.543438 -0.271646 -0.820699 -0.0944635 0.482693 1.66511 -0.0165848 -0.169255 -0.0769832 -0.112041 0.013173 0.0243256 -0.0232224
internal_weight=99287 14790 84497 72734 11763 10888 6462 5843 4426 619 3705 5688 353 71995 15215 14288 418 12636 56780 42358
internal_count=99287 14790 84497 72734 11763 10888 6462 5843 4426 619 3705 5688 353 71995 15215 14288 418 12636 56780 42358
cat_boundaries=0 1 2 3
cat_threshold=6 160 160
is_linear=0
shrinkage=0.0711242


Tree=168
num_leaves=21
num_cat=11
split_feature=3 0 10 3 3 8 3 10 3 10 3 10 11 3 8 4 3 0 3 10
split_gain=126792 93433.9 75002.9 157872 69161 58519.4 153160 80091.4 70901.8 95997.8 85977.1 57379.4 57370.1 189698 83892.7 75782.3 72337.9 63147.3 94447.9 63088.8
threshold=0 1 3.6750000000000003 2 3 2.5500000000000003 4 49.515000000000008 5 7.3650000000000011 6 4.9350000000000014 1.0000000180025095e-35 7 0.95000000000000007 2.5000000000000004 8 9 10 30.645000000000003
decision_type=9 1 10 9 9 2 9 10 9 8 9 8 2 9 2 2 9 1 9 8
left_child=1 2 3 -1 -4 7 -7 8 -2 10 -10 -8 -11 19 15 -15 -17 -16 -19 -14
right_child=5 -3 4 -5 -6 6 11 -9 9 12 -12 -13 13 14 17 16 -18 18 -20 -21
leaf_value=3.2236707998529592 0.090802161000792733 -0.22294177826929137 0.19331933265868328 0.24117829804468099 -0.19421567169932416 -0.14691432842810281 1.9161142226476324 -1.0892952134601572 -0.95796679337825719 0.013273478126133541 -0.083791617131631815 0.26287165622207892 0.78101492935581862 -0.57566183948967864 -1.2649367239907461 -0.092150897248232361 2.584963453965841 -1.192952481829272 -0.18843785836624127 -0.74901554215595378
leaf_weight=102 21872 21973 4459 481 4856 6488 107 346 1137 19066 1148 12833 919 191 674 100 104 659 1664 160
leaf_count=102 21872 21973 4459 481 4856 6488 107 346 1137 19066 1148 12833 919 191 674 100 104 659 1664 160
internal_value=-0.0243357 -0.141221 0.0402362 0.822815 -0.00870722 0.0308959 0.135061 -0.0112238 -0.0034008 -0.0831965 -0.523354 0.276342 -0.040499 -0.269801 -0.530326 0.442341 1.39531 -0.660301 -0.47733 0.549003
internal_weight=99339 31871 9898 583 9315 67468 19428 48040 47694 25822 2285 12940 23537 4471 3392 395 204 2997 2323 1079
internal_count=99339 31871 9898 583 9315 67468 19428 48040 47694 25822 2285 12940 23537 4471 3392 395 204 2997 2323 1079
cat_boundaries=0 3 4 6 9 11 13 15 17 19 20 22
cat_threshold=2165879300 597098769 1 18 17825792 33619968 18382852 554696960 1 8603648 409491584 271008786 275307144 1241514336 201327652 2304 201335808 1086324832 36 24 679477257 1073741824
is_linear=0
shrinkage=0.0711242


Tree=169
num_leaves=21
num_cat=9
split_feature=3 9 2 3 3 9 2 9 11 3 2 11 9 10 3 3 10 8 9 10
split_gain=123491 70115.6 112202 236064 199918 172310 199296 103959 235872 100111 111347 165858 129350 97005.4 130167 95341.2 170859 100978 93463.8 90371.8
threshold=0 17.885000000000002 1 2 3 9.1550000000000029 4 9.3850000000000033 1.0000000180025095e-35 5 6 1.0000000180025095e-35 30.815000000000001 14.015000000000002 7 8 12.525 2.8500000000000001 17.885000000000002 4.5650000000000004
decision_type=9 8 1 9 9 10 1 10 2 9 1 2 10 8 9 9 10 2 10 8
left_child=-1 2 4 7 19 6 -5 8 -4 -3 12 -12 13 15 -15 16 17 -11 -13 -2
right_child=1 9 3 5 -6 -7 -8 -9 -10 10 11 18 -14 14 -16 -17 -18 -19 -20 -21
leaf_value=-0.09604886163960405 0.95213794041040112 0.12665483115202786 0.29778026551574988 0.3563708984715086 0.24665100450244706 0.15162639203765463 -3.1822074364165198 0.67635731581011993 3.9819982678398582 3.054212809555819 -0.23692208163370673 0.46356371335610713 -0.15064688835053339 -0.3601712584267987 0.72567846511596568 0.24880627810191738 4.8745920239171774 0.16600821979035721 -1.8203827758894626 -0.24756049434943003
leaf_weight=39971 330 14364 195 153 11766 4499 164 3215 160 93 6135 109 6368 1088 1129 328 81 179 537 8419
leaf_count=39971 330 14364 195 153 11766 4499 164 3215 160 93 6135 109 6368 1088 1129 328 81 179 537 8419
internal_value=0.000564153 0.0656779 0.145014 0.36403 0.0552806 0.0386064 -1.5638 0.801687 1.95885 -0.00969773 -0.131747 -0.350558 0.0285902 0.422533 0.194449 1.16494 1.95355 1.15419 -1.435 -0.202069
internal_weight=99283 59312 28901 8386 20515 4816 317 3570 355 30411 16047 6781 9266 2898 2217 681 353 272 646 8749
internal_count=99283 59312 28901 8386 20515 4816 317 3570 355 30411 16047 6781 9266 2898 2217 681 353 272 646 8749
cat_boundaries=0 3 4 6 8 9 11 12 14 16
cat_threshold=3221797319 213525729 3 25 164644408 3221295132 59786784 3221293598 160 662765600 1610910486 23 135398912 2449555464 135661080 33619968
is_linear=0
shrinkage=0.0711242


Tree=170
num_leaves=21
num_cat=11
split_feature=3 10 3 10 3 0 4 3 10 10 10 3 10 11 3 3 10 3 0 3
split_gain=121649 46956.8 88781.2 51078.3 120781 45621.3 65463.5 53231.1 68267.2 109977 51271 53597.3 39434.1 100866 205556 73614.6 72915.7 65325.7 61098.9 68746.3
threshold=0 42.035000000000004 1 41.405000000000008 2 3 1.5000000000000002 4 47.515000000000008 44.185000000000009 48.385000000000012 5 25.035000000000004 1.0000000180025095e-35 6 7 33.155000000000008 8 9 10
decision_type=9 10 9 10 9 1 2 9 10 10 10 9 8 2 9 9 8 9 1 9
left_child=12 3 5 -2 -5 6 -3 8 9 -8 11 -7 15 -14 16 -1 18 -18 -15 -20
right_child=1 2 -4 4 -6 10 7 -9 -10 -11 -12 -13 13 14 -16 -17 17 -19 19 -21
leaf_value=-0.1590384070542421 0.082061559743431878 -0.61577561021846727 -0.4886964861215734 2.8103616010914858 0.088981693664024142 1.3039087476628144 1.0114905672639163 0.25203729769712796 0.27411365687488204 4.4716307287615882 -1.8116836585830751 -0.52699921924811566 -0.10431998891112702 -0.65392671427054017 -1.2410639472708687 0.058794322533394651 -1.8129138418606137 0.19095931026354848 -0.43822286651492964 1.5513418411964397
leaf_weight=14648 50453 169 1954 107 294 112 109 298 112 81 90 230 11589 137 1208 16885 134 194 118 333
leaf_count=14648 50453 169 1954 107 294 112 109 298 112 81 90 230 11589 137 1208 16885 134 194 118 333
internal_value=-0.000178321 0.0718853 -0.194352 0.0884172 0.887879 0.286225 0.612498 0.96871 1.61384 2.48798 -0.295292 0.0954842 -0.0861957 -0.186903 -0.637469 -0.0424273 0.170268 -0.677395 0.646041 1.03259
internal_weight=99255 54009 3155 50854 401 1201 769 600 302 190 432 342 45246 13713 2124 31533 916 328 588 451
internal_count=99255 54009 3155 50854 401 1201 769 600 302 190 432 342 45246 13713 2124 31533 916 328 588 451
cat_boundaries=0 3 5 7 8 10 12 15 18 20 21 23
cat_threshold=2443906256 2339033182 5 239108102 813695616 1174405120 268438144 38 167772162 276824192 4227074 512 2166882512 4325444 1 2148011200 188874772 1 2097296 64 16 2164260864 131072
is_linear=0
shrinkage=0.0711242


Tree=171
num_leaves=21
num_cat=8
split_feature=1 9 11 9 1 9 1 1 9 1 1 7 7 9 9 10 9 7 1 1
split_gain=84097.6 73952 62273.2 628338 365282 290743 287621 222939 221378 240048 169371 168874 257015 198846 167543 149291 141672 160049 187175 134594
threshold=0 45.715000000000011 1.0000000180025095e-35 12.885000000000003 1 9.2750000000000004 2 3 30.815000000000001 4 5 20.925000000000004 18.245000000000001 4.495000000000001 15.895000000000001 4.1550000000000011 8.7050000000000018 20.585000000000004 6 7
decision_type=1 10 2 10 1 10 1 1 10 1 1 2 2 10 10 10 10 2 1 1
left_child=-1 2 5 4 -4 7 -5 11 9 -8 -10 12 13 19 -11 -9 17 -6 -19 -2
right_child=1 -3 3 6 16 -7 8 15 10 14 -12 -13 -14 -15 -16 -17 -18 18 -20 -21
leaf_value=-0.10530555147031538 2.4402782038807844 -0.35490288624725252 1.4806124897635151 -1.3963252428365844 0.33118142802049766 0.15961353103571846 0.5789486455314552 1.3291253093511106 -2.5222808947916566 0.26510203831667617 -0.65562236820590525 -1.8217936797357914 0.73227711631495584 -0.66770401225254516 -0.66382935789750097 -1.0073623227997439 -0.28783096835783356 3.9627125065789901 0.097022598466838111 0.1631667534683976
leaf_weight=26511 149 2292 1400 1351 2973 46473 1903 147 299 1434 1347 259 1771 2415 3117 2329 1962 128 129 782
leaf_count=26511 149 2292 1400 1351 2973 46473 1903 147 299 1434 1347 259 1771 2415 3117 2329 1962 128 129 782
internal_value=0.00310152 0.042664 0.0556199 -0.0675024 0.465463 0.0919799 -0.439242 -0.308315 -0.277531 -0.0900907 -1.01413 -0.0501624 0.0394411 -0.327278 -0.370314 -0.865109 0.188497 0.478417 2.18096 0.555759
internal_weight=99171 72660 70368 16043 6592 54325 9451 7852 8100 6454 1646 5376 5117 3346 4551 2476 5192 3230 257 931
internal_count=99171 72660 70368 16043 6592 54325 9451 7852 8100 6454 1646 5376 5117 3346 4551 2476 5192 3230 257 931
cat_boundaries=0 2 4 6 8 10 12 14 16
cat_threshold=167830274 5140 2159678624 2059 1613038592 520 352584889 651 2160199684 256 9437216 1 1141112832 512 128 512
is_linear=0
shrinkage=0.0711242


Tree=172
num_leaves=21
num_cat=4
split_feature=1 10 10 0 10 10 1 7 8 10 10 10 7 7 5 7 1 7 10 11
split_gain=130600 48530.2 59049.1 45390.8 41113.6 124887 120694 119261 116513 98595.1 97717.8 83738.5 81053.1 75363.3 71725.5 127040 62411.8 86009.8 73364.6 145838
threshold=0 38.615000000000002 38.355000000000011 1 6.245000000000001 8.6850000000000005 2 18.435000000000006 1.5500000000000003 7.5950000000000006 7.9250000000000007 4.5650000000000004 20.175000000000004 12.565000000000003 1.0000000180025095e-35 17.575000000000003 3 9.7550000000000008 11.745000000000003 1.0000000180025095e-35
decision_type=1 10 10 1 8 8 1 2 2 10 10 10 2 2 2 2 1 2 10 2
left_child=1 2 4 -3 11 6 10 -8 12 -10 -6 -1 -9 -12 -13 -16 18 -18 -7 -20
right_child=-2 3 -4 -5 5 16 7 8 9 -11 13 14 -14 -15 15 -17 17 -19 19 -21
leaf_value=0.093542318242254452 0.05922115473151137 -1.0604558940225342 1.4770760120895872 -0.27591335412847168 0.51820830714446808 -0.047629455322388832 -0.45068537799668867 1.1332644647118253 0.74027358379951658 4.4754934239122264 3.4474239407373921 -1.1016177804988352 -1.2921910599034778 1.2119184698732783 1.2971423626039187 -1.4270472961492022 0.30713319538275324 -0.14069248808158191 -0.43759254015038895 -2.4004350536043391
leaf_weight=1028 72719 427 121 2778 736 2437 1004 170 71 72 116 916 118 223 196 155 2747 10319 2704 206
leaf_count=1028 72719 427 121 2778 736 2437 1004 170 71 72 116 916 118 223 196 155 2747 10319 2704 206
internal_value=0.00993257 -0.125072 -0.0894798 -0.384633 -0.0976495 -0.0663029 0.404329 -0.025682 0.963642 2.62253 0.96952 -0.383415 0.139408 1.97756 -0.770382 0.0940942 -0.13046 -0.0465044 -0.334896 -0.576611
internal_weight=99263 26544 23339 3205 23218 20923 2510 1435 431 143 1075 2295 288 339 1267 351 18413 13066 5347 2910
internal_count=99263 26544 23339 3205 23218 20923 2510 1435 431 143 1075 2295 288 339 1267 351 18413 13066 5347 2910
cat_boundaries=0 2 3 5 7
cat_threshold=1375994560 1704 1 33554560 1024 1107296768 1024
is_linear=0
shrinkage=0.0711242


Tree=173
num_leaves=21
num_cat=12
split_feature=3 1 1 3 3 1 1 4 3 9 3 10 10 10 1 9 10 10 3 3
split_gain=131152 159526 149534 242621 161628 148420 116246 152529 122760 115919 195542 144132 271632 134193 122008 106217 139198 132167 136552 104014
threshold=0 1 2 3 4 5 6 4.5000000000000009 7 10.255000000000001 8 30.965000000000003 8.7950000000000017 6.245000000000001 9 10.145000000000001 39.955000000000005 9.6450000000000014 10 11
decision_type=9 1 1 9 9 1 1 2 9 8 9 10 8 8 1 10 10 8 9 9
left_child=1 -1 3 9 5 19 7 -6 15 10 -2 12 -12 -11 -15 17 -17 -9 -19 -4
right_child=2 -3 4 -5 6 -7 -8 8 -10 13 11 -13 -14 14 -16 16 -18 18 -20 -21
leaf_value=0.16267540036408176 -0.010111486682236463 -0.18842490337373349 0.76872314492079308 0.054507029490004119 -0.53536677730673932 -0.021654019247169566 -0.0052640330299779841 3.9966213186529416 -0.29980711094711043 -0.89127511754983368 5.3619449057698647 5.3653330554221927 -0.10603020275732236 0.20257242279270857 0.75959086529329567 -0.13336778547864789 2.915466643485229 2.5135073647957449 -0.85007381455228992 0.20031196286647682
leaf_weight=8913 241 24589 2467 17530 6138 10817 12505 96 1442 363 71 82 130 3681 4383 631 86 111 118 4827
leaf_count=8913 241 24589 2467 17530 6138 10817 12505 96 1442 363 71 82 130 3681 4383 631 86 111 118 4827
internal_value=0.0195169 -0.094996 0.0778955 0.208461 -0.010252 0.145613 -0.143872 -0.344663 0.125183 0.509571 1.5365 2.75617 1.82693 0.446305 0.506525 0.709364 0.232631 1.78258 0.853252 0.393358
internal_weight=99221 33502 65719 26481 39238 18111 21127 8622 2484 8951 524 283 201 8427 8064 1042 717 325 229 7294
internal_count=99221 33502 65719 26481 39238 18111 21127 8622 2484 8951 524 283 201 8427 8064 1042 717 325 229 7294
cat_boundaries=0 3 5 7 10 13 15 17 19 21 23 25 27
cat_threshold=1226944561 26677668 4 1099044870 1680 2422133332 2313 2690121868 2218786889 3 369102662 36236816 1 1143013418 4614 1157693474 4630 549732360 738197504 2684354560 2214592585 4984852 264 0 738197504 100663810 17920
is_linear=0
shrinkage=0.0711242


Tree=174
num_leaves=21
num_cat=10
split_feature=3 9 3 0 4 3 10 2 0 3 8 3 4 2 4 4 9 2 4 4
split_gain=156353 95177.1 207647 143227 138456 146844 110395 102721 101111 105014 97620.6 87517.3 184248 81380.9 147965 132006 125609 73564.4 108954 102283
threshold=0 8.1150000000000002 1 2 5.5000000000000009 3 41.115000000000002 4 5 6 1.3500000000000003 7 1.5000000000000002 8 1.5000000000000002 2.5000000000000004 5.4250000000000007 9 1.0000000180025095e-35 4.5000000000000009
decision_type=9 8 9 1 2 9 10 1 1 9 2 9 2 1 2 2 10 1 2 2
left_child=-1 2 17 13 6 -6 7 -5 11 -10 -11 -9 -13 14 -4 -15 -17 18 -2 -19
right_child=1 -3 3 4 5 -7 -8 8 9 10 -12 12 -14 15 -16 16 -18 19 -20 -21
leaf_value=-0.10476635545470134 1.7520297838806203 0.10521959366035406 4.4093685319173979 -1.4907959694590052 -0.63790097353765784 1.7570490875337998 -2.8558232342788159 1.7566582150396333 0.33321368729391515 -1.0298423202437121 0.79974421529239326 -2.7106069198187366 1.1320319203094771 -1.1819473967085803 0.79302106815963913 3.6577902842657863 0.27436879653782098 -2.8757627954997362 -1.0452449803408412 -0.60504639355492984
leaf_weight=46344 84 47716 85 319 206 329 89 224 662 1072 171 93 196 177 175 81 176 241 434 172
leaf_count=46344 84 47716 85 319 206 329 89 224 662 1072 171 93 196 177 175 81 176 241 434 172
internal_value=-0.00948437 0.0743085 -0.221358 3.12059e-05 -0.19267 0.855841 -0.39187 -0.31166 -0.149269 -0.388131 -0.771897 0.728111 -0.101459 0.922665 1.9032 0.305357 1.34162 -1.17294 -0.580213 -1.88479
internal_weight=99046 52702 4986 4055 3361 535 2826 2737 2418 1905 1243 513 289 694 260 434 257 931 518 413
internal_count=99046 52702 4986 4055 3361 535 2826 2737 2418 1905 1243 513 289 694 260 434 257 931 518 413
cat_boundaries=0 3 5 6 8 9 10 12 14 15 16
cat_threshold=2705847827 2734474576 1 1317011616 1073744000 20 1574980 67109418 1 1 270008588 16781344 268435520 201523235 136 80
is_linear=0
shrinkage=0.0711242


Tree=175
num_leaves=21
num_cat=4
split_feature=4 2 9 7 7 7 2 9 2 9 6 9 7 9 9 2 11 9 7 11
split_gain=79928.8 232280 280952 250173 213918 189965 156323 149739 114415 302289 263735 229529 126083 114476 112990 112087 124618 201728 130337 111968
threshold=3.5000000000000004 0 19.965000000000003 16.665000000000003 17.085000000000004 21.525000000000002 1 21.265000000000004 2 4.2650000000000006 1.0000000180025095e-35 9.3850000000000033 15.885000000000003 42.785000000000004 4.0150000000000006 3 1.0000000180025095e-35 14.865 18.245000000000001 1.0000000180025095e-35
decision_type=2 1 10 2 2 2 1 8 1 10 2 10 2 8 10 1 2 10 2 2
left_child=1 3 4 -1 6 7 -3 14 9 -2 11 -11 -12 15 -5 16 -10 18 -18 -16
right_child=8 2 -4 5 -6 -7 -8 -9 13 10 12 -13 -14 -15 19 -17 17 -19 -20 -21
leaf_value=-0.51212029105406975 2.1253038421410477 2.0501621031164632 -0.15656612427705524 -0.81369504750123789 -0.11263932163669588 -1.5254185584089972 0.34525567479587244 2.4433431730924715 0.3306160933595293 -2.0894007174379161 0.22733769083531852 -0.0866838196288479 1.1002300580675488 -0.34360350717089877 0.086808351432531655 -0.059595520439890137 2.3445759422603079 -0.31911639077191761 -0.38524459546552209 1.0207044779488814
leaf_weight=10099 450 269 22044 547 6700 339 12647 148 10649 373 2288 1292 1320 4036 3211 18181 253 3408 136 814
leaf_count=10099 450 269 22044 547 6700 339 12647 148 10649 373 2288 1292 1320 4036 3211 18181 253 3408 136 814
internal_value=-0.0139708 -0.0691115 0.0176638 -0.307411 0.213468 0.100632 0.382632 0.217445 0.0599448 0.355412 0.20501 -0.535427 0.546708 0.0137216 0.145345 0.0579282 0.205736 -0.143958 1.39032 0.275694
internal_weight=99204 56818 41660 15158 19616 5059 12916 4720 42386 5723 5273 1665 3608 36663 4572 32627 14446 3797 389 4025
internal_count=99204 56818 41660 15158 19616 5059 12916 4720 42386 5723 5273 1665 3608 36663 4572 32627 14446 3797 389 4025
cat_boundaries=0 1 2 3 4
cat_threshold=9 4 1 38
is_linear=0
shrinkage=0.0711242


Tree=176
num_leaves=21
num_cat=16
split_feature=1 3 3 1 3 1 3 7 1 3 1 1 3 1 1 10 3 6 10 3
split_gain=110365 234958 193159 118192 118523 132896 105776 105007 94052.5 128504 107746 98371.7 91057.9 97109 90007.3 94549.5 88877.1 85928.7 118561 85480.7
threshold=0 1 2 3 4 5 6 10.235000000000001 7 8 9 10 11 12 13 3.3850000000000002 14 1.0000000180025095e-35 14.215000000000002 15
decision_type=1 9 9 1 9 1 9 2 1 9 1 1 9 1 1 8 9 2 10 9
left_child=1 3 14 4 5 7 -5 -1 9 10 -3 19 13 -12 -2 -16 -10 18 -7 -11
right_child=2 8 -4 6 -6 17 -8 -9 16 11 12 -13 -14 -15 15 -17 -18 -19 -20 -21
leaf_value=2.5722884960768213 0.079104139603947909 -0.18623438673746173 -0.037623762426147622 -0.38682232835908897 0.14655707461337761 1.3282626596081841 0.11428083354871992 0.84167187053242287 -0.56335420835051331 -1.14199936730355 3.1852285504523565 -0.087837374200270116 0.27694242008572789 0.78878434183862811 2.0980949584936233 0.35182147015297099 -0.19928159961418146 -0.40847323410250963 -0.11186377820873541 -0.27496270607903944
leaf_weight=300 9530 2227 32143 3180 6271 673 6410 434 5340 983 102 5506 2658 476 159 11148 9383 493 507 1419
leaf_count=300 9530 2227 32143 3180 6271 673 6410 434 5340 983 102 5506 2658 476 159 11148 9383 493 507 1419
internal_value=0.00160609 -0.0785236 0.0717277 0.120002 0.310046 0.733598 -0.0521144 1.52841 -0.207611 -0.0709093 0.194173 -0.254048 0.455733 1.25907 0.240349 0.376061 -0.331625 0.377816 0.709533 -0.633083
internal_weight=99342 46362 52980 18268 8678 2407 9590 734 28094 13371 5463 7908 3236 578 20837 11307 14723 1673 1180 2402
internal_count=99342 46362 52980 18268 8678 2407 9590 734 28094 13371 5463 7908 3236 578 20837 11307 14723 1673 1180 2402
cat_boundaries=0 2 5 8 10 12 14 16 18 20 21 23 24 25 27 30 33
cat_threshold=1673103811 1612 100996321 3333219497 2 3096619179 2323844688 1 554205187 1604 67179520 34078848 524288 1536 328801 34078848 1116801344 72 3231845122 553648980 42991872 1073741888 64 1073742592 64 339767348 144 1088948994 553845248 1 826286084 269615104 1
is_linear=0
shrinkage=0.0711242


Tree=177
num_leaves=21
num_cat=7
split_feature=1 4 1 7 8 7 11 1 7 1 7 1 7 7 7 1 1 11 7 8
split_gain=103754 87694.6 126311 72374.4 89957.2 69361.2 65940.3 58598.5 51452 130765 62112.2 45532.5 62436.3 83748.3 37287.1 36158.3 35346.5 67566.5 61091.3 31904
threshold=0 1.5000000000000002 1 18.915000000000003 1.4500000000000002 20.235000000000003 1.0000000180025095e-35 2 21.125000000000004 3 21.425000000000004 4 17.575000000000003 20.475000000000005 16.905000000000005 5 6 1.0000000180025095e-35 18.495000000000001 2.3500000000000001
decision_type=1 2 1 2 2 2 2 1 2 1 2 1 2 2 2 1 1 2 2 2
left_child=1 2 3 6 5 -5 14 -8 -4 -10 -11 12 -3 16 -1 -16 18 -18 -14 -12
right_child=-2 11 8 4 -6 -7 7 -9 9 10 19 -13 13 -15 15 -17 17 -19 -20 -21
leaf_value=-0.28552199609993567 -0.088293526767749222 0.10397394111167138 0.0082068664390974964 2.5888713269295494 -0.29266063880495352 0.24915510729768323 -2.6478054287913126 -0.8488298274595254 -0.67189211913387326 2.7877205855569351 0.0087547258075051388 0.17358928937519141 0.84162722328970863 0.22461556296921564 -1.575077954965465 -0.14537147043165111 -0.47293384136582628 -1.680529001447058 -0.50564458608727392 1.7802919583050403
leaf_weight=2255 48687 9136 9499 113 673 148 107 655 212 134 112 23806 232 1219 232 159 1084 299 639 95
leaf_count=2255 48687 9136 9499 113 673 148 107 655 212 134 112 23806 232 1219 232 159 1084 299 639 95
internal_value=-0.0141079 0.0569856 -0.0916247 -0.411678 0.142041 1.26267 -0.564639 -1.1476 0.0469886 0.713892 1.54966 0.115744 0.00638664 -0.250302 -0.396724 -1.03784 -0.507144 -0.728833 -0.14507 0.822191
internal_weight=99496 50809 14394 4342 934 261 3408 762 10052 553 341 36415 12609 3473 2646 391 2254 1383 871 207
internal_count=99496 50809 14394 4342 934 261 3408 762 10052 553 341 36415 12609 3473 2646 391 2254 1383 871 207
cat_boundaries=0 2 4 6 8 10 12 13
cat_threshold=2781073724 7505 8388864 4433 0 16 84021260 2048 2168635408 2048 0 4177 16924672
is_linear=0
shrinkage=0.0711242


Tree=178
num_leaves=21
num_cat=15
split_feature=9 3 1 9 3 3 1 3 3 1 3 3 1 1 11 9 3 9 3 1
split_gain=108170 310073 315148 246862 192316 156520 150662 224399 199342 134108 148646 132092 232377 149079 119697 126185 177942 116542 244388 144398
threshold=6.1950000000000012 0 1 4.495000000000001 2 3 4 5 6 7 8 9 10 11 1.0000000180025095e-35 5.0750000000000011 12 6.3350000000000009 13 14
decision_type=8 9 1 10 9 9 1 9 9 1 9 9 1 1 2 10 9 10 9 1
left_child=1 6 3 -3 -5 -4 8 -8 -1 -7 -11 12 -2 -13 -10 16 -16 18 -14 -20
right_child=11 2 5 4 -6 9 7 -9 14 10 -12 13 17 -15 15 -17 -18 -19 19 -21
leaf_value=-0.95206480969052754 0.086145438394522794 -0.56470696497272266 -2.1383807018445098 -1.337836046288027 -5.8896044229560918 -0.67901332529534431 3.7315320055032459 0.55996729616641516 -0.15010970172202889 0.93909147569622742 -0.57530219581209929 0.22195021039221005 2.4699308112677181 -0.013739777383803475 0.35693125585396346 -0.15215354621492488 4.2418979498056766 -0.30491124231748257 1.6450395190933795 -1.172806859897487
leaf_weight=793 19233 172 252 105 125 2112 118 1068 480 697 603 23802 230 31586 124 144 125 17319 120 308
leaf_count=793 19233 172 252 105 125 2112 118 1068 480 697 603 23802 230 31586 124 144 125 17319 120 308
internal_value=-0.00232143 -0.27361 -0.671433 -2.54014 -4.12704 -0.459994 0.294876 0.904329 -0.141815 -0.330096 0.237624 0.0179468 -0.0856832 0.0875657 0.596653 1.52374 2.49265 -0.269462 0.6594 -0.363068
internal_weight=99516 6918 4066 402 230 3664 2852 1186 1666 3412 1300 92598 37210 55388 873 393 249 17977 658 428
internal_count=99516 6918 4066 402 230 3664 2852 1186 1666 3412 1300 92598 37210 55388 873 393 249 17977 658 428
cat_boundaries=0 2 4 6 8 10 12 14 16 18 21 23 25 27 29 31
cat_threshold=2350055935 3854670652 1073741952 4096 4096 4063232 1098907648 1217 771817993 4608 2148532236 268 2148663660 562037048 604242697 528 4765184 270680066 2819749936 2711738764 3 3522121999 2465 2919937056 4999 65536 67207172 63488 8470528 603980304 512
is_linear=0
shrinkage=0.0711242


Tree=179
num_leaves=21
num_cat=17
split_feature=3 1 3 1 1 3 3 3 1 3 10 10 5 1 3 1 3 1 3 1
split_gain=138192 187666 154317 258144 143230 144332 144326 138417 112074 179418 136382 108120 112185 204016 153288 151689 97957.4 95260.7 88771.3 88702.5
threshold=0 1 2 3 4 5 6 7 8 9 7.3650000000000011 42.375000000000007 1.0000000180025095e-35 10 11 12 13 14 15 16
decision_type=9 1 9 1 1 9 9 9 1 9 8 10 2 1 9 1 9 1 9 1
left_child=1 7 3 -3 5 17 19 -1 9 10 -4 12 15 18 -15 -7 -13 -2 -14 -6
right_child=4 2 8 -5 6 11 -8 -9 -10 -11 -12 16 13 14 -16 -17 -18 -19 -20 -21
leaf_value=-0.27532134231231942 0.1807737559118075 1.089860173514233 2.4884397671348522 0.21500775694018223 0.26195199617070197 0.46753318520942488 -0.33954044745468126 0.093902067334882169 0.19579274327027416 -0.62762248431569523 0.15201152376779872 0.40481459000633502 -0.56115291442728243 1.7808879315779178 0.5369773426232537 -0.085684568889384208 -0.90252231373397196 -0.29328029840146441 0.42142534634919715 -0.15721086066499787
leaf_weight=9404 2885 2381 140 6016 4000 3729 15996 11297 11390 2376 1292 432 832 797 1405 7606 854 8298 1029 7023
leaf_count=9404 2885 2381 140 6016 4000 3729 15996 11297 11390 2376 1292 432 832 797 1405 7606 854 8298 1029 7023
internal_value=-0.0110401 0.0824034 0.219491 0.464085 -0.0864533 0.0266882 -0.203112 -0.0738802 0.0841331 -0.249483 0.377933 0.159172 0.211593 0.532246 0.993271 0.0966526 -0.467226 -0.170931 -0.0185139 -0.00500552
internal_weight=99182 44296 23595 8397 54886 27867 27019 20701 15198 3808 1432 16684 15398 4063 2202 11335 1286 11183 1861 11023
internal_count=99182 44296 23595 8397 54886 27867 27019 20701 15198 3808 1432 16684 15398 4063 2202 11335 1286 11183 1861 11023
cat_boundaries=0 3 5 8 10 12 15 18 21 23 25 27 29 31 33 35 37 39
cat_threshold=3351420694 2483299289 5 2000438285 6322 2181076736 268697601 1 74432 1536 4131820813 4893 671178888 14714916 2 671178760 1084262438 2 3254818564 268697617 1 197312 1024 1073874948 280 339772428 280 3145792 135462912 1077974024 9 1572896 34164736 268435724 17 3145824 1108541440 19415168 1058
is_linear=0
shrinkage=0.0711242


Tree=180
num_leaves=21
num_cat=9
split_feature=1 7 7 1 6 1 0 1 7 8 6 1 7 7 1 7 1 7 4 1
split_gain=110015 96977.8 39782.2 82627.7 68470 53388.9 50295.7 34817.2 72770.4 139261 49640.4 72251.4 65771.3 55486 149905 60129.4 68143.5 60376.3 50438.2 47819.3
threshold=0 6.2650000000000006 8.3550000000000022 1 1.0000000180025095e-35 2 3 4 8.5850000000000026 1.3500000000000003 1.0000000180025095e-35 5 21.175000000000004 19.755000000000006 6 20.355000000000004 7 20.635000000000002 1.5000000000000002 8
decision_type=1 2 2 1 2 1 1 1 2 2 2 1 2 2 1 2 1 2 2 1
left_child=1 -1 3 4 5 -3 -6 8 9 -4 13 12 -12 19 15 18 -17 -18 -15 -9
right_child=-2 2 7 -5 6 -7 -8 10 -10 -11 11 -13 -14 14 -16 16 17 -19 -20 -21
leaf_value=1.5716371086529215 0.066903644598612755 -0.40215019069568136 3.3967089646813946 -0.061480108009442418 1.0377890348781027 -1.3882926233128219 -0.45576338384738269 -0.43387613361668786 -0.17751955784895834 -0.35875911326240101 0.38086325128166765 -0.017944429744881901 2.1034690732379682 0.7184654776481475 -0.11725569761892782 2.1567200650099498 -1.4635824330530236 0.63464852459772603 2.8400740474291819 -0.080127789015713782
leaf_weight=178 57429 512 84 3040 154 680 364 2326 13443 123 2223 4660 118 94 2015 107 87 341 143 11303
leaf_count=178 57429 512 84 3040 154 680 364 2326 13443 123 2223 4660 118 94 2015 107 87 341 143 11303
internal_value=0.00293059 -0.0845496 -0.0916229 -0.285411 -0.679157 -0.979795 -0.00039827 -0.0667889 -0.157023 1.16598 -0.014117 0.144447 0.465779 -0.0817494 0.207407 1.04274 0.63828 0.203179 1.99917 -0.14088
internal_weight=99424 41995 41817 4750 1710 1192 518 37067 13650 207 23417 7001 2341 16416 2787 772 535 428 237 13629
internal_count=99424 41995 41817 4750 1710 1192 518 37067 13650 207 23417 7001 2341 16416 2787 772 535 428 237 13629
cat_boundaries=0 2 4 6 7 9 11 12 13 14
cat_threshold=3487592594 7296 1174409344 6144 67112960 2048 17 142614658 1152 1107300352 4096 3321888768 33554432 1107296256
is_linear=0
shrinkage=0.0711242


Tree=181
num_leaves=21
num_cat=12
split_feature=1 3 3 10 1 3 9 9 3 8 3 1 1 3 10 9 10 3 3 9
split_gain=114777 235036 200620 93950.8 97063.5 141365 146057 92090.9 197556 141153 100994 95233.2 92151.3 87537.3 86193.4 77445.6 97153.9 73412.1 69349.2 69302.5
threshold=0 1 2 13.105000000000002 3 4 10.465000000000002 7.3950000000000005 5 1.4500000000000002 6 7 8 9 24.645000000000003 9.4950000000000028 38.615000000000002 10 11 20.735000000000003
decision_type=1 9 9 8 1 9 10 10 9 2 9 1 1 9 10 8 10 9 9 8
left_child=1 -1 19 7 5 14 18 8 12 -10 -9 -12 -3 15 17 -6 -17 -5 -7 -2
right_child=2 3 -4 4 13 6 -8 10 9 -11 11 -13 -14 -15 -16 16 -18 -19 -20 -21
leaf_value=0.073321082922029365 0.34331982314909548 -1.3755050572968999 -0.046914852166728818 1.7692790965788985 -1.6857639841973555 -0.50021700377793532 -0.79842460512936919 0.14217850579005206 0.67284260007416075 3.1258166455991625 -0.00072195235773202238 -0.70999595331220189 0.15421949141932295 -0.16372763695547268 -2.084930323516053 -0.67529588132880725 1.1517448553057481 -0.13914778895953786 -2.8338917570692508 0.10360914992575898
leaf_weight=20530 11709 336 35163 109 336 102 1080 2434 928 136 1563 2488 471 6375 99 1607 162 704 324 12739
leaf_count=20530 11709 336 35163 109 336 102 1080 2434 928 136 1563 2488 471 6375 99 1607 162 704 324 12739
internal_value=-0.00054901 -0.0940913 0.0618859 -0.272543 -0.410257 -0.80741 -1.23028 -0.093259 0.346317 0.977427 -0.220085 -0.437018 -0.491809 -0.295704 -0.103304 -0.692709 -0.507932 0.136928 -2.35359 0.218327
internal_weight=99395 39784 59611 19254 10898 2418 1506 8356 1871 1064 6485 4051 807 8480 912 2105 1769 813 426 24448
internal_count=99395 39784 59611 19254 10898 2418 1506 8356 1871 1064 6485 4051 807 8480 912 2105 1769 813 426 24448
cat_boundaries=0 2 4 7 9 11 13 15 17 18 21 23 25
cat_threshold=3137605360 5250 1358344996 968565867 3473146034 3466662868 7 150996096 4096 2885683281 100680192 2902459459 100684308 2701656136 3221248528 419432480 4224 2432697872 18448 283264 1 1 33570816 589824 262160
is_linear=0
shrinkage=0.0711242


Tree=182
num_leaves=21
num_cat=11
split_feature=3 1 1 9 3 9 1 3 1 9 1 9 10 9 9 3 3 10 3 9
split_gain=122731 190733 119525 116858 108236 90553.3 97010.9 86656.6 166723 113197 89069.3 161329 191798 171152 167204 207364 90979.2 81034.6 148655 130455
threshold=0 1 2 3.0050000000000003 3 45.715000000000011 4 5 6 6.6250000000000009 7 7.2750000000000012 19.465000000000003 9.2750000000000004 11.395000000000001 8 9 42.035000000000004 10 9.0450000000000017
decision_type=9 1 1 8 9 8 1 9 1 10 1 10 10 10 10 9 9 10 9 10
left_child=1 4 17 -3 -1 7 -7 8 -5 -10 11 12 -9 -13 15 -15 -16 -2 19 -19
right_child=2 3 -4 5 -6 6 -8 10 9 -11 -12 13 -14 14 16 -17 -18 18 -20 -21
leaf_value=0.21816515907022432 0.10467932190522684 2.0984358771281997 -0.13184230721098794 0.50694794593823345 -0.17399179466944276 1.6685465455980002 -0.42787934970933023 5.2234449844028861 -1.7212920836104297 -0.093842794419219652 0.26555426842380631 -1.3181960799614245 1.0518843121724262 -0.47982380091331467 0.94571740401854354 3.4109281916664016 0.21024963792878107 -3.8023816808111377 0.014959736438017712 -0.88185245561947889
leaf_weight=5073 25712 173 31189 2975 11879 111 1482 82 227 4510 9431 234 174 104 1473 213 2042 94 1406 436
leaf_count=5073 25712 173 31189 2975 11879 111 1482 82 227 4510 9431 234 174 104 1473 213 2042 94 1406 436
internal_value=0.0290247 0.124823 -0.0364159 0.257159 -0.0565762 0.243448 -0.273929 0.281845 0.0905402 -0.1715 0.38877 0.656393 2.38942 0.548845 0.662883 2.22712 0.52176 0.0712409 -0.372471 -1.37445
internal_weight=99020 40183 58837 23231 16952 23058 1593 21465 7712 4737 13753 4322 256 4066 3832 317 3515 27648 1936 530
internal_count=99020 40183 58837 23231 16952 23058 1593 21465 7712 4737 13753 4322 256 4066 3832 317 3515 27648 1936 530
cat_boundaries=0 3 5 7 10 12 15 17 19 21 23 25
cat_threshold=1938317606 4029425873 1 3316932681 3282 3315922191 1106 1073742082 1075841089 1 570425472 512 1082663168 1075841025 1 138415776 289 805535744 524 805306404 262160 822083616 2684616704 2230992 164757504
is_linear=0
shrinkage=0.0711242


Tree=183
num_leaves=21
num_cat=18
split_feature=3 1 1 5 3 3 3 1 1 1 3 1 3 6 1 3 3 3 3 3
split_gain=118587 240559 151021 216172 225230 223344 188620 175569 170809 126088 111034 108904 161427 111466 156173 361746 150475 104954 102244 100883
threshold=0 1 2 1.0000000180025095e-35 3 4 5 6 7 8 9 10 11 1.0000000180025095e-35 12 13 14 15 16 17
decision_type=9 1 1 2 9 9 9 1 1 1 9 1 9 2 1 9 9 9 9 9
left_child=1 -1 3 4 -2 8 9 19 17 10 -4 12 -8 14 15 -14 -15 -5 -13 -6
right_child=2 -3 6 5 7 -7 11 -9 -10 -11 -12 18 13 16 -16 -17 -18 -19 -20 -21
leaf_value=0.068778946151809447 0.091691648899897962 -0.30821716804701732 -0.23218434260386106 1.6782343945561669 -0.37730657275063922 -0.12452235155426016 -0.16498277476799036 -0.23395535583175694 0.15455017562845172 -0.23984406529562666 0.59751875593546544 -0.11634024777854297 -0.31896970180832546 0.86874262779268174 0.62646630794231628 3.3027182952122214 -0.30356848174137036 0.62356597187649065 0.28651934503767457 -1.20238727369785
leaf_weight=16830 8456 17417 1335 838 1358 4480 1779 10129 2160 8288 2078 5201 234 919 4829 346 1364 1195 8208 1755
leaf_count=16830 8456 17417 1335 838 1358 4480 1779 10129 2160 8288 2078 5201 234 919 4829 346 1364 1195 8208 1755
internal_value=-0.0159108 -0.122984 0.0405581 -0.0751559 -0.195148 0.22495 0.142177 -0.378099 0.597211 -0.0900757 0.273251 0.26094 0.445578 0.586819 0.763479 1.86108 0.170824 1.06444 0.130291 -0.84484
internal_weight=99199 34247 64952 30371 21698 8673 34581 13242 4193 11701 3413 22880 9471 7692 5409 580 2283 2033 13409 3113
internal_count=99199 34247 64952 30371 21698 8673 34581 13242 4193 11701 3413 22880 9471 7692 5409 580 2283 2033 13409 3113
cat_boundaries=0 3 5 7 10 12 14 16 18 20 22 24 27 28 30 32 34 36 38
cat_threshold=75580946 754620736 2 2561759367 7061 1578975653 7056 436742176 2432721080 1 1377743205 17113604 302790688 2432720928 1107361920 4096 1107624353 528 18907138 42 268961792 285212672 2147624520 1092 134217741 65664 1 64 561119232 1107558400 539001024 33817090 34115652 16785920 2147647812 33816604 544604297 327680
is_linear=0
shrinkage=0.0711242


Tree=184
num_leaves=21
num_cat=17
split_feature=3 1 3 1 3 1 3 1 3 10 1 3 4 0 0 4 3 1 3 1
split_gain=131747 189999 138490 103712 100215 119201 100739 98285.5 111579 116107 92803.5 92143.5 91756.5 143238 82062.9 136137 77843.7 76282.7 75835.2 187236
threshold=0 1 2 3 4 5 6 7 8 4.1550000000000011 9 10 3.5000000000000004 11 12 2.5000000000000004 13 14 15 16
decision_type=9 1 9 1 9 1 9 1 9 8 1 9 2 1 1 2 9 1 9 1
left_child=1 2 12 4 5 6 -2 8 9 -3 -11 -9 -1 -14 15 -8 -7 -6 19 -5
right_child=3 7 -4 18 17 16 14 11 -10 10 -12 -13 13 -15 -16 -17 -18 -19 -20 -21
leaf_value=-0.58173942594307115 0.095637276588803319 2.7238044475768337 -1.0538395686916278 0.7639556308445028 0.044898365723425031 0.34295754666454858 3.7725717442047495 -0.34197462324423422 -0.019215819927257138 1.0317664483831888 0.1920292934091756 -0.031240509295690399 2.4929626632978956 -0.15755769710806555 0.57848466286611899 0.46942471991430551 -0.27199702053337677 -0.25340649688549444 0.096544517136922262 0.13841756794986576
leaf_weight=605 2708 107 1654 3451 8245 1488 117 6858 9945 816 3516 16274 147 304 2367 137 3409 9138 19887 8102
leaf_count=605 2708 107 1654 3451 8245 1488 117 6858 9945 816 3516 16274 147 304 2367 137 3409 9138 19887 8102
internal_value=0.0249222 -0.0743403 -0.648347 0.0925398 -0.00806 0.168515 0.40103 -0.0327133 0.113229 0.409326 0.35305 -0.123474 -0.00926493 0.758445 0.714983 1.91631 -0.0848162 -0.111972 0.180856 0.325776
internal_weight=99275 40226 2710 59049 27609 10226 5329 37516 14384 4439 4332 23132 1056 451 2621 254 4897 17383 31440 11553
internal_count=99275 40226 2710 59049 27609 10226 5329 37516 14384 4439 4332 23132 1056 451 2621 254 4897 17383 31440 11553
cat_boundaries=0 3 5 7 9 12 14 17 19 21 23 25 26 27 30 32 35 37
cat_threshold=3637221928 2313241098 4 524416 512 2420146216 146800648 1560569409 3550 1050048 33852741 3 1208231488 1348 1048576 36161 1 816056905 6594 142741536 2163200 2049 4096 163872 2287993344 1 1 0 36096 1 352337921 158 50348049 907161632 1 2185232768 4608
is_linear=0
shrinkage=0.0711242


Tree=185
num_leaves=21
num_cat=15
split_feature=3 1 1 3 9 3 1 3 1 3 1 1 9 9 2 3 1 9 3 4
split_gain=159142 230788 228325 155386 148999 281979 175369 135152 131078 112407 148238 143213 169186 106309 142914 156854 109971 238222 243298 99360.2
threshold=0 1 2 3 12.975000000000003 4 5 6 7 8 9 10 22.735000000000003 9.4950000000000028 11 12 13 10.975000000000003 14 5.5000000000000009
decision_type=9 1 1 9 8 9 1 9 1 9 1 1 8 8 1 9 1 10 9 2
left_child=2 3 -1 13 5 8 -7 -4 -3 10 -6 -11 -13 14 -2 -16 17 18 -15 -10
right_child=1 4 7 -5 9 6 -8 -9 19 11 -12 12 -14 16 15 -17 -18 -19 -20 -21
leaf_value=0.072436222880819065 -3.0364256899302311 1.7445679641845555 -0.056045132746090374 0.063228484038541505 0.21386061958394456 1.9239662066880276 -0.12072467417816278 -0.39525590505481561 0.51096043560052318 -0.17121645922618994 -0.3571361462971408 0.73282730598054691 0.13093115078511325 4.5432352688975115 0.097516483461729031 -1.2935346590025842 -0.41314644020764496 -0.081410585043218589 0.38358690958208458 1.4198703923337199
leaf_weight=20855 127 604 10485 12531 4303 214 3988 13743 4401 3320 4920 3906 5978 109 792 846 4626 2368 197 706
leaf_count=20855 127 604 10485 12531 4303 214 3988 13743 4401 3320 4920 3906 5978 109 792 846 4626 2368 197 706
internal_value=-0.00146543 0.080964 -0.100077 -0.0990533 0.201169 0.430857 -0.0122339 -0.248542 0.755565 0.0997333 -0.0907943 0.232709 0.368423 -0.323205 -0.818893 -0.624458 -0.203791 0.159343 2.02713 0.635388
internal_weight=99019 53936 45083 21596 32340 9913 4202 24228 5711 22427 9223 13204 9884 9065 1765 1638 7300 2674 306 5107
internal_count=99019 53936 45083 21596 32340 9913 4202 24228 5711 22427 9223 13204 9884 9065 1765 1638 7300 2674 306 5107
cat_boundaries=0 3 5 7 9 11 13 16 18 20 22 24 25 27 29 31
cat_threshold=2143434502 1763575305 7 1434594000 591 365587184 476 2147844096 379664416 100432 379697248 2622466 2176 528486404 152305664 2 606210 128 2197608 2191638912 137434149 2304 169935110 5120 64 360448 109051904 16779392 526 32768 10555392
is_linear=0
shrinkage=0.0711242


Tree=186
num_leaves=21
num_cat=5
split_feature=3 9 3 0 3 10 9 7 10 3 10 10 10 10 10 8 8 10 4 8
split_gain=126754 107055 198292 75080.4 212157 130060 245823 214037 156348 113784 95756.5 223539 127756 84795 120089 83142.6 92280.1 206634 177949 81044.5
threshold=0 6.3350000000000009 1 2 3 10.955000000000002 5.4250000000000007 18.495000000000001 25.245000000000001 4 37.82500000000001 31.255000000000006 19.735000000000003 4.5650000000000004 7.0050000000000008 2.3500000000000001 1.2500000000000002 28.425000000000004 2.5000000000000004 0.95000000000000007
decision_type=9 10 9 1 9 8 8 2 8 9 8 10 10 8 10 2 2 10 2 2
left_child=1 2 -1 4 5 -4 8 -8 -7 -5 11 12 19 -11 -15 16 18 -18 -16 -6
right_child=-2 -3 3 9 10 6 7 -9 -10 13 -12 -13 -14 14 15 -17 17 -19 -20 -21
leaf_value=-0.33195831043214152 -0.063876974552460608 0.059868503383488751 1.5128494295173176 -0.45726571571315816 0.85097070854937717 -5.1883220031408284 -1.4518247503199546 3.8004604112583888 -0.83349208299793143 -0.39595730118702421 -0.026153290173592771 5.8251500088464452 -0.019735940335836536 1.9860527683285307 -1.427040501993724 -1.3246623755112628 3.0778003451087961 -1.1762417700867125 1.3399950244415473 3.2362957614148153
leaf_weight=1261 56177 38488 203 517 102 71 76 81 101 266 97 82 138 420 201 108 195 82 283 246
leaf_count=1261 56177 38488 203 517 102 71 76 81 101 266 97 82 138 420 201 108 195 82 283 246
internal_value=0.00647498 0.0983392 0.425405 0.71638 1.16649 0.0956727 -0.776015 1.25855 -2.63285 0.451958 2.00891 2.39176 1.81153 0.755253 0.998688 0.521329 0.783432 1.8185 0.190823 2.53754
internal_weight=99195 43018 4530 3269 1197 532 329 157 172 2072 665 568 486 1555 1289 869 761 277 484 348
internal_count=99195 43018 4530 3269 1197 532 329 157 172 2072 665 568 486 1555 1289 869 761 277 484 348
cat_boundaries=0 3 5 6 8 10
cat_threshold=9538015 2792233363 6 8390669 2248147075 33 1048720 6946816 66 537133328
is_linear=0
shrinkage=0.0711242


Tree=187
num_leaves=21
num_cat=12
split_feature=3 1 1 3 3 1 9 3 9 9 9 1 3 3 1 10 4 9 1 9
split_gain=116598 161118 146544 109764 107141 108428 92857.5 89283.7 101767 84521.7 82967.2 164608 122330 114882 147250 86504.3 82579.5 104036 137631 223876
threshold=0 1 2 3 4 5 5.0750000000000011 6 3.7250000000000005 38.165000000000006 7.2750000000000012 7 8 9 10 34.045000000000009 4.5000000000000009 10.465000000000002 11 7.8750000000000009
decision_type=9 1 1 9 9 1 8 9 8 10 10 1 9 9 1 8 2 8 1 10
left_child=1 3 7 -1 5 -4 -7 -2 -9 -10 11 12 15 14 -13 -6 17 18 -5 -20
right_child=2 -3 4 16 10 6 -8 8 9 -11 -12 13 -14 -15 -16 -17 -18 -19 19 -21
leaf_value=-0.11163655840949593 0.0064908831501815168 -0.18013976817728342 -0.10030075465660039 0.61380910976140124 0.49382096738686054 1.7584634974640705 0.29766097230766447 2.2352903669035205 0.34398303327426716 -0.12893598674687692 -0.068197534284701919 0.14423250194952042 -0.42857324863578361 -1.3879194117714875 -2.6242782784050336 2.7759693343393557 -0.081425557643752575 0.27032108756235818 0.84151690606860519 4.5046654779281621
leaf_weight=3998 8713 31033 4847 980 553 229 5630 135 13010 2241 21053 689 951 1051 103 99 1343 2162 208 142
leaf_count=3998 8713 31033 4847 980 553 229 5630 135 13010 2241 21053 689 951 1051 103 99 1343 2162 208 142
internal_value=-0.00981418 -0.103861 0.0534153 0.164031 -0.0390909 0.148518 0.354178 0.188513 0.291519 0.274491 -0.121103 -0.444664 0.0844921 -0.900468 -0.244288 0.827973 0.391734 0.574828 1.06977 2.2638
internal_weight=99170 39866 59304 8833 35205 10706 5859 24099 15386 15251 24499 3446 1603 1843 792 652 4835 3492 1330 350
internal_count=99170 39866 59304 8833 35205 10706 5859 24099 15386 15251 24499 3446 1603 1843 792 652 4835 3492 1330 350
cat_boundaries=0 2 4 6 8 11 13 16 18 20 22 24 26
cat_threshold=599906898 93291912 423760392 514 2695687616 4385 37749266 92700680 1077411872 1075857922 3 373424166 1556 406323200 1081100802 3 1124074016 2646 9220 139464704 335937792 2449477729 202440713 1032 150995456 512
is_linear=0
shrinkage=0.0711242


Tree=188
num_leaves=21
num_cat=6
split_feature=1 9 9 1 10 10 1 9 1 5 9 10 9 5 1 10 8 9 1 9
split_gain=102065 105518 87957.2 92955.4 78404.2 67861.2 146270 70416.9 83653.1 211580 172606 90032.7 92362.3 78398.4 154526 148671 181472 102613 104825 77305.3
threshold=0 38.425000000000004 4.495000000000001 1 15.455000000000002 48.385000000000012 2 17.535000000000004 3 1.0000000180025095e-35 5.2550000000000008 27.035000000000004 15.375000000000002 1.0000000180025095e-35 4 13.305000000000001 1.7500000000000002 9.9350000000000005 5 5.0750000000000011
decision_type=1 10 8 1 8 8 1 8 1 2 10 10 10 2 1 10 2 10 1 10
left_child=2 -2 3 -1 -5 7 -7 8 9 10 -4 12 -12 17 15 16 -15 18 19 -10
right_child=1 -3 5 4 -6 6 -8 -9 13 -11 11 -13 -14 14 -16 -17 -18 -19 -20 -21
leaf_value=0.33078209888810195 -0.023924685194432801 -0.3590027700596044 -2.3856368230353877 0.64103857866367842 3.1355449785412395 -1.3064236842992267 0.10491448615048449 0.0069975816907966769 1.8718266121417793 -0.42178758843107184 1.6872689006459993 0.53549994624386721 0.29732584401635692 1.1577099210445181 -0.23871500016182459 0.44492538996155329 4.5444651673189327 0.16499348634494918 -0.76906435815236673 -0.07082906070662974
leaf_weight=752 54434 5209 90 120 136 548 1113 20231 112 1106 832 2666 341 371 1191 1520 102 5800 1484 1372
leaf_count=752 54434 5209 90 120 136 548 1113 20231 112 1106 832 2666 341 371 1191 1520 102 5800 1484 1372
internal_value=0.00571679 -0.0531808 0.093776 0.749712 1.89295 0.0767923 -0.367994 0.0966434 0.203408 0.446297 0.6918 0.763999 1.28325 0.100627 0.402989 0.783726 1.88875 -0.00906097 -0.34919 0.0753794
internal_weight=99530 59643 39887 1008 256 38879 1661 37218 16987 5035 3929 3839 1173 11952 3184 1993 473 8768 2968 1484
internal_count=99530 59643 39887 1008 256 38879 1661 37218 16987 5035 3929 3839 1173 11952 3184 1993 473 8768 2968 1484
cat_boundaries=0 2 3 5 7 9 11
cat_threshold=1364070604 6474 1090781192 524488 4160 524360 10 1074004096 4096 285474816 2048
is_linear=0
shrinkage=0.0711242


Tree=189
num_leaves=21
num_cat=11
split_feature=3 9 11 3 4 4 2 3 3 9 3 9 2 3 9 3 4 3 4 3
split_gain=136798 86888.5 149531 206536 72811.9 70669 198431 194616 166307 89486.9 111974 100570 84612 105562 82274 90521.4 74477.7 67695.3 60745.2 57004.1
threshold=0 40.605000000000011 1.0000000180025095e-35 1 4.5000000000000009 1.5000000000000002 2 3 4 4.2650000000000006 5 4.495000000000001 6 7 9.9350000000000005 8 1.0000000180025095e-35 9 2.5000000000000004 10
decision_type=9 8 2 9 2 2 1 9 9 10 9 10 1 9 10 9 2 9 2 9
left_child=1 5 17 -4 -5 6 7 -1 12 10 -7 -11 13 -8 15 -9 -15 -3 -12 -2
right_child=19 2 3 4 -6 9 8 14 -10 11 18 -13 -14 16 -16 -17 -18 -19 -20 -21
leaf_value=0.43971338837573215 -0.40688577012817978 0.037570183128251854 3.6900282011659762 1.0001430695343527 -1.292707419008313 -0.15444566526519682 3.1135074982931541 -0.7988255909144224 -0.13092094302887616 -1.994847040586849 -0.0092627708499364875 0.14907074476856078 0.37067405031744283 1.8806583339539684 -0.52086029930412658 -2.3919158367274269 -0.47277721620200075 -0.49258684855284607 2.1805026247027484 -0.079753365423802042
leaf_weight=863 2851 1941 104 179 115 278 126 571 5089 111 80 30571 3534 128 1858 283 145 3279 322 46842
leaf_count=863 2851 1941 104 179 115 278 126 571 5089 111 80 30571 3534 128 1858 283 145 3279 322 46842
internal_value=-0.0152166 0.0683685 -0.195001 1.13373 0.0997666 0.102043 -0.0402471 -0.487889 0.137524 0.159196 0.966162 0.141309 0.484317 1.45691 -0.783602 -1.3643 0.608623 -0.296328 1.70248 -0.0986005
internal_weight=99270 49577 5618 398 294 43959 12597 3575 9022 31362 680 30682 3933 399 2712 854 273 5220 402 49693
internal_count=99270 49577 5618 398 294 43959 12597 3575 9022 31362 680 30682 3933 399 2712 854 273 5220 402 49693
cat_boundaries=0 3 5 6 8 10 12 13 15 17 19 21
cat_threshold=3151470676 1477116862 4 1155072 134283296 9 273022992 402653184 2685509648 1073742238 4399104 524544 64 65536 26 16875524 721712 2568101888 134349322 256 262144
is_linear=0
shrinkage=0.0711242


Tree=190
num_leaves=21
num_cat=13
split_feature=9 3 1 1 3 3 10 3 1 3 1 3 9 10 9 9 3 10 1 3
split_gain=111685 104179 191529 180877 133074 106209 108679 104745 102385 97938.6 94465.2 190067 144379 92549.1 123387 86787.3 122849 97113.3 75592.3 92888.3
threshold=42.785000000000004 0 1 2 3 4 32.545000000000009 5 6 7 8 9 9.8250000000000011 33.155000000000008 10.355000000000002 7.5150000000000006 10 45.595000000000006 11 12
decision_type=10 9 1 1 9 9 8 9 1 9 1 9 10 10 10 8 9 8 1 9
left_child=1 2 7 4 8 -5 10 -1 13 -2 11 -7 -13 -3 -15 16 -8 -18 -4 -20
right_child=9 3 18 5 -6 6 15 -9 -10 -11 -12 12 -14 14 -16 -17 17 -19 19 -21
leaf_value=-0.69064478871535728 -0.75855671519356116 0.79841069414672572 0.24511603910773325 -0.16382191565007423 0.094487127920123704 -0.21079956267141259 -3.0666020276203292 -0.18726930724279753 0.20301463129328015 -0.088850875187749034 0.1458638485797005 5.01746564147534 0.81722851764436477 -2.75230629544133 0.25464818653100063 -0.11319067512477725 -1.0371798941498598 1.7486029330195003 -0.30539905927857236 0.048294030246074683
leaf_weight=2908 1710 4170 6338 14509 12652 203 113 7477 4423 3115 15815 94 74 80 500 3932 302 80 4908 15892
leaf_count=2908 1710 4170 6338 14509 12652 203 113 7477 4423 3115 15815 94 74 80 500 3932 302 80 4908 15892
internal_value=0.00580599 0.0228534 -0.069151 0.0834735 0.244229 -0.0164619 0.0872906 -0.328758 0.450431 -0.327963 0.172742 1.27978 2.99082 0.679896 -0.160454 -0.224937 -1.11241 -0.441935 0.0302789 -0.0352715
internal_weight=99295 94470 37523 56947 21825 35122 20613 10385 9173 4825 16186 371 168 4750 580 4427 495 382 27138 20800
internal_count=99295 94470 37523 56947 21825 35122 20613 10385 9173 4825 16186 371 168 4750 580 4427 495 382 27138 20800
cat_boundaries=0 3 5 7 9 11 13 15 17 18 20 22 24 27
cat_threshold=3288614227 126849244 5 303121088 3106 2421379605 5387 588450304 2552236832 51579392 3495954977 2147501056 67768320 2421227521 5122 608298773 2902443033 8650760 134754340 537945088 557184 536870914 794660 784 2147484928 8683520 5
is_linear=0
shrinkage=0.0711242


Tree=191
num_leaves=21
num_cat=9
split_feature=1 9 10 1 1 9 1 10 1 10 4 4 4 10 1 0 10 1 1 9
split_gain=114009 83429.9 114461 150413 148319 101355 92498.6 173419 92258.6 90509.2 147077 92768.3 87778.1 130949 102246 81616.2 70636.6 184070 140805 332324
threshold=0 7.6350000000000007 10.155000000000003 1 2 22.285000000000004 3 21.805000000000003 4 19.065000000000001 5.5000000000000009 3.5000000000000004 4.5000000000000009 33.155000000000008 5 6 13.105000000000002 7 8 8.0050000000000008
decision_type=1 8 10 1 1 10 1 10 1 10 2 2 2 10 1 1 8 1 1 10
left_child=-1 2 3 -2 9 6 7 -3 -7 10 11 -4 14 15 -6 -14 18 -18 19 -8
right_child=1 5 4 -5 12 8 16 -9 -10 -11 -12 -13 13 -15 -16 -17 17 -19 -20 -21
leaf_value=0.10757883530364243 2.444431582467061 1.4556945271939778 -0.90982438995793646 -0.12174398767468077 -1.1252536400402782 -0.081292489823018552 3.8429733750198323 -2.264408417917533 -0.4816609982151378 -3.3457896470368467 1.1485803163749642 -2.4946650511698372 1.9974398186098981 -0.89822113875317866 0.11952175498968264 -0.072601514812022996 -0.37376171693363741 0.073986653601925509 0.065790373060407886 0.43117862615402014
leaf_weight=33040 108 478 583 5384 731 13553 159 73 3703 98 130 275 244 233 611 163 6569 15790 15514 1567
leaf_count=33040 108 478 583 5384 731 13553 159 73 3703 98 130 275 244 233 611 163 6569 15790 15514 1567
internal_value=-0.000245954 -0.0542597 -0.261405 -0.0670128 -0.609372 -0.0233807 0.0385761 0.945394 -0.167537 -1.27319 -1.08021 -1.41799 -0.237984 0.446176 -0.566041 1.21585 0.0257109 -0.0576953 0.133897 0.741359
internal_weight=99006 65966 8560 5492 3068 57406 40150 551 17256 1086 988 858 1982 640 1342 407 39599 22359 17240 1726
internal_count=99006 65966 8560 5492 3068 57406 40150 551 17256 1086 988 858 1982 640 1342 407 39599 22359 17240 1726
cat_boundaries=0 2 4 6 8 10 12 13 15 17
cat_threshold=46315612 515 536870912 4112 603980416 1088 1048608 4 2150712352 2340 65536 4112 36 3707766144 5376 1073741952 4160
is_linear=0
shrinkage=0.0711242


Tree=192
num_leaves=21
num_cat=8
split_feature=3 9 3 10 3 3 8 9 3 10 3 10 0 9 10 9 8 0 10 10
split_gain=108131 59450.7 193518 138797 152838 123110 115390 113176 120838 111828 173322 109706 99352.3 99046.9 91080.6 107686 83939.3 81696.6 81216.1 182098
threshold=0 6.4850000000000012 1 10.865 2 3 1.4500000000000002 4.495000000000001 4 27.835000000000004 5 44.605000000000011 6 4.705000000000001 5.5750000000000011 5.2550000000000008 1.7500000000000002 7 11.455000000000002 16.815000000000001
decision_type=9 8 9 8 9 9 2 10 9 10 9 8 1 10 10 10 2 1 10 10
left_child=-1 2 11 5 -5 6 -4 8 -6 10 12 13 -9 16 -15 -16 -2 -7 -17 -20
right_child=1 -3 3 4 7 17 -8 9 -10 -11 -12 -13 -14 14 15 18 -18 -19 19 -21
leaf_value=0.090568623322960021 -0.20769581078266008 -0.042977570568091872 0.090711768881610297 -2.6906746481683763 -0.80847555595048159 0.35602979786983896 2.6893866737664718 0.56451459678883664 1.5814871189902189 -0.2874168420860963 -3.5897819914510616 2.6650707943534604 -2.2254872046659711 1.6474201301850921 1.5977787510179589 -0.94790079424686791 -2.4675440771683643 -1.1781881042320896 3.1731012844824815 -0.37037285439805046
leaf_weight=35436 954 57962 788 263 268 233 97 140 164 307 193 88 107 286 218 371 91 698 98 291
leaf_count=35436 954 57962 788 263 268 233 97 140 164 307 193 88 107 286 218 371 91 698 98 291
internal_value=-0.0089857 -0.0644437 -0.284575 -0.640304 -1.16321 -0.228578 0.371578 -0.792761 0.116849 -1.32937 -2.05616 0.200771 -0.684005 0.107624 0.531164 0.204614 -0.404677 -0.79452 -0.195141 0.522837
internal_weight=99053 63617 5655 3258 1442 1816 885 1179 432 747 440 2397 247 2309 1264 978 1045 931 760 389
internal_count=99053 63617 5655 3258 1442 1816 885 1179 432 747 440 2397 247 2309 1264 978 1045 931 760 389
cat_boundaries=0 3 5 7 9 11 13 14 15
cat_threshold=2447389701 3221335823 1 49432 95686672 705691778 131136 571539458 37896288 66048 38289408 721472 273154048 25 2
is_linear=0
shrinkage=0.0711242


Tree=193
num_leaves=21
num_cat=16
split_feature=3 1 1 3 3 1 3 1 4 4 3 1 3 6 1 3 1 3 4 3
split_gain=124019 162213 104173 125290 88237.7 78570.7 165992 74610.1 71078.5 82065.2 150464 86299.5 80798.9 63035.3 230799 139613 87423 124096 213445 85296
threshold=0 1 2 3 4 5 6 7 5.5000000000000009 3.5000000000000004 8 9 10 1.0000000180025095e-35 11 12 13 14 2.5000000000000004 15
decision_type=9 1 1 9 9 1 9 1 2 2 9 1 9 2 1 9 1 9 2 9
left_child=1 -1 3 -2 7 6 -3 8 9 12 -11 -12 -4 16 15 -15 -7 18 -18 -16
right_child=2 5 4 -5 -6 13 -8 -9 -10 10 11 -13 -14 14 19 -17 17 -19 -20 -21
leaf_value=-0.39094048309899299 0.11352191630390622 -0.19384106710097604 -0.098126051701612788 -0.22431294309726441 0.060335362364592249 0.0045955969370246779 0.49351882878865366 0.17952865909516055 -0.17560108861952881 0.33636561154404354 2.8122185742865469 0.99580810809237441 0.74086927406842951 1.3841472209479657 -0.69140636882052919 0.27071681242808271 0.37320051371292673 -0.61630798835753431 -0.72523672705256004 -0.0057188268840194191
leaf_weight=7250 11568 3188 964 10663 24751 8000 3998 11039 616 637 294 305 1457 807 1388 1937 2361 3845 1441 2682
leaf_count=7250 11568 3188 964 10663 24751 8000 3998 11039 616 637 294 305 1457 807 1388 1937 2361 3845 1441 2682
internal_value=0.0137152 -0.0896077 0.0749163 -0.0485473 0.143421 -0.0158106 0.188734 0.277597 0.52993 0.650223 1.12175 1.91915 0.409459 -0.0813064 0.0992114 0.602043 -0.159971 -0.331705 -0.043013 -0.240692
internal_weight=99191 36897 62294 22231 40063 29647 7186 15312 4273 3657 1236 599 2421 22461 6814 2744 15647 7647 3802 4070
internal_count=99191 36897 62294 22231 40063 29647 7186 15312 4273 3657 1236 599 2421 22461 6814 2744 15647 7647 3802 4070
cat_boundaries=0 3 5 7 10 13 15 18 20 22 24 26 28 30 32 34 36
cat_threshold=237066693 820314220 2 67109906 155 1347183072 1588 3763110928 185132305 1 563479082 3221361280 4 11272260 7168 35672064 547684416 2 8585752 129 26476576 2147487872 8454656 1 262154 1073746432 3791866240 4 2097216 539295808 424682025 864 236984449 807665664 136380677 539033600
is_linear=0
shrinkage=0.0711242


Tree=194
num_leaves=21
num_cat=7
split_feature=1 9 11 9 1 9 1 9 1 7 1 9 9 1 9 1 9 9 9 7
split_gain=96844 69893.1 63774.9 376142 239558 232801 176472 159733 140966 144742 149993 82304.6 70728.1 70243.6 94770.1 72398.5 197672 117315 69368 142829
threshold=0 39.165000000000006 1.0000000180025095e-35 14.355000000000002 1 7.8750000000000009 2 4.0150000000000006 3 16.665000000000003 4 4.8950000000000005 6.6250000000000009 5 36.045000000000009 6 26.345000000000002 23.025000000000002 4.0150000000000006 17.265000000000004
decision_type=1 10 2 10 1 10 1 8 1 2 1 8 10 1 10 1 10 10 10 2
left_child=1 -1 5 4 7 8 -5 -4 -2 12 -11 -9 -10 -7 15 16 -15 -17 19 -6
right_child=2 -3 3 6 18 13 -8 11 9 10 -12 -13 -14 14 -16 17 -18 -19 -20 -21
leaf_value=0.086277653507074406 0.077966326702103197 -0.20787272796787756 -1.4202162198325543 -0.18887752728916624 1.6956449205029027 -0.25655915164751941 -0.98539008026722552 2.976208201041008 -1.052599242635845 -0.099614819365988524 -2.0882320963261658 0.87896450321322361 -2.2471124093074319 2.4538835218526378 -0.18494935884340816 0.15758740133224369 0.28107976027130549 -0.25704642937994665 -0.29547486810842971 -0.79353670518774899
leaf_weight=43864 1353 4506 150 2542 272 4043 3190 100 1007 1480 211 1752 334 226 6420 16601 3354 4358 2989 204
leaf_count=43864 1353 4506 150 2542 272 4043 3190 100 1007 1480 211 1752 334 226 6420 16601 3354 4358 2989 204
internal_value=-0.0130871 0.058863 -0.0818807 -0.231662 0.190405 -0.0393132 -0.634214 0.807493 -0.527842 -0.795806 -0.360784 0.992342 -1.35024 0.0218901 0.0583181 0.121987 0.417137 0.0713379 -0.167992 0.628901
internal_weight=98956 48370 50586 11199 5467 39387 5732 2002 4385 3032 1691 1852 1341 35002 30959 24539 3580 20959 3465 476
internal_count=98956 48370 50586 11199 5467 39387 5732 2002 4385 3032 1691 1852 1341 35002 30959 24539 3580 20959 3465 476
cat_boundaries=0 2 4 6 8 10 11 13
cat_threshold=714881668 6006 2231518256 2184 2151825440 2048 18908184 1 1140916481 128 16777240 2151841824 1
is_linear=0
shrinkage=0.0711242


Tree=195
num_leaves=21
num_cat=15
split_feature=3 1 1 3 3 10 3 1 3 4 3 1 3 1 1 10 7 1 3 10
split_gain=127465 176011 106747 118075 107403 100299 102733 91412.3 83948.2 77140.2 148250 258411 167733 156964 107749 81952.4 124183 81280 120404 84621.9
threshold=0 1 2 3 4 4.5650000000000004 5 6 7 3.5000000000000004 8 9 10 11 12 16.005000000000006 13.185 13 14 8.4650000000000016
decision_type=9 1 1 9 9 8 9 1 9 2 9 1 9 1 1 10 2 1 9 8
left_child=1 5 4 7 -2 6 -1 -4 -7 17 11 12 13 -11 -12 16 -15 18 19 -3
right_child=2 9 3 -5 -6 8 -8 -9 -10 10 14 -13 -14 15 -16 -17 -18 -19 -20 -21
leaf_value=-0.7384775876958799 -0.11742411294832183 1.6620283097165882 -0.05819844250128544 -0.037738512511600965 0.16018204324975449 0.066265093324504892 1.4847290821543093 -0.43928049496103205 -0.25158371218231024 0.91539182374199435 0.47578118614864262 0.23053018204187473 0.84742578833290327 0.73036485943308638 -0.1745662325153387 5.0179177047965551 4.2060520181001309 -0.046711215602236754 0.030890876861163371 0.51615727974730607
leaf_weight=140 13296 392 4800 17892 14986 7830 379 9529 9062 245 2442 2337 1057 93 2710 118 118 6967 3131 1936
leaf_count=140 13296 392 4800 17892 14986 7830 379 9529 9062 245 2442 2337 1057 93 2710 118 118 6967 3131 1936
internal_value=-0.00655763 0.0937715 -0.0711619 -0.159656 0.0296778 -0.0743932 0.899371 -0.311755 -0.10436 0.229634 0.386828 0.712926 1.39847 2.38103 0.13402 3.41276 2.67505 0.114445 0.319618 0.706127
internal_weight=99460 38957 60503 32221 28282 17411 519 14329 16892 21546 9120 3968 1631 574 5152 329 211 12426 5459 2328
internal_count=99460 38957 60503 32221 28282 17411 519 14329 16892 21546 9120 3968 1631 574 5152 329 211 12426 5459 2328
cat_boundaries=0 3 5 7 9 11 13 15 18 20 22 24 26 28 30 33
cat_threshold=2492268991 2159351553 3 2434609609 1642 2442476369 846 1079023104 961044490 688941120 302172388 8388608 3145728 1715470340 129 8978577 10813697 2 2491416844 1118209 1174439956 4368 268435712 1052672 34820 16 570572854 2436 685805058 128 2147811496 3212288 3
is_linear=0
shrinkage=0.0711242


Tree=196
num_leaves=21
num_cat=14
split_feature=3 1 1 3 3 1 3 9 10 10 1 1 3 3 10 9 10 3 3 3
split_gain=143840 172806 162399 110013 103903 118066 110749 119417 111974 100220 94944.5 89338.1 82857.1 80899 82687.3 79866.3 77076 167518 97134.4 76602.5
threshold=0 1 2 3 4 5 6 19.695000000000004 3.6750000000000003 3.9250000000000003 7 8 9 10 12.815000000000003 29.275000000000002 10.865 11 12 13
decision_type=9 1 1 9 9 1 9 10 10 8 1 1 9 9 8 8 10 9 9 9
left_child=1 4 3 10 5 6 7 8 -1 -7 13 -6 -3 -2 15 16 18 -18 -15 -16
right_child=2 12 -4 -5 11 9 -8 -9 -10 -11 -12 -13 -14 14 19 -17 17 -19 -20 -21
leaf_value=-0.95113829635724845 -0.061383456989093789 -0.22660805662469113 -0.21707585514239355 -0.10104295348565172 -0.17759650003325839 2.802994427543231 0.3374934276944771 0.10323502887608477 1.5342514132041849 0.13347044894577154 0.031786959094157227 0.24909404999532081 0.059000695322488701 -1.1128731113839405 1.8960098819510207 3.0441664120388627 3.9005785257527732 0.44184388902405258 0.82715968821551389 0.13739251166390434
leaf_weight=98 1244 9099 28628 16747 4342 72 2457 498 1414 5425 8496 5770 11783 140 126 89 113 191 1121 1650
leaf_count=98 1244 9099 28628 16747 4342 72 2457 498 1414 5425 8496 5770 11783 140 126 89 113 191 1121 1650
internal_value=-0.0244881 0.0777421 -0.0960052 0.0198832 0.226691 0.389657 0.661215 1.05327 1.37312 0.168174 0.173613 0.0658826 -0.0654981 0.430788 0.608947 0.972573 0.8546 1.87105 0.609443 0.273696
internal_weight=99503 40958 58545 29917 20076 9964 4467 2010 1512 5497 13170 10112 20882 4674 3430 1654 1565 304 1261 1776
internal_count=99503 40958 58545 29917 20076 9964 4467 2010 1512 5497 13170 10112 20882 4674 3430 1654 1565 304 1261 1776
cat_boundaries=0 3 5 7 10 12 14 16 18 20 22 24 26 28 31
cat_threshold=2087993482 4170596500 1 1726651536 4977 3111143774 1466 2189506577 6325546 2 470040586 814874640 107483264 4144 16386 814743552 154157062 1024 577245184 4144 469778568 278003728 1 4195362 2147553280 2097408 2147483648 256 65536 0 2
is_linear=0
shrinkage=0.0711242


Tree=197
num_leaves=21
num_cat=5
split_feature=1 10 1 1 10 7 7 4 10 1 7 10 10 10 10 1 10 7 10 7
split_gain=68099.6 40392.6 213316 65459.6 92783.9 82960.5 126661 107867 58487.1 78644.5 70888.9 68079.1 58639.2 57772.1 71455.7 61844.1 117477 104246 82601.1 85580.8
threshold=0 23.925000000000004 1 2 23.755000000000006 8.7250000000000032 7.5650000000000004 1.5000000000000002 29.675000000000004 3 9.0550000000000015 31.255000000000006 28.425000000000004 36.785000000000004 42.035000000000004 4 32.245000000000012 7.6350000000000007 32.245000000000012 8.3550000000000022
decision_type=1 8 1 1 10 2 2 2 10 1 2 10 10 10 10 1 10 2 10 2
left_child=-1 3 -3 4 5 6 -2 -8 9 -4 13 -12 -11 15 -15 16 -10 -18 19 -17
right_child=1 2 8 -5 -6 -7 7 -9 10 12 11 -13 -14 14 -16 18 17 -19 -20 -21
leaf_value=-0.060801083286729438 -0.052749459287711319 -0.52092169066575633 0.65881717251349958 0.059596587062653181 2.1844758291668604 0.16490060204818882 3.0987811217068608 0.92728198057203925 -0.49919653674632603 -0.033460267784650229 -0.67497873950133491 -0.022561512505722591 0.82796411540833781 -0.46020430718640237 0.83493247304251006 0.59537238868523035 1.0051063592700007 4.5003569359837838 -0.13219227995018548 3.5276580735496599
leaf_weight=37486 423 3556 1813 34058 129 6206 166 382 78 3005 891 8793 461 607 334 162 83 90 459 73
leaf_count=37486 423 3556 1813 34058 129 6206 166 382 78 3005 891 8793 461 607 334 162 83 90 459 73
internal_value=0.0148155 0.0607053 -0.0211739 0.101111 0.294151 0.260557 0.871861 1.58546 0.0845596 0.280786 -0.00490022 -0.0825944 0.0808989 0.394019 -0.000470628 0.786804 1.72339 2.8248 0.417053 1.50723
internal_weight=99255 61769 20405 41364 7306 7177 971 548 16849 5279 11570 9684 3466 1886 941 945 251 173 694 235
internal_count=99255 61769 20405 41364 7306 7177 971 548 16849 5279 11570 9684 3466 1886 941 945 251 173 694 235
cat_boundaries=0 2 4 6 8 10
cat_threshold=1804341275 3336 1074340 4288 3252224 4163 337805824 2 64 1
is_linear=0
shrinkage=0.0711242


Tree=198
num_leaves=21
num_cat=9
split_feature=3 10 3 10 8 4 2 6 3 10 11 3 3 3 10 3 4 10 3 4
split_gain=210275 56479.2 129002 67189 169257 65368.5 58980.4 100964 72682.6 56269.7 235238 117391 74521.5 60373.2 57249 60804.9 62162.2 55150.6 106447 57301
threshold=0 39.675000000000004 1 39.125000000000007 1.4500000000000002 4.5000000000000009 2 1.0000000180025095e-35 3 32.545000000000009 1.0000000180025095e-35 4 5 6 31.255000000000006 7 4.5000000000000009 45.595000000000006 8 1.5000000000000002
decision_type=9 10 9 10 2 2 1 2 9 10 2 9 9 9 10 9 2 10 9 2
left_child=1 3 -3 -1 -5 -6 -4 -8 -9 13 12 -12 -11 -2 -15 -16 -17 19 -19 -14
right_child=9 2 6 4 5 -7 7 8 -10 10 11 -13 17 14 15 16 -18 18 -20 -21
leaf_value=-0.09340602977887727 0.045170992834460348 0.40286990421031954 -0.38677557471124019 3.3650995719065735 -1.1205780721051524 1.4506261021024329 -1.8296289141606117 1.2456884193807201 -0.8715875052842964 -0.49956207947389286 0.14659659866803484 -1.8327898669675879 -0.11639529997968821 0.19895549152111092 2.3285456874865327 -0.19586548678307913 2.2418179080139637 0.42456537488400686 -0.84897855071361283 0.33693099854136466
leaf_weight=42445 20185 788 1684 100 136 79 470 106 273 1106 218 522 2003 22627 120 207 71 581 753 4768
leaf_count=42445 20185 788 1684 100 136 79 470 106 273 1106 218 522 2003 22627 120 207 71 581 753 4768
internal_value=0.00354059 -0.107646 -0.390209 -0.0857246 0.949049 -0.1756 -0.636016 -1.12004 -0.269399 0.0999206 -0.0525415 -1.27251 0.04548 0.135055 0.213739 1.05936 0.412384 0.120328 -0.297498 0.202828
internal_weight=99242 46081 3321 42760 315 215 2533 849 379 53161 9951 740 9211 43210 23025 398 278 8105 1334 6771
internal_count=99242 46081 3321 42760 315 215 2533 849 379 53161 9951 740 9211 43210 23025 398 278 8105 1334 6771
cat_boundaries=0 3 5 6 8 10 12 14 16 19
cat_threshold=823905168 1340802146 4 537395456 104988672 180 269484032 25165856 1145044992 2415919749 2147496960 1048576 1245708296 268751772 2147483684 536872961 12845102 16540 1
is_linear=0
shrinkage=0.0711242


Tree=199
num_leaves=21
num_cat=13
split_feature=3 1 1 3 3 3 1 10 9 9 10 1 3 10 1 9 1 1 9 3
split_gain=94036.6 172326 166929 107693 107672 105482 147143 114880 152473 129928 95876.2 109162 85490.2 84351.1 84236.2 85753.4 76137.6 75697.5 75207.9 134215
threshold=0 1 2 3 4 5 6 13.615 4.0150000000000006 4.2650000000000006 34.335000000000008 7 8 31.255000000000006 9 8.9350000000000005 10 11 7.6350000000000007 12
decision_type=9 1 1 9 9 9 1 10 10 8 10 1 9 8 1 8 1 1 8 9
left_child=2 4 12 14 16 6 -4 8 -8 -9 11 13 -1 -6 15 -3 -2 -11 19 -5
right_child=1 3 5 18 10 -7 7 9 -10 17 -12 -13 -14 -15 -16 -17 -18 -19 -20 -21
leaf_value=-0.21084663981008195 0.16804462521488042 -1.5017608458719025 0.89427739552835539 -0.033355978041432727 0.60425134225079014 0.12951994112678594 3.0470563507066815 -3.0333922901299153 0.50107518207878377 -0.64993961738124362 -0.14470848533500497 0.28725500817408889 0.077233502621471134 3.9662662985102148 -0.18060245916364318 -0.50695979554452508 -0.20988250044350773 0.21469729471639429 -0.024469523808965162 -1.1584711782774406
leaf_weight=8996 4288 521 2503 1430 75 17096 128 71 1677 631 2882 11426 12359 76 4189 2762 7232 2539 17166 853
leaf_count=8996 4288 521 2503 1430 75 17096 128 71 1677 631 2882 11426 12359 76 4189 2762 7232 2539 17166 853
internal_value=0.0270305 -0.0376427 0.101391 -0.163719 0.0930179 0.227482 0.448865 0.226581 0.68176 -0.0262324 0.222209 0.313743 -0.0441652 2.15507 -0.393097 -0.662848 -0.0691856 0.0412018 -0.0754375 -0.458983
internal_weight=98900 52900 46000 26921 25979 24645 7549 5046 1805 3241 14459 11577 21355 151 7472 3283 11520 3170 19449 2283
internal_count=98900 52900 46000 26921 25979 24645 7549 5046 1805 3241 14459 11577 21355 151 7472 3283 11520 3170 19449 2283
cat_boundaries=0 3 5 7 10 13 16 18 20 22 24 26 28 30
cat_threshold=3272084647 2180685308 4 358995060 6088 2523938653 392 268554760 268435457 3 550642000 1644446208 2 3077 9569412 4 1099563008 4624 0 512 2148011013 3280004 1611268480 2070 268764176 1288 134299776 2048 69607696 1107624448
is_linear=0
shrinkage=0.0711242


Tree=200
num_leaves=21
num_cat=7
split_feature=1 9 1 11 9 1 4 1 10 9 1 9 9 10 9 9 1 9 11 1
split_gain=120578 98184.5 99605.4 135423 93932.5 88839.2 80103.3 190201 114762 231861 136214 315528 88242.9 88062.9 109797 83394.8 82032.6 94138.7 84128.4 82680.9
threshold=0 23.495000000000001 1 1.0000000180025095e-35 35.535000000000004 2 4.5000000000000009 3 19.865000000000006 7.7550000000000008 4 3.3950000000000005 9.3850000000000033 9.9450000000000021 7.2750000000000012 5.7350000000000012 5 33.275000000000013 1.0000000180025095e-35 6
decision_type=1 10 1 2 10 1 2 1 10 8 1 10 8 8 10 10 1 10 2 1
left_child=6 5 3 4 -3 -2 16 8 10 15 11 -8 -11 -12 -15 -10 -1 19 -19 -18
right_child=1 2 -4 -5 -6 -7 7 -9 9 12 13 -13 -14 14 -16 -17 17 18 -20 -21
leaf_value=0.17918790924898237 1.3714514474562329 0.27560774051021752 -0.54749356694135276 -0.82086723843910891 -0.26606438881978545 -0.017849509461418261 6.1823079849775926 -0.028707546523442401 -0.32214155492885949 2.0465042436296073 1.4760154083254704 1.2238180042043567 0.38250054774368741 -1.8391522955454194 0.41141760923084153 -2.5417189999789502 0.36553754854713677 -0.27774341614369846 -1.8725464828877023 -0.053694054481095134
leaf_weight=12595 224 3515 3702 1119 3003 43528 70 6216 165 169 332 882 3466 124 943 178 2993 4311 174 11458
leaf_count=12595 224 3515 3702 1119 3003 43528 70 6216 165 169 332 882 3466 124 943 178 2993 4311 174 11458
internal_value=0.0113951 -0.0587518 -0.245275 -0.0979264 0.0260459 -0.0104245 0.0990633 0.251096 0.525117 0.293103 0.919902 1.57243 0.459912 0.461258 0.149741 -1.47435 0.038606 -0.054966 -0.339651 0.033352
internal_weight=99167 55091 11339 7637 6518 43752 44076 12545 6329 3978 2351 952 3635 1399 1067 343 31531 18936 4485 14451
internal_count=99167 55091 11339 7637 6518 43752 44076 12545 6329 3978 2351 952 3635 1399 1067 343 31531 18936 4485 14451
cat_boundaries=0 2 4 6 8 10 12 13
cat_threshold=651597997 4424 2147501056 2053 0 1 579082400 4352 536871040 4096 4362252 72 9439264
is_linear=0
shrinkage=0.0711242


Tree=201
num_leaves=21
num_cat=17
split_feature=3 1 1 9 9 3 1 3 3 3 4 1 3 1 1 3 3 1 3 3
split_gain=149482 180491 162391 133254 146125 222933 171380 164982 127806 120675 103481 168770 207737 100196 90207.6 87275.7 84915.9 82996.9 115228 92020.8
threshold=0 1 2 7.7550000000000008 5.7350000000000012 3 4 5 6 7 3.5000000000000004 8 9 10 11 12 13 14 15 16
decision_type=9 1 1 10 10 9 1 9 9 9 2 1 9 1 1 9 9 1 9 9
left_child=1 3 9 4 7 6 -6 -1 10 -2 17 12 -12 -8 -9 -7 -5 18 -4 -19
right_child=2 -3 8 16 5 15 13 14 -10 -11 11 -13 -14 -15 -16 -17 -18 19 -20 -21
leaf_value=-0.83399151011185058 -0.24178503576442939 -0.24531878362673465 -0.062672464769708572 -0.24107944696050987 0.24280854307428421 1.0329657697951296 1.7345537077485296 -0.32440576079609201 0.053349239785159437 0.066134652037471597 1.954863944072452 0.27964446278018801 0.46103982027949225 5.2816362842554447 1.188591796834098 -0.63691037027842134 0.13433300355793285 0.28105281308903496 0.73413548312275867 -0.38689663909114508
leaf_weight=576 11835 22696 1567 5206 113 416 109 294 22010 14101 822 3756 1134 123 606 245 7323 2063 2217 2091
leaf_count=576 11835 22696 1567 5206 113 416 109 294 22010 14101 822 3756 1134 123 606 245 7323 2063 2217 2091
internal_value=-0.00728685 -0.1188 0.0609869 0.0725285 0.54868 1.20967 2.64546 0.0981208 0.159458 -0.0744132 0.330389 0.561486 1.09562 3.75684 0.696227 0.413754 -0.0217426 0.164509 0.404878 -0.0552956
internal_weight=99303 37707 61596 15011 2482 1006 345 1476 35660 25936 13650 5712 1956 232 900 661 12529 7938 3784 4154
internal_count=99303 37707 61596 15011 2482 1006 345 1476 35660 25936 13650 5712 1956 232 900 661 12529 7938 3784 4154
cat_boundaries=0 3 5 7 9 10 12 14 16 18 20 21 22 24 26 28 30 32
cat_threshold=218218144 307024784 5 556741654 1797 1362179274 1904 79488 16384 537133056 201392672 302006928 2693267470 756089858 814219338 1829970976 38144256 4099 524296 202440704 16850944 16973846 67141632 302809728 67156000 4211456 202146609 136 8912908 537919488 8388622 554697728
is_linear=0
shrinkage=0.0711242


Tree=202
num_leaves=21
num_cat=5
split_feature=9 1 11 9 10 9 9 9 10 10 1 1 10 1 7 7 1 10 10 9
split_gain=78964.8 84505.5 125372 197050 165036 161909 128007 189384 169796 159849 158078 142446 118523 101270 96888.1 85335.6 134855 83197.5 77451.2 73516.2
threshold=43.925000000000004 0 1.0000000180025095e-35 9.2750000000000004 25.645000000000003 4.2650000000000006 10.565000000000003 9.8250000000000011 13.105000000000002 10.955000000000002 1 2 14.115 3 17.895000000000003 20.685000000000006 4 8.0450000000000017 8.5750000000000011 28.675000000000004
decision_type=10 1 2 10 8 8 10 8 10 10 1 1 10 1 2 2 1 10 8 10
left_child=1 2 3 5 6 12 7 8 9 14 -8 -9 -1 -7 -4 -5 -17 -16 -15 -12
right_child=-2 -3 4 15 -6 13 10 11 -10 -11 19 -13 -14 18 17 16 -18 -19 -20 -21
leaf_value=3.9160670383887455 -0.32464017393679645 -0.040679464885157987 -0.97134098295613791 0.20046293156711262 -0.80645737512299953 0.12766739850129519 -0.62658344771350383 4.0343317517739017 -0.82603334775042481 3.2266565968976191 0.47704372890370361 0.89130035406729946 -0.024243954193627928 1.3048010192862454 3.3356668265523677 1.7187988455302998 0.3380028156213144 0.0076449090800581434 -1.0883294128168759 -0.24559982495073995
leaf_weight=70 3770 63157 160 20530 1544 625 2037 114 465 129 1771 226 86 72 70 479 1397 83 1347 1191
leaf_count=70 3770 63157 160 20530 1544 625 2037 114 465 129 1771 226 86 72 70 479 1397 83 1347 1191
internal_value=-0.00537206 0.0072248 0.100597 0.179354 -0.148041 -0.462961 0.0147269 0.659378 0.122664 1.1207 -0.14609 2.09074 1.74504 -0.631545 0.252082 0.242424 0.701589 1.53131 -0.960063 0.185847
internal_weight=99323 95553 32396 24606 7790 2200 6246 1247 907 442 4999 340 156 2044 313 22406 1876 153 1419 2962
internal_count=99323 95553 32396 24606 7790 2200 6246 1247 907 442 4999 340 156 2044 313 22406 1876 153 1419 2962
cat_boundaries=0 2 4 5 7 9
cat_threshold=2957153508 2321 805438496 16 2415919296 268469248 17 2151710848 256
is_linear=0
shrinkage=0.0711242


Tree=203
num_leaves=21
num_cat=15
split_feature=3 1 1 3 9 1 9 3 9 3 4 3 1 1 3 1 4 3 1 3
split_gain=124039 154609 115556 185465 154743 129000 213864 198217 152885 126640 118437 111151 162580 92661.2 91886.9 98608.3 82170.4 82473.4 79798.2 98169.7
threshold=0 1 2 3 7.8750000000000009 4 5.9050000000000011 5 6.0550000000000006 6 1.5000000000000002 7 8 9 10 11 1.0000000180025095e-35 12 13 14
decision_type=9 1 1 9 10 1 8 9 10 9 2 9 1 1 9 1 2 9 1 9
left_child=1 -1 3 -2 5 -5 9 -8 -9 10 -7 12 16 -11 -10 -16 17 -4 19 -6
right_child=2 -3 11 4 18 6 7 8 14 13 -12 -13 -14 -15 15 -17 -18 -19 -20 -21
leaf_value=-0.32257595177534548 -0.013527046690180549 -0.011662525053092423 2.4863587388928368 -0.40618575293097853 0.14970758226014047 1.5560117198830468 -0.73736063740813917 4.1201184214432667 3.5039391570712755 2.6913180224388595 -1.8010409470453492 0.052045381378490629 -0.48104989768789302 0.23687895867701428 -0.62128399897897713 1.8984878011219988 -0.031300235342393123 0.42596670435910911 0.10622677545886099 0.89779421826645467
leaf_weight=11767 11366 25864 114 269 1712 73 113 210 119 122 195 29620 5514 210 109 262 3930 545 5300 1866
leaf_count=11767 11366 25864 114 269 1712 73 113 210 119 122 195 29620 5514 210 109 262 3930 545 5300 1866
internal_value=-0.00720566 -0.108944 0.0549049 0.185934 0.400428 1.0263 1.29275 2.05354 2.47923 0.283273 -0.854532 -0.0174487 -0.22104 1.19158 1.82596 1.16133 0.091749 0.826863 0.282293 0.541277
internal_weight=99280 37631 61649 21926 10560 1682 1413 813 700 600 268 39723 10103 332 490 371 4589 659 8878 3578
internal_count=99280 37631 61649 21926 10560 1682 1413 813 700 600 268 39723 10103 332 490 371 4589 659 8878 3578
cat_boundaries=0 3 5 7 9 11 13 15 17 19 21 23 25 27 29 31
cat_threshold=143892820 1706672258 3 2491982996 4164 339845336 4940 2269647880 2281713516 272728064 256 0 4113 2560 33685505 1073758880 38010897 2158892547 160 192 512 278528 131072 67108928 64 16384 262144 98384 4352 1612988546 4456448
is_linear=0
shrinkage=0.0711242


Tree=204
num_leaves=21
num_cat=2
split_feature=9 9 4 0 0 4 10 9 10 11 10 10 10 10 9 4 10 10 11 10
split_gain=39590.5 40144.3 76087.7 60572.5 43063.9 88496.4 108439 205631 178498 123846 127423 92479.9 48029.6 86327.9 72184.4 74251.1 62610.5 136835 72396.3 62007
threshold=5.0750000000000011 4.8950000000000005 4.5000000000000009 0 1 1.0000000180025095e-35 17.795000000000005 4.705000000000001 15.055000000000001 1.0000000180025095e-35 4.5650000000000004 21.935000000000006 7.9250000000000007 5.5750000000000011 4.495000000000001 2.5000000000000004 17.675000000000004 27.035000000000004 1.0000000180025095e-35 11.945000000000002
decision_type=8 10 2 1 1 2 8 10 10 2 10 8 10 10 10 2 10 10 2 10
left_child=1 4 3 -3 5 11 8 -8 9 -7 -11 -1 13 -6 16 -16 18 -18 19 -14
right_child=-2 2 -4 -5 12 6 7 -9 -10 10 -12 -13 14 -15 15 -17 17 -19 -20 -21
leaf_value=0.12805400944392378 0.00022732061346197367 -1.3268594459952563 -2.4279516844418407 0.78200174167225422 -0.38255901774903406 -1.1189522335423687 -1.0041032325832424 2.8584463427298976 4.0797272991781517 -1.0098185358729841 2.6938279604938398 3.4227981839333195 0.6576349869746535 0.84165580507478199 -3.8387186337439974 -0.79149197941651495 2.8172135261016247 -0.67755879406248953 -2.206026004823856 -1.7058149245638701
leaf_weight=92 95176 122 117 135 1318 187 651 78 71 72 135 81 149 374 71 94 82 183 155 90
leaf_count=92 95176 122 117 135 1318 187 651 78 71 72 135 81 149 374 71 94 82 183 155 90
internal_value=-0.00926428 -0.221469 -0.925145 -0.240392 -0.153673 0.167433 -0.0492155 -0.590532 0.799379 0.207475 1.40572 1.67163 -0.327502 -0.111928 -0.774074 -2.10407 -0.440835 0.404411 -1.0093 -0.232661
internal_weight=99433 4257 374 257 3883 1367 1194 729 465 394 207 173 2516 1692 824 165 659 265 394 239
internal_count=99433 4257 374 257 3883 1367 1194 729 465 394 207 173 2516 1692 824 165 659 265 394 239
cat_boundaries=0 1 2
cat_threshold=40 52
is_linear=0
shrinkage=0.0711242


Tree=205
num_leaves=21
num_cat=13
split_feature=3 10 10 3 10 3 11 10 3 3 0 3 2 3 3 0 3 4 2 10
split_gain=177063 88204.8 73250.1 97246.2 78418.6 116972 76568.8 72210.3 156486 58196.9 59530.7 68082 58186.4 98502.9 75798.8 80921.9 57248.8 52134.4 51653.5 133462
threshold=0 42.375000000000007 34.905000000000008 1 9.1250000000000018 2 1.0000000180025095e-35 9.8350000000000026 3 4 5 6 7 8 9 10 11 4.5000000000000009 12 9.7350000000000012
decision_type=9 8 10 9 8 9 2 10 9 9 1 9 1 9 9 1 9 2 1 8
left_child=1 -1 4 6 5 -2 -4 8 -6 -3 11 -11 14 17 15 -10 -9 -14 19 -15
right_child=2 9 3 -5 7 -7 -8 16 12 10 -12 -13 13 18 -16 -17 -18 -19 -20 -21
leaf_value=0.1162458769865832 0.0067932929709620957 -0.57275159466131431 0.015574794708993962 -0.58321824338567552 -0.20242146397180083 -0.48090406484087234 -1.4249078267678683 -0.20844774282800388 2.235849323532904 -0.28422085551778253 -0.37570445968020344 0.72308226031560074 0.72445681269061624 4.6165982489891917 -0.55714844380041884 -0.36743583825004711 0.0085418013073706219 -1.2414268445563812 1.0823433495810226 1.2632074629052117
leaf_weight=43588 4825 1534 3531 3488 1466 5136 197 8417 135 581 1251 797 272 103 285 105 22774 91 337 144
leaf_count=43588 4825 1534 3531 3488 1466 5136 197 8417 135 581 1251 797 272 103 285 105 22774 91 337 144
internal_value=-0.0122052 0.0863538 -0.103932 -0.314018 -0.0695707 -0.245147 -0.0604144 -0.0183261 0.318757 -0.226415 -0.022055 0.299398 0.833507 1.16774 0.219958 1.12803 -0.0500781 0.225246 1.7398 2.55915
internal_weight=99057 47751 51306 7216 44090 9961 3728 34129 2938 4163 2629 1378 1472 947 525 240 31191 363 584 247
internal_count=99057 47751 51306 7216 44090 9961 3728 34129 2938 4163 2629 1378 1472 947 525 240 31191 363 584 247
cat_boundaries=0 3 6 8 10 12 13 15 16 18 20 21 24 25
cat_threshold=2422769904 994171898 6 764675083 3221488641 1 580019214 2891777 1241735694 3291488256 2149615760 272711704 44 273154048 33590016 14 1310720 525317 1314816 656388 7 75498507 917505 1 17
is_linear=0
shrinkage=0.0711242


Tree=206
num_leaves=21
num_cat=10
split_feature=3 1 1 3 9 8 9 3 8 9 9 3 11 3 1 1 3 9 9 9
split_gain=103667 192603 149732 101588 111788 238976 81539 226414 92890.8 127956 78573.9 94589.4 78609.4 69839.4 93940.1 71098.2 126519 85408.7 111247 77892.4
threshold=0 1 2 3 4.8950000000000005 1.5500000000000003 7.7550000000000008 4 1.2500000000000002 6.8850000000000007 5.5850000000000009 5 1.0000000180025095e-35 6 7 8 9 5.9050000000000011 4.495000000000001 4.2650000000000006
decision_type=9 1 1 9 8 2 8 9 2 10 10 9 2 9 1 1 9 8 10 8
left_child=1 -1 3 -2 5 -5 7 10 -9 -10 -6 -12 -13 14 -4 16 17 18 -15 -18
right_child=2 -3 13 4 6 -7 -8 8 9 -11 11 12 -14 15 -16 -17 19 -19 -20 -21
leaf_value=-0.085319903239306327 -0.45453292754705799 0.21919916072820902 0.41862647279851722 0.1437479806186675 2.407907761979053 3.873803262654326 -0.10166634428017562 -0.94063503849731367 -4.0398378228685647 -0.7178430042877999 1.4842949506547483 -1.7669938202279567 0.83843265543463474 0.29596333904617594 -0.024757304236547633 -0.12011329451194475 -1.5368183931891202 0.43408875034975208 4.0472742335894969 -0.016501518921782365
leaf_weight=18321 5553 24615 5023 427 87 109 18033 421 144 99 137 158 93 82 4657 13878 177 2645 78 4566
leaf_count=18321 5553 24615 5023 427 87 109 18033 421 144 99 137 158 93 82 4657 13878 177 2645 78 4566
internal_value=0.00601749 0.0892699 -0.0574034 -0.186006 -0.110151 0.902794 -0.138532 -0.72214 -1.55664 -2.68718 0.467397 0.0438795 -0.770972 0.0470604 0.205513 -0.0245895 0.150969 0.528772 2.12594 -0.0731102
internal_weight=99303 42936 56367 25261 19708 536 19172 1139 664 243 475 388 251 31106 9680 21426 7548 2805 160 4743
internal_count=99303 42936 56367 25261 19708 536 19172 1139 664 243 475 388 251 31106 9680 21426 7548 2805 160 4743
cat_boundaries=0 3 5 7 10 12 14 16 18 20 22
cat_threshold=294257651 2037916245 5 21979048 1094 4161809779 6232 95232 299008 2 32768 75566122 0 68640 201678852 297984 128467080 1665 17272836 516 6324232 67244296
is_linear=0
shrinkage=0.0711242


Tree=207
num_leaves=21
num_cat=5
split_feature=1 10 1 1 11 9 9 9 10 1 9 10 1 10 9 4 4 4 9 9
split_gain=104832 57302.6 113038 98520.6 102485 68680.2 95103.6 63309 126174 53966.4 51694.3 94943 93278.1 92166.9 69013.9 54015.6 53059.4 48936.6 48958.6 46673
threshold=0 35.175000000000004 1 2 1.0000000180025095e-35 8.8250000000000011 5.0750000000000011 9.1550000000000029 36.785000000000004 3 14.865 42.375000000000007 4 36.515000000000008 31.145000000000003 1.0000000180025095e-35 2.5000000000000004 4.5000000000000009 40.035000000000004 38.165000000000006
decision_type=1 8 1 1 2 10 8 8 8 1 10 8 1 10 10 2 2 2 10 8
left_child=1 2 5 -3 7 6 -1 8 -5 -6 11 13 14 -9 16 -15 -12 18 -16 -4
right_child=-2 3 19 4 9 -7 -8 10 -10 -11 12 -13 -14 15 17 -17 -18 -19 -20 -21
leaf_value=-0.044279502370170649 0.064684277888371222 0.86969261395124664 -0.036043296520865985 1.1526627302389456 -1.7419588714444161 0.064954224651571746 1.5338658426392411 -0.92702001168582782 -0.95992144716288763 -0.25185778639796913 -0.057927959377002132 -0.29494085935606745 -0.80179065282462469 -0.34744651057929415 -0.26634789354933502 1.2947278732223462 1.3643055883014312 0.21139759249953508 -1.2709893594037616 -0.25775338029631062
leaf_weight=298 52881 371 30412 164 355 818 549 146 1114 207 259 1039 1213 121 1367 622 272 870 299 5704
leaf_count=298 52881 371 30412 164 355 818 549 146 1114 207 259 1039 1213 121 1367 622 272 870 299 5704
internal_value=-0.00369236 -0.0819532 -0.0445788 -0.249769 -0.302089 0.526638 0.978679 -0.232914 -0.688762 -1.22871 -0.139063 0.166727 -0.276813 0.706269 -0.0663359 1.02728 0.670701 -0.22094 -0.44671 -0.0710401
internal_weight=99081 46200 37781 8419 8048 1665 847 7486 1278 562 6208 1928 4280 889 3067 743 531 2536 1666 36116
internal_count=99081 46200 37781 8419 8048 1665 847 7486 1278 562 6208 1928 4280 889 3067 743 531 2536 1666 36116
cat_boundaries=0 2 4 6 8 10
cat_threshold=2844814445 6801 8388616 512 537919489 2192 142607424 513 8388644 4097
is_linear=0
shrinkage=0.0711242


Tree=208
num_leaves=21
num_cat=4
split_feature=10 11 0 9 9 9 9 11 2 9 11 9 7 2 9 11 10 2 9 7
split_gain=68251.2 188097 64388.2 102750 140136 78680 51583 136714 127965 154822 153504 100028 94776.7 86867.1 86370.7 234557 72472.5 72459.1 71888.1 71879.4
threshold=32.545000000000009 1.0000000180025095e-35 0 10.255000000000001 5.2550000000000008 7.2750000000000012 28.675000000000004 1.0000000180025095e-35 1 9.8250000000000011 1.0000000180025095e-35 22.575000000000003 8.4350000000000005 2 21.265000000000004 1.0000000180025095e-35 10.355000000000002 3 37.365000000000002 10.175000000000002
decision_type=10 2 1 10 8 10 10 2 1 10 2 10 2 1 10 2 10 1 10 2
left_child=6 -2 3 4 -3 -6 8 -8 9 19 12 -12 -11 16 -10 17 -9 -16 -18 -1
right_child=1 2 -4 -5 5 -7 7 13 14 10 11 -13 -14 -15 15 -17 18 -19 -20 -21
leaf_value=0.84693983993251964 -0.051580322295117692 -2.1480155346517309 -1.3166140834885276 -2.4816293474278419 3.0980951609923317 0.27488208714531293 0.012197818954502483 -1.1119410894293784 0.077878778346505653 3.1956800468377717 1.0924321243846429 0.12455709957666858 1.1459947893575384 -1.2729810539261808 -0.024995795951404005 -1.8486611056298625 0.1558099910896982 -0.87924345840108364 -1.2800276887761368 -0.99279120691670197
leaf_weight=138 16610 76 828 76 84 123 15439 431 51032 138 735 2037 659 630 7209 401 1190 530 207 484
leaf_count=138 16610 76 828 76 84 123 15439 431 51032 138 735 2037 659 630 7209 401 1190 530 207 484
internal_value=0.0127567 -0.113395 -0.978319 -0.156904 0.462431 1.42136 0.0403858 -0.0662392 0.0705023 0.449816 0.631356 0.381217 1.50121 -0.558895 0.0435524 -0.171594 -0.304117 -0.0846761 -0.0570108 -0.584556
internal_weight=99057 17797 1187 359 283 207 81260 17897 63363 4191 3569 2772 797 2458 59172 8140 1828 7739 1397 622
internal_count=99057 17797 1187 359 283 207 81260 17897 63363 4191 3569 2772 797 2458 59172 8140 1828 7739 1397 622
cat_boundaries=0 1 2 3 4
cat_threshold=33 6 2 160
is_linear=0
shrinkage=0.0711242


Tree=209
num_leaves=21
num_cat=15
split_feature=3 1 1 3 3 3 1 3 1 1 1 10 10 10 1 1 1 10 3 10
split_gain=153759 174459 140955 118365 115420 98648.4 107516 87343.4 82580.1 72429.8 69044.2 70939 69036.1 68233 64612.8 60414.5 55186.2 61103.4 54738.4 96210.2
threshold=0 1 2 3 4 5 6 7 8 9 10 7.245000000000001 46.165000000000006 30.645000000000003 11 12 13 1.0000000180025095e-35 14 7.5950000000000006
decision_type=9 1 1 9 9 9 1 9 1 1 1 8 10 10 1 1 1 10 9 10
left_child=1 3 5 10 8 6 13 14 -4 -6 11 -1 15 -2 -3 18 -7 -18 19 -9
right_child=2 7 4 -5 9 16 -8 12 -10 -11 -12 -13 -14 -15 -16 -17 17 -19 -20 -21
leaf_value=2.076268434506567 -0.32427169812013917 0.47238664136498076 -0.19883260618489093 -0.19758911453997405 -0.26060241954004537 0.2796338970229264 0.050373675276331832 1.3944577208023785 -0.58669961995308262 0.046569415266368298 -0.0056222986770748905 0.37005273267111527 -0.98237089035770941 -1.1660889534599548 0.1545513653826581 -0.049799633428611725 1.218431707192063 -0.032209894053658344 0.064482213079106121 0.29590779520769411
leaf_weight=130 3312 6850 5566 14578 7162 6910 5056 483 5604 8467 4696 2354 310 571 6188 7371 203 7343 3730 2442
leaf_count=130 3312 6850 5566 14578 7162 6910 5056 483 5604 8467 4696 2354 310 571 6188 7371 203 7343 3730 2442
internal_value=-0.0203311 0.0691081 -0.10787 -0.0812048 -0.219209 0.0197077 -0.165912 0.188569 -0.39378 -0.0942695 0.155043 0.457576 0.0672832 -0.446935 0.321774 0.0905364 0.134523 0.00144612 0.245675 0.47572
internal_weight=99326 49132 50194 21758 26799 23395 8939 27374 11170 15629 7180 2484 14336 3883 13038 14026 14456 7546 6655 2925
internal_count=99326 49132 50194 21758 26799 23395 8939 27374 11170 15629 7180 2484 14336 3883 13038 14026 14456 7546 6655 2925
cat_boundaries=0 3 5 7 9 11 14 16 19 21 23 25 27 29 31 33
cat_threshold=4218945736 4051970011 2 1571143821 5424 1168415038 5936 3087007744 285213457 242215 34115588 85553 3342368 5 1141147682 48 57147592 3221226706 2 34825408 196 571695296 132 1075855489 4112 2148547618 2125 2185376592 513 1149503496 816 3221225472 805568521
is_linear=0
shrinkage=0.0711242


Tree=210
num_leaves=21
num_cat=16
split_feature=3 1 1 3 9 1 1 1 3 3 1 9 1 3 9 3 1 1 3 9
split_gain=122497 112633 110005 116262 106968 132522 104362 101584 99096.3 97915.5 108889 96484.7 197151 350837 262619 193848 146493 131897 96290.5 92954.7
threshold=0 1 2 3 24.685000000000006 4 5 6 7 8 9 7.1450000000000005 10 11 5.7350000000000012 12 13 14 15 5.9050000000000011
decision_type=9 1 1 9 8 1 1 1 9 9 1 10 1 9 8 9 1 1 9 10
left_child=1 -1 3 7 5 18 -6 -2 -7 10 -3 12 13 14 -11 17 -17 19 -4 -14
right_child=2 9 4 -5 6 8 -8 -9 -10 11 -12 -13 15 -15 -16 16 -18 -19 -20 -21
leaf_value=0.21175349358277901 -0.10021785502965344 0.075888653889555222 -0.51019282047956538 -0.048098994128620932 -0.68387679366052123 -0.10767657616580016 -0.054721042223228378 -0.54739713450984806 0.25195546487844628 1.8290384510501696 -0.53870044975008979 0.00091537008428031221 3.2073550200012546 0.52696969642220937 7.6139341197581558 -0.018690664603424178 -1.9166455051476987 0.30484840864241847 1.7193802327183632 0.3261725543742362
leaf_weight=20743 4490 2622 126 14805 1504 6504 11245 6051 9571 82 3279 15369 174 458 77 696 284 676 430 84
leaf_count=20743 4490 2622 126 14805 1504 6504 11245 6051 9571 82 3279 15369 174 458 77 696 284 676 430 84
internal_value=0.00307692 0.0906393 -0.0681983 -0.176739 0.0254677 0.144298 -0.129526 -0.357197 0.106471 -0.0149588 -0.265956 0.0678891 0.474828 1.56876 4.35917 0.113343 -0.582635 0.842021 1.21403 2.18506
internal_weight=99270 44544 54726 25346 29380 16631 12749 10541 16075 23801 5901 17900 2531 617 159 1914 980 934 556 258
internal_count=99270 44544 54726 25346 29380 16631 12749 10541 16075 23801 5901 17900 2531 617 159 1914 980 934 556 258
cat_boundaries=0 3 5 7 9 11 13 15 18 21 23 25 27 29 31 32 34
cat_threshold=2766265621 3221870775 2 3694922878 610 4246816752 1604 1477181506 340788296 13795328 257 528386 2208 740311360 68 1124074152 54919432 1 10502400 22 2 46150144 281 229377 4225 67115012 524288 536904720 624640 58721024 1032 536871552 1074274368 546308096
is_linear=0
shrinkage=0.0711242


Tree=211
num_leaves=21
num_cat=7
split_feature=3 3 2 3 10 10 10 10 10 4 10 4 3 4 4 4 3 2 4 10
split_gain=123799 35294.3 39131.9 55155.8 111201 113729 78928 61735.5 44724.8 96189.1 70725 49681.1 44113.3 37128.4 36084.6 54411.9 35652.1 71915.9 49496.1 35392.5
threshold=0 1 2 3 14.845000000000001 12.725000000000003 9.0150000000000023 17.925000000000004 11.265000000000002 3.5000000000000004 10.655000000000003 3.5000000000000004 4 2.5000000000000004 1.5000000000000002 3.5000000000000004 5 6 1.5000000000000002 38.355000000000011
decision_type=9 9 1 9 10 8 10 10 10 2 10 2 9 2 2 2 9 1 2 10
left_child=-1 2 3 4 5 14 -5 -6 9 12 -11 16 -8 -7 -2 -16 17 -10 -19 -18
right_child=1 -3 -4 6 7 13 8 -9 11 10 -12 -13 -14 -15 15 -17 19 18 -20 -21
leaf_value=-0.1067951460643933 -0.19909453629936824 0.024856999211790368 0.041034351044449816 -0.35492088406383859 -1.2073159847518886 4.126156256265352 -0.4937052321340562 0.3779176587218907 2.5000270456516853 1.086278568210445 3.6001726231666034 -0.031770648095810129 0.91035465922358072 1.9908701601276861 2.3184034082043867 0.42579904235041216 0.14609018146202812 -0.28137776945283549 1.2023199321557174 0.72593284164543015
leaf_weight=33598 134 44313 10805 1291 140 75 245 1101 104 188 81 2880 194 92 129 190 2550 223 232 673
leaf_count=33598 134 44313 10805 1291 140 75 245 1101 104 188 81 2880 194 92 129 190 2550 223 232 673
internal_value=0.0042225 0.0610542 0.136217 0.233827 0.584509 1.36542 0.157883 0.199011 0.247928 0.785353 1.84418 0.190804 0.136312 2.95149 0.780246 1.19157 0.360291 0.881223 0.46501 0.266358
internal_weight=99238 65640 21327 10522 1861 620 8661 1241 7370 708 269 6662 439 167 453 319 3782 559 455 3223
internal_count=99238 65640 21327 10522 1861 620 8661 1241 7370 708 269 6662 439 167 453 319 3782 559 455 3223
cat_boundaries=0 2 5 6 9 11 12 13
cat_threshold=589770754 3370553364 1149764112 268504075 7 108 0 268435458 3 1082655232 2056 1073742336 64
is_linear=0
shrinkage=0.0711242


Tree=212
num_leaves=21
num_cat=6
split_feature=1 9 8 7 9 1 1 9 9 7 4 1 9 7 9 9 1 7 9 1
split_gain=63009.5 79456.8 75255.6 139490 53419.1 240973 100653 101445 78824.2 75339.1 72956.3 181997 146092 91558.1 113228 92453.7 72529.6 79721.6 69790.2 126350
threshold=0 3.3950000000000005 1.5500000000000003 17.895000000000003 35.535000000000004 1 2 25.465000000000003 18.235000000000003 17.025000000000002 4.5000000000000009 3 7.7550000000000008 21.425000000000004 10.875000000000002 20.605000000000004 4 7.5650000000000004 14.255000000000001 5
decision_type=1 8 2 2 8 1 1 10 10 2 2 1 10 2 10 10 1 2 10 1
left_child=1 2 3 -1 6 -6 8 10 -3 -10 11 13 -13 15 -15 -8 17 -7 19 -14
right_child=-2 4 -4 -5 5 16 7 -9 9 -11 -12 12 18 14 -16 -17 -18 -19 -20 -21
leaf_value=2.3467749540428997 -0.047015852653129665 2.687167582337445 2.4809806778322905 -1.1002875796797658 2.9939750821716102 0.86779528450103216 -0.1737356638902979 -0.39844915537963438 0.50300016702677386 0.014376294540199789 0.29411694623622064 3.2945566017039472 1.66026282658742 -4.0199067517401748 -0.64982434749073881 -2.0322632445757649 -0.0040264863315740669 -0.52107193194574442 0.10341476843593003 0.22534167058271301
leaf_weight=103 52972 72 130 140 119 227 6963 2400 4331 2528 6299 77 420 70 180 138 10008 2636 8259 1155
leaf_count=103 52972 72 130 140 119 227 6963 2400 4331 2528 6299 77 420 70 180 138 10008 2636 8259 1155
internal_value=0.00594241 0.0665869 1.10036 0.361127 0.0581952 -0.063924 0.106424 0.0420429 0.347005 0.322912 0.086932 0.0113279 0.210127 -0.256639 -1.59453 -0.209879 -0.094469 -0.409498 0.18616 0.62003
internal_weight=99227 46255 373 243 45882 12990 32892 25961 6931 6859 23561 17262 9911 7351 250 7101 12871 2863 9834 1575
internal_count=99227 46255 373 243 45882 12990 32892 25961 6931 6859 23561 17262 9911 7351 250 7101 12871 2863 9834 1575
cat_boundaries=0 2 4 6 8 10 12
cat_threshold=3234221206 5007 128 512 2160199684 5 1074004096 4608 8404994 133 16 136
is_linear=0
shrinkage=0.0711242


Tree=213
num_leaves=21
num_cat=7
split_feature=1 7 10 11 1 10 4 7 10 7 10 1 10 1 1 1 4 1 10 10
split_gain=113769 53241.6 49287.8 54591.8 211185 167062 99689.6 137624 234282 123547 82866.9 100903 99337.7 95270.3 75579.3 71243.5 69134.8 84715.1 82067.4 68326.6
threshold=0 6.2650000000000006 47.515000000000008 1.0000000180025095e-35 1 29.675000000000004 2.5000000000000004 7.2250000000000005 11.455000000000002 7.705000000000001 19.195000000000004 2 14.945000000000002 3 4 5 1.0000000180025095e-35 6 9.5350000000000019 33.155000000000008
decision_type=1 2 10 2 1 10 2 2 8 2 10 1 10 1 1 1 2 1 10 8
left_child=1 -1 3 15 6 -6 16 8 -8 -9 11 12 -11 -12 -7 19 -5 -18 -19 -2
right_child=2 -3 -4 4 5 14 7 9 -10 10 13 -13 -14 -15 -16 -17 17 18 -20 -21
leaf_value=1.4256801184850403 0.30053869609563411 -0.142013654236474 -0.38776021685357537 0.50743719822410682 -0.16024539333477794 -0.48268640047321859 5.5763657501411474 -2.0867067852383316 0.049143120646307416 1.1814869147286284 -1.9426703178130824 0.50559423195495035 3.6867057419313016 0.24768019123816307 -1.7344907352271919 0.016955237524392992 -0.88016433350427625 -1.2669368461343971 0.40697002658905762 0.056799101092597823
leaf_weight=110 11637 24202 1325 774 9699 520 72 95 84 337 101 1440 105 1040 499 33860 728 179 858 11635
leaf_count=110 11637 24202 1325 774 9699 520 72 95 84 337 101 1440 105 1040 499 33860 728 179 858 11635
internal_value=-0.00118987 -0.13486 0.04216 0.0498993 -0.0639278 -0.251033 0.281004 0.540861 2.60187 0.437675 0.517063 0.807002 1.73792 0.0388041 -1.11754 0.082835 -0.0529769 -0.298747 0.116822 0.178603
internal_weight=99300 24312 74988 73663 16531 10718 5813 3274 156 3118 3023 1882 442 1141 1019 57132 2539 1765 1037 23272
internal_count=99300 24312 74988 73663 16531 10718 5813 3274 156 3118 3023 1882 442 1141 1019 57132 2539 1765 1037 23272
cat_boundaries=0 2 4 6 8 10 12 14
cat_threshold=117458068 1090 683936521 4608 512 4096 536870912 4096 4096 1 2418380872 157 262913 4096
is_linear=0
shrinkage=0.0711242


Tree=214
num_leaves=21
num_cat=17
split_feature=3 1 1 3 3 10 1 3 3 1 3 1 1 1 10 1 7 3 1 3
split_gain=86585.4 157691 135825 216012 120941 87790.3 96290.3 122079 121466 185919 86105.8 155020 120867 81839.2 80798 110066 92551.4 68594.6 78696.8 66541
threshold=0 1 2 3 4 37.045000000000009 5 6 7 8 9 10 11 12 24.845000000000002 13 13.975000000000003 14 15 16
decision_type=9 1 1 9 9 8 1 9 9 1 9 1 1 1 10 1 2 9 1 9
left_child=1 4 3 -2 -1 6 7 -5 9 -8 11 -4 -12 -10 15 16 -11 -7 -19 -13
right_child=2 -3 10 5 -6 17 8 -9 13 14 12 19 -14 -15 -16 -17 -18 18 -20 -21
leaf_value=-0.024994384533706109 -0.049537005906719112 0.031261420030808104 0.37098003422694487 3.7111945218123452 -0.44675139383073087 0.75945711332757837 3.1842653790663458 0.94325420709262198 0.61526006529191601 3.1440032400593361 0.089103135048630808 0.19845133858123726 -0.20993844976475298 -0.07849494429321098 -0.052454688464753915 0.58536047877431929 1.1240092808241269 1.0986812381788691 -0.44386991732031716 -0.22842962970596689
leaf_weight=6158 6301 28229 7543 103 7804 511 170 374 1840 195 12863 2850 14577 1610 456 996 279 188 1082 5211
leaf_count=6158 6301 28229 7543 103 7804 511 170 374 1840 195 12863 2850 14577 1610 456 996 279 188 1082 5211
internal_value=0.0118169 -0.0654563 0.0688644 0.260331 -0.260886 0.510262 0.640635 1.60542 0.553738 0.980728 0.00607663 0.139424 -0.069776 0.292222 0.770654 1.03122 1.91505 0.0722219 -0.208665 -0.0774446
internal_weight=99340 42191 57149 14105 13962 7804 6023 477 5546 2096 43044 15604 27440 3450 1926 1470 474 1781 1270 8061
internal_count=99340 42191 57149 14105 13962 7804 6023 477 5546 2096 43044 15604 27440 3450 1926 1470 474 1781 1270 8061
cat_boundaries=0 2 4 6 9 11 13 15 17 18 21 23 25 27 29 31 32 34
cat_threshold=1258940458 1114275040 42722416 1104 2155978960 832 2761166917 2173764352 1 1208557602 1073876000 8388608 512 1168 20 896 536870939 64 80740356 2509243136 1 1114132773 6166 1011227690 1060 2147590144 256 106496 64 272630800 268697600 2147483712 9437188 2148532224
is_linear=0
shrinkage=0.0711242


Tree=215
num_leaves=21
num_cat=12
split_feature=3 1 1 3 3 4 1 10 1 3 10 1 4 3 10 10 4 3 11 3
split_gain=132781 174553 113827 143826 142409 115657 143464 124035 121935 99201 93417.1 89741.9 134098 146617 88553.1 90673.8 213156 86138.6 76724.5 139788
threshold=0 1 2 3 4 2.5000000000000004 5 10.955000000000002 6 7 40.245000000000012 8 1.0000000180025095e-35 9 4.1550000000000011 6.1250000000000009 3.5000000000000004 10 1.0000000180025095e-35 11
decision_type=9 1 1 9 9 2 1 10 1 9 10 1 2 9 10 10 2 9 2 9
left_child=1 10 4 18 5 8 7 9 -2 14 11 12 17 -14 -7 -16 -17 -1 -4 -20
right_child=2 -3 3 -5 -6 6 -8 -9 -10 -11 -12 -13 13 -15 15 16 -18 -19 19 -21
leaf_value=3.4984120977123916 0.3584515951324686 -0.4079712281609415 0.14888969604657171 -0.19433849488778598 0.01465440021574985 0.15150920768178311 0.24569199327570179 0.47688649636205949 -0.27038050659934038 0.89377158200039331 -0.8047282451595158 -0.017825693706485745 -1.1135438604023555 0.66173765083050629 5.0137160551483451 5.2835451881280413 0.99392342824654278 0.66751736501230907 0.42074546843512406 -0.4431806829447088
leaf_weight=109 3270 8915 15818 19742 27396 78 5346 1682 2965 768 612 6239 285 1167 74 82 205 132 1346 3144
leaf_count=109 3270 8915 15818 19742 27396 78 5346 1682 2965 768 612 6239 285 1167 74 82 205 132 1346 3144
internal_value=-0.00992897 -0.187952 0.0280332 -0.0576809 0.110024 0.29045 0.465616 0.8687 0.0595575 1.42183 0.0418319 0.10721 0.564735 0.310126 2.27314 2.79436 2.22077 2.12149 0.0751984 -0.184242
internal_weight=99375 17459 81916 40050 41866 14470 8235 2889 6235 1207 8544 7932 1693 1452 439 361 287 241 20308 4490
internal_count=99375 17459 81916 40050 41866 14470 8235 2889 6235 1207 8544 7932 1693 1452 439 361 287 241 20308 4490
cat_boundaries=0 3 5 7 9 12 14 16 18 19 22 24 26
cat_threshold=537018752 273481732 5 1032739801 400 3331808014 5285 1136919585 3961695163 286831190 9442400 2 100729608 1152 2148931590 1185 268435988 1049664 262360 0 589824 1 0 5046276 29361152 1142947848
is_linear=0
shrinkage=0.0711242


Tree=216
num_leaves=21
num_cat=12
split_feature=1 3 3 1 3 9 1 3 9 1 9 3 9 9 3 1 9 9 4 3
split_gain=94487.4 184811 177864 95194.8 136845 142511 91503.6 230165 105275 144625 240956 169327 122775 109288 100025 78513.3 134482 84222.8 249495 71946.4
threshold=0 1 2 3 4 3.7250000000000005 5 6 27.295000000000005 7 8.4650000000000016 8 18.585000000000004 22.135000000000002 9 10 10.675000000000002 9.9350000000000005 3.5000000000000004 11
decision_type=1 9 9 1 9 8 1 9 10 1 8 9 8 10 9 1 8 8 2 9
left_child=2 6 -1 4 -3 -6 7 8 9 10 -2 12 -12 -13 -8 16 -9 18 -17 -5
right_child=1 3 -4 19 5 -7 14 15 -10 -11 11 13 -14 -15 -16 17 -18 -19 -20 -21
leaf_value=0.11043420950618234 -1.3388861825967076 -0.56903661123432814 -0.19191050889616404 0.15427899189301433 3.1417240613687434 -0.062007879868466037 -0.064987317872285955 -2.8243649434586513 0.2870356872052684 0.77498935144418857 5.7582288866542877 0.44675733189823169 2.5188985287330077 3.6651934517127729 0.27352733865004719 -0.67347531030227803 -0.19018189497037596 0.15887440524663463 4.5537516677986565 -0.10333920164080533
leaf_weight=15752 87 3820 26209 11312 71 5877 8341 108 1136 1694 126 191 112 74 9370 101 1055 3131 85 10626
leaf_count=15752 87 3820 26209 11312 71 5877 8341 108 1136 1694 126 191 112 74 9370 101 1055 3131 85 10626
internal_value=0.00267306 0.0620374 -0.0784122 -0.0527465 -0.237321 -0.0236801 0.204103 0.405348 0.84413 1.12489 2.08085 2.71383 4.06461 1.29746 0.114157 0.0692409 -0.431287 0.245511 1.71632 0.0295076
internal_weight=99278 57317 41961 31706 9768 5948 25611 7900 3420 2284 590 503 238 265 17711 4480 1163 3317 186 21938
internal_count=99278 57317 41961 31706 9768 5948 25611 7900 3420 2284 590 503 238 265 17711 4480 1163 3317 186 21938
cat_boundaries=0 2 5 7 9 12 14 17 18 21 23 25 27
cat_threshold=2049663392 1562 563499773 2153387071 6 3603507222 1912922432 2147517464 4192 2315256834 891601024 1 2155906128 4160 131781 131135 2 8421440 192 15 2 131797 1703990 64 64 3391104002 505711232
is_linear=0
shrinkage=0.0711242


Tree=217
num_leaves=21
num_cat=15
split_feature=3 1 1 3 3 4 3 1 1 1 3 10 3 4 3 4 0 1 1 10
split_gain=128113 130509 105041 126110 103632 66960.2 135169 125067 97673.3 80681.8 131281 90460.2 184956 95141 74826.8 64503.7 63826.5 59738.2 55068.1 74305.4
threshold=0 1 2 3 4 1.5000000000000002 5 6 7 8 9 8.0450000000000017 10 5.5000000000000009 11 1.0000000180025095e-35 12 13 14 12.035000000000002
decision_type=9 1 1 9 9 2 9 1 1 1 9 8 9 2 9 2 1 1 1 8
left_child=1 -1 3 18 17 6 7 14 -8 11 -11 12 -7 16 -6 -16 -14 -4 19 -2
right_child=2 -3 4 -5 5 9 8 -9 -10 10 -12 -13 13 -15 15 -17 -18 -19 -20 -21
leaf_value=-0.29581788808776172 -2.2901506877627811 -0.0038514495043648943 0.16692956948149595 0.08463403141827644 0.15422090375776745 -0.0032251616665470921 0.10381485410260627 0.073228471872426523 -0.65604615383164377 -0.13834803011515087 0.45751888095605969 0.39420178112232751 2.7190041996681562 4.3689433974809564 0.84718395091211385 2.2869828002658097 0.70405233795694 -0.11901067915289255 -0.16203891281136326 -0.47812097408625248
leaf_weight=12453 127 20469 6150 16850 319 375 1779 1995 1639 3879 3598 7106 158 83 329 302 198 9230 11428 1155
leaf_count=12453 127 20469 6150 16850 319 375 1779 1995 1639 3879 3598 7106 158 83 329 302 198 9230 11428 1155
internal_value=0.000436747 -0.114347 0.0571007 -0.042942 0.136715 0.23658 0.0426062 0.394997 -0.261412 0.316894 0.148618 0.474967 1.18574 2.15223 1.06284 1.51253 1.69491 -0.00463723 -0.212006 -0.652682
internal_weight=99622 32922 66700 29560 37140 21760 6363 2945 3418 15397 7477 7920 814 439 950 631 356 15380 12710 1282
internal_count=99622 32922 66700 29560 37140 21760 6363 2945 3418 15397 7477 7920 814 439 950 631 356 15380 12710 1282
cat_boundaries=0 3 5 7 10 12 15 17 19 21 24 26 28 29 31 32
cat_threshold=349188556 12812401 1 1644761539 4818 2619664118 2084 1208239107 1429753216 2 2685125136 704911366 1090519043 3292021888 2 26220552 66 1623331073 410 1644234753 5721 1090519074 1161306752 2 1210059776 1409303936 1 1590272 17 42598408 1921 192
is_linear=0
shrinkage=0.0711242


Tree=218
num_leaves=21
num_cat=5
split_feature=9 1 1 7 10 9 1 1 9 10 9 9 10 1 7 4 10 10 7 4
split_gain=95036.9 353172 191095 258033 174115 127056 112216 81185.9 105107 85255.9 109615 77040 111422 162989 94318.5 152127 94945.9 85022.7 73020 79221.3
threshold=25.065000000000001 0 1 18.035000000000004 10.955000000000002 16.745000000000001 2 3 17.765000000000004 8.1450000000000014 21.265000000000004 7.5150000000000006 10.865 4 9.5650000000000031 1.5000000000000002 11.945000000000002 12.905000000000003 7.4350000000000014 3.5000000000000004
decision_type=8 1 1 2 10 10 1 1 10 8 10 10 10 1 2 2 10 10 2 2
left_child=1 5 3 4 -2 -1 -4 9 11 10 -3 12 18 -14 15 -15 -16 -18 19 -9
right_child=2 7 6 -5 -6 -7 -8 8 -10 -11 -12 -13 13 14 16 -17 17 -19 -20 -21
leaf_value=4.037480940075441 2.9188048791483072 -0.023597184203225693 -0.33715386977622269 4.0963318804349003 -0.48454222039960615 0.94442818538590789 -0.032574707474174729 -0.022763552599700965 -0.34768117079516786 0.16486607059456046 -1.0040039789696147 0.072585610532746439 -0.10350383870539449 2.5732866856767966 -0.33598514234769644 -1.2738088164622496 -3.9795846059167044 -1.742342689133505 -0.051855555162432149 3.2378907456289392
leaf_weight=70 102 4001 8500 124 298 1627 21808 79 4932 26084 674 22888 1463 75 190 169 107 437 5531 72
leaf_count=70 102 4001 8500 124 298 1627 21808 79 4932 26084 674 22888 1463 75 190 169 107 437 5531 72
internal_value=0.00902798 0.0557602 -0.0946445 1.2392 0.383756 1.06594 -0.118079 0.0298941 -0.0426911 0.114699 -0.16496 0.00580162 -0.182373 -0.584257 -1.28911 -0.0907986 -1.70496 -2.18296 -0.00971599 1.53295
internal_weight=99231 68399 30832 524 400 1697 30308 66702 35943 30759 4675 31011 8123 2441 978 244 734 544 5682 151
internal_count=99231 68399 30832 524 400 1697 30308 66702 35943 30759 4675 31011 8123 2441 978 244 734 544 5682 151
cat_boundaries=0 2 4 6 8 10
cat_threshold=13795364 261 1627390600 4608 303681554 2282 1343051794 2746 2097352 4096
is_linear=0
shrinkage=0.0711242


Tree=219
num_leaves=21
num_cat=11
split_feature=3 1 1 3 3 9 10 1 3 1 3 9 9 9 3 10 3 9 10 10
split_gain=116207 220652 135940 119841 115774 200927 147633 183063 146342 98423.9 104845 162346 137341 135013 115459 184733 97575.4 100716 123779 121377
threshold=0 1 2 3 4 11.895000000000001 30.005000000000006 5 6 7 8 7.6350000000000007 6.8850000000000007 9.1550000000000029 9 8.1450000000000014 10 5.7350000000000012 6.3650000000000011 7.8150000000000004
decision_type=9 1 1 9 9 10 8 1 9 1 9 8 10 10 9 8 9 8 10 10
left_child=1 4 3 -2 5 6 7 -1 -8 -6 11 -11 14 -14 15 -12 -9 -18 -19 -20
right_child=2 -3 -4 -5 9 -7 8 16 -10 10 12 -13 13 -15 -16 -17 17 18 19 -21
leaf_value=3.195087051806623 0.26871942802362342 -0.030030539310871046 -0.16731504326869934 -0.065062657071214641 0.32262974146277501 0.22688539838638905 1.7062661670636052 0.30369427745513294 -0.2120742568813227 -2.7610547410130297 0.13696568304983692 -0.37363909372055282 -1.5452740500843822 0.1207162302787136 0.04920710964163115 4.0376298480662518 0.34479824459308522 4.6484031073867031 -0.43055326481602818 1.9304347892518345
leaf_weight=217 8908 29449 28734 13953 4371 6501 254 651 840 160 110 1442 293 1534 247 139 329 71 131 691
leaf_count=217 8908 29449 28734 13953 4371 6501 254 651 840 160 110 1442 293 1534 247 139 329 71 131 691
internal_value=0.00950735 0.0898565 -0.0643605 0.0650597 0.286112 0.45314 0.916503 1.26689 0.247074 0.0908058 -0.167525 -0.608423 0.137844 -0.146523 1.18792 2.22574 1.02085 1.39728 1.80061 1.55416
internal_weight=99025 47430 51595 22861 17981 9685 3184 2090 1094 8296 3925 1602 2323 1827 496 249 1873 1222 893 822
internal_count=99025 47430 51595 22861 17981 9685 3184 2090 1094 8296 3925 1602 2323 1827 496 249 1873 1222 893 822
cat_boundaries=0 3 5 7 9 11 13 15 17 20 22 24
cat_threshold=2692535048 3969481936 5 3259472296 25 700179029 5376 67780 2523181 6848768 1813541056 200744 8 2621696 4096 4425768 9 262664 2147484688 1 2147500032 8388608 2621440 201334912
is_linear=0
shrinkage=0.0711242


Tree=220
num_leaves=21
num_cat=11
split_feature=3 9 0 3 3 9 2 9 3 10 2 7 3 10 9 9 0 9 3 0
split_gain=159906 67702.8 59049.5 119033 93913.9 220302 72803.8 74331 90018.7 80894.3 71892.9 71556 61282.5 61199.6 73310.9 78002 71577.4 56958.3 162159 86321.3
threshold=0 47.595000000000006 1 2 3 4.0150000000000006 4 7.6350000000000007 5 31.925000000000004 6 16.365000000000006 7 7.0050000000000008 21.845000000000002 17.415000000000003 8 4.2650000000000006 9 10
decision_type=9 10 1 9 9 8 1 10 9 10 1 2 9 10 10 10 1 8 9 1
left_child=2 17 3 -1 5 10 -7 8 -8 11 -4 -10 -9 -14 15 -15 -16 18 19 -2
right_child=1 -3 4 -5 -6 6 7 12 9 -11 -12 -13 13 14 16 -17 -18 -19 -20 -21
leaf_value=0.1749131044693274 1.8802325169107745 -0.85430221178371579 0.92661810310939563 -0.24066038647422028 0.0408860322161489 0.39298554472325853 0.99806055293953266 -0.12838261479940521 0.41495554387990941 -3.0063821267516393 3.8282337154517165 -1.9962567637038182 -0.50511187180825157 0.36601486744967243 0.63341354938424244 1.4456807163793486 -0.18495634659446708 -0.063999545282268033 -1.1095762605182142 -0.06885272709928858
leaf_weight=7051 132 575 108 6878 19845 7862 105 2620 140 105 102 112 414 821 910 576 1305 48066 922 605
leaf_count=7051 132 575 108 6878 19845 7862 105 2620 140 105 102 112 414 821 910 576 1305 48066 922 605
internal_value=0.00205347 -0.0869989 0.093553 -0.0303185 0.14281 0.27594 0.244022 0.0785911 -0.793557 -1.31183 2.56331 -0.657011 0.139347 0.313118 0.407778 0.811237 0.153295 -0.0781421 -0.487868 0.30091
internal_weight=99254 50300 48954 13929 35025 15180 14970 7108 462 357 210 252 6646 4026 3612 1397 2215 49725 1659 737
internal_count=99254 50300 48954 13929 35025 15180 14970 7108 462 357 210 252 6646 4026 3612 1397 2215 49725 1659 737
cat_boundaries=0 3 4 6 9 10 12 13 16 17 19 20
cat_threshold=3945099512 474510192 5 10 3810816144 268443712 167837728 205542192 5 139 32 16640 17 33554432 134238464 1 4 67144706 572721152 1
is_linear=0
shrinkage=0.0711242


Tree=221
num_leaves=21
num_cat=1
split_feature=10 11 9 9 7 9 8 10 9 9 10 10 9 4 10 9 2 8 7 9
split_gain=93412.4 81420.1 114192 108034 147558 85637 91053.9 114666 81300.5 74915.3 69960.9 67455.1 67344.5 67229.2 110488 106746 86290 67203.6 94353.5 84241.5
threshold=25.035000000000004 1.0000000180025095e-35 10.355000000000002 9.0450000000000017 12.935 9.8250000000000011 1.2500000000000002 33.155000000000008 9.9350000000000005 44.785000000000004 26.085000000000004 37.045000000000009 10.145000000000001 4.5000000000000009 40.82500000000001 8.0050000000000008 0 1.8500000000000003 10.425000000000002 14.255000000000001
decision_type=8 2 10 8 2 10 2 8 10 10 8 10 8 2 8 8 1 2 2 10
left_child=-1 5 3 11 12 6 7 -2 -7 -10 -8 -3 -5 14 16 -15 -12 -4 -19 -20
right_child=1 2 17 4 -6 8 10 -9 9 -11 13 -13 -14 15 -16 -17 -18 18 19 -21
leaf_value=0.053063870311626564 1.7175608031757836 -0.080349946110486375 -1.1614942737278151 3.8112435245971517 -0.099035595630145856 2.316187112851043 -2.4611350271097003 -0.16554810120448843 0.029642851858598253 -0.64378689749046747 -1.4629691672057077 -2.0969910569573225 1.0497797098212061 1.1074563710018732 -2.012069728089902 -0.79209050072803888 -0.10172458557106082 -1.3369855997011406 1.3468718887173989 -0.34179090216749275
leaf_weight=68704 180 1223 858 103 229 77 104 1784 20537 871 326 90 79 271 315 334 809 450 165 1577
leaf_count=68704 180 1223 858 103 229 77 104 1784 20537 871 326 90 79 271 315 334 809 450 165 1577
internal_value=0.00714082 -0.0967066 -0.366367 0.0963049 1.10251 -0.0464337 -0.343338 0.00710645 0.0105437 0.00224132 -0.662118 -0.218712 2.61367 -0.570971 -0.833733 0.0588164 -0.506576 -0.627886 -0.418981 -0.181783
internal_weight=99086 30382 4774 1724 411 25608 4123 1964 21485 21408 2159 1313 182 2055 1450 605 1135 3050 2192 1742
internal_count=99086 30382 4774 1724 411 25608 4123 1964 21485 21408 2159 1313 182 2055 1450 605 1135 3050 2192 1742
cat_boundaries=0 1
cat_threshold=1
is_linear=0
shrinkage=0.0711242


Tree=222
num_leaves=21
num_cat=18
split_feature=3 1 1 3 6 3 1 1 3 1 3 3 1 1 1 3 3 3 4 3
split_gain=140514 220718 159070 142465 87642 189311 118980 104480 143081 101585 100887 77564.5 106885 98455.7 74449.2 68355.2 68206.3 67371.8 66651.2 161750
threshold=0 1 2 3 1.0000000180025095e-35 4 5 6 7 8 9 10 11 12 13 14 15 16 5.5000000000000009 17
decision_type=9 1 1 9 2 9 1 1 9 1 9 9 1 1 1 9 9 9 2 9
left_child=1 3 4 -1 7 9 15 8 -2 -6 14 12 -3 -13 17 -7 -16 -9 -4 -20
right_child=2 11 18 -5 5 6 -8 10 -10 -11 -12 13 -14 -15 16 -17 -18 -19 19 -21
leaf_value=-0.020156195095611711 -0.98261909483126131 0.3989933249332866 0.086793238238568091 0.50717850950414944 0.028588691565800881 0.16756481170800042 0.074774300881139455 0.81131364136364015 -0.23576578976351684 -0.68103127710887967 -0.35544777503753089 -0.35998892834751783 -0.023508612446845108 0.019245871338895298 0.68046053387233862 1.2764235229224341 -0.28480912086742277 0.048759920680805126 0.28809542669604826 -0.56448081442811437
leaf_weight=3628 2194 4739 27504 9112 2035 431 2410 954 3208 2044 6651 5136 8367 10593 413 880 2997 1512 1939 2661
leaf_count=3628 2194 4739 27504 9112 2035 431 2410 954 3208 2044 6651 5136 8367 10593 413 880 2997 1512 1939 2661
internal_value=0.010963 0.11068 -0.0607304 0.357111 -0.19246 0.00648326 0.372814 -0.279117 -0.540363 -0.327807 -0.165894 0.00171435 0.129453 -0.104737 0.0489023 0.915943 -0.166239 0.345866 0.0448686 -0.205703
internal_weight=99408 41575 57833 12740 25729 7800 3721 17929 5402 4079 12527 28835 13106 15729 5876 1311 3410 2466 32104 4600
internal_count=99408 41575 57833 12740 25729 7800 3721 17929 5402 4079 12527 28835 13106 15729 5876 1311 3410 2466 32104 4600
cat_boundaries=0 3 5 7 10 12 14 16 18 20 22 25 27 29 31 33 35 37 39
cat_threshold=914641425 4015154249 3 3342961024 328 4267854753 4616 880803840 2151810048 2 24256714 279451824 3254913152 512 1107312769 512 3355575758 262820 1914701985 4096 2306376072 2687632 914620416 3225568256 3 674891312 1024 2754152 6 201327392 8 2148042756 262144 16777216 524288 2153808128 65552 2154831976 278922002
is_linear=0
shrinkage=0.0711242


Tree=223
num_leaves=21
num_cat=13
split_feature=1 3 3 10 3 1 3 1 3 3 10 10 1 3 1 6 10 1 7 7
split_gain=122808 175793 170001 73458.2 138058 59106.7 136542 57881.9 116679 99016.9 84011.7 61417.8 63862.3 50600.7 57345.5 86966 63515.3 50568.1 121765 111362
threshold=0 1 2 42.695000000000007 3 4 5 6 7 8 3.6750000000000003 15.555000000000001 9 10 11 1.0000000180025095e-35 37.82500000000001 12 12.445000000000002 17.025000000000002
decision_type=1 9 9 10 9 1 9 1 9 9 8 10 1 9 1 2 8 1 2 2
left_child=1 -1 5 13 17 6 -2 8 10 -9 -4 12 -12 14 15 -3 -16 19 -19 -5
right_child=2 3 7 4 -6 -7 -8 9 -10 -11 11 -13 -14 -15 16 -17 -18 18 -20 -21
leaf_value=-0.15143802406132692 0.29571760083708287 -0.16509806244315484 2.0564331152059454 -0.36616634602830062 -0.48874003152407869 0.14191558409885582 -0.40279106859176816 -0.067602456101272773 -0.22782229217732755 -0.40896344004196711 1.8185161433355275 -0.13096185119003839 0.23124027128613081 0.17491105215189295 0.91910671179497083 0.93639438506590433 -0.055963305423619429 3.7195176066902218 0.55452093109877487 2.6077835950800341
leaf_weight=11413 2371 1242 113 391 1968 16999 3485 7447 11558 10206 123 3207 4048 21667 1620 512 427 80 265 76
leaf_count=11413 2371 1242 113 391 1968 16999 3485 7447 11558 10206 123 3207 4048 21667 1620 512 427 80 265 76
internal_value=-0.0128993 0.0840557 -0.0774661 0.179222 -0.167862 0.074795 -0.119954 -0.172276 -0.0861794 -0.26508 0.132376 0.103063 0.282999 0.217179 0.456453 0.155575 0.712236 0.608329 1.25289 0.115734
internal_weight=99218 39661 59557 28248 2780 22855 5856 36702 19049 17653 7491 7378 4171 25468 3801 1754 2047 812 345 467
internal_count=99218 39661 59557 28248 2780 22855 5856 36702 19049 17653 7491 7378 4171 25468 3801 1754 2047 812 345 467
cat_boundaries=0 2 5 8 10 12 14 16 18 20 21 23 25 26
cat_threshold=824677548 525 1082807555 1362100773 1 1476597076 1160780598 7 570433552 37769680 201334802 288 1476399376 1073745938 206594834 2464 2276460578 2717909185 71582249 411296768 1056768 2166358080 43008 553686020 516 299016
is_linear=0
shrinkage=0.0711242


Tree=224
num_leaves=21
num_cat=14
split_feature=3 1 1 3 9 3 1 9 1 3 3 1 9 4 1 9 3 3 3 9
split_gain=122697 193378 138363 119462 95826.4 89544.3 106870 81364 80433.4 73639.5 72010.4 96549.2 79872 98526.3 70223.3 106627 134683 107551 85535.8 79988.2
threshold=0 1 2 3 3.0050000000000003 4 5 35.245000000000012 6 7 8 9 10.775 1.0000000180025095e-35 10 7.6350000000000007 11 12 13 6.7550000000000008
decision_type=9 1 1 9 8 9 1 8 1 9 9 1 10 2 1 8 9 9 9 10
left_child=1 5 3 4 -2 -1 -7 -5 9 -6 11 12 13 -4 15 16 -12 -17 -16 -20
right_child=2 -3 10 7 8 6 -8 -9 -10 -11 14 -13 -14 -15 18 17 -18 -19 19 -21
leaf_value=-0.084908064721344087 2.5530912351526691 0.052715515270434783 2.4518057351467015 -0.13497385107552395 0.29479075095721907 -0.16205680718217813 -0.64915513387593127 -0.74277104691000773 0.28742511040591523 -0.43308451088110489 2.0397197465907579 -0.044670617013193983 0.13559072955293952 0.59319594964626599 0.43208909670274526 0.5430427164122914 0.44543770430909052 0.038624703388077379 -0.70708973318087021 0.074016798648975576
leaf_weight=8436 83 26111 167 11214 1097 4568 4582 1237 5507 1925 421 11184 2297 1058 3234 4709 760 3926 746 5969
leaf_count=8436 83 26111 167 11214 1097 4568 4582 1237 5507 1925 421 11184 2297 1058 3234 4709 760 3926 746 5969
internal_value=0.0190708 -0.0700811 0.0892167 -0.0543963 0.149173 -0.252331 -0.406425 -0.195206 0.125928 -0.16876 0.17696 0.0576741 0.381866 0.846731 0.265638 0.40067 1.03491 0.31438 0.13214 -0.0127488
internal_weight=99231 43697 55534 21063 8612 17586 9150 12451 8529 3022 34471 14706 3522 1225 19765 9816 1181 8635 9949 6715
internal_count=99231 43697 55534 21063 8612 17586 9150 12451 8529 3022 34471 14706 3522 1225 19765 9816 1181 8635 9949 6715
cat_boundaries=0 3 5 7 10 12 14 16 18 21 23 25 27 30 32
cat_threshold=3883961316 1637419795 4 588072328 8080 1479546481 2156 7012354 2288402564 2 645955652 563611648 553731072 2944 2097185 104 2 2285895812 7872512 2321695876 2 197000 3 2194442370 5760 268506112 268439552 134497296 268447840 1 196619 294920
is_linear=0
shrinkage=0.0711242


Tree=225
num_leaves=21
num_cat=16
split_feature=3 1 1 3 3 1 3 1 3 1 3 0 4 3 11 7 1 1 3 4
split_gain=97604.9 132219 99581 108594 105982 100314 66996 76483 61022.8 57357.6 62514.3 56650 53190.4 154624 52371.6 59177.8 73219 51399.1 78943 98894.9
threshold=0 1 2 3 4 5 6 7 8 9 10 11 1.5000000000000002 12 1.0000000180025095e-35 9.6250000000000018 13 14 15 2.5000000000000004
decision_type=9 1 1 9 9 1 9 1 9 1 9 1 2 9 2 2 1 1 9 2
left_child=1 6 3 9 5 8 -1 -8 11 10 12 14 13 -2 -4 -16 -17 18 -6 -20
right_child=2 -3 4 -5 17 -7 7 -9 -10 -11 -12 -13 -14 -15 15 16 -18 -19 19 -21
leaf_value=-0.1383004399387984 2.0649938253011255 0.0039033772926695604 0.70471112276075576 0.024015866944849747 -1.2980736747677124 -0.021973454458946783 -0.2112069076144838 -0.75896615228386799 0.13102959656133142 0.20166696122870731 0.22802443932169339 0.22811691277710275 1.0465119276219659 -0.48626882270589494 0.36303341054048233 3.6631120512366588 0.86315426500836268 -0.090564797059686356 -1.1365626011965138 0.78355693238095481
leaf_weight=6153 157 20837 1122 16735 451 7106 2604 2597 2233 9416 1849 1000 1406 420 109 105 118 24466 236 319
leaf_count=6153 157 20837 1122 16735 451 7106 2604 2597 2233 9416 1849 1000 1406 420 109 105 118 24466 236 319
internal_value=-0.000708526 -0.102537 0.0480438 0.144513 -0.0295921 0.14661 -0.297707 -0.485658 0.4017 0.296591 0.528697 0.64645 0.806479 0.235485 0.930607 1.72166 2.38533 -0.111196 -0.607064 -0.0323914
internal_weight=99439 32191 67248 29983 37265 11793 11354 5201 4687 13248 3832 2454 1983 577 1454 332 223 25472 1006 555
internal_count=99439 32191 67248 29983 37265 11793 11354 5201 4687 13248 3832 2454 1983 577 1454 332 223 25472 1006 555
cat_boundaries=0 3 5 7 10 12 14 16 18 20 22 24 25 27 29 30 32
cat_threshold=2217750848 1485217807 3 3830583810 6286 4237039630 6322 952257579 3736224 4 1111541252 2688553488 39846592 588 70254912 1216618504 72482818 140 33572352 541065232 268961792 6146 138543114 3211808 37 2 2097184 2097280 64 64 269223960 101206080
is_linear=0
shrinkage=0.0711242


Tree=226
num_leaves=21
num_cat=5
split_feature=1 11 9 1 1 9 9 6 9 9 9 9 1 9 9 1 9 9 9 9
split_gain=50868 85627.6 180016 118244 114408 88395 74059.5 107974 64709.7 63548.2 100165 56535.6 55221.1 128230 51713 51268.1 74707.5 48881.3 46461.6 42199.5
threshold=0 1.0000000180025095e-35 4.495000000000001 1 2 14.755000000000001 9.1550000000000029 1.0000000180025095e-35 36.045000000000009 5.2550000000000008 7.3950000000000005 34.125000000000007 3 9.3850000000000033 26.125000000000004 4 28.955000000000002 10.465000000000002 6.1950000000000012 4.705000000000001
decision_type=1 2 10 1 1 10 8 2 8 10 10 10 1 10 8 1 10 10 10 10
left_child=1 6 4 5 -3 9 7 -1 12 -4 18 -5 14 -14 17 16 -7 -8 -11 -9
right_child=-2 2 3 11 -6 15 8 19 -10 10 -12 -13 13 -15 -16 -17 -18 -19 -20 -21
leaf_value=-0.57443344541609676 -0.024177066708183825 2.8105388928763171 -1.5663771444644627 -0.49369515119980018 0.34276147408930446 1.0429196610958795 -0.7663358630214826 -0.79955693225853497 -0.05156665981091333 0.72030731480281562 0.33165983622099793 -2.5363787785771659 3.0948181531824006 0.33806548997358249 -0.69375438593686001 -0.74983365693679593 -0.58084050140448551 0.19337137203561719 2.8519125337688886 0.77710921944049527
leaf_weight=1502 70522 146 72 3121 270 265 283 102 4249 86 1123 70 86 10052 400 667 312 5201 130 541
leaf_count=1502 70522 146 72 3121 270 265 283 102 4249 86 1123 70 86 10052 400 667 312 5201 130 541
internal_value=0.00830329 0.0881532 -0.144341 -0.246074 1.28505 0.105086 0.153141 -0.244274 0.195195 0.490809 0.601523 -0.536891 0.260636 0.361121 0.0867373 -0.331577 0.162141 0.143834 2.00386 0.526924
internal_weight=99200 28678 6262 5846 416 2655 22416 2145 20271 1411 1339 3191 16022 10138 5884 1244 577 5484 216 643
internal_count=99200 28678 6262 5846 416 2655 22416 2145 20271 1411 1339 3191 16022 10138 5884 1244 577 5484 216 643
cat_boundaries=0 2 4 6 8 9
cat_threshold=2330704 4693 135248 4608 65536 4164 2097168 576 131136
is_linear=0
shrinkage=0.0711242


Tree=227
num_leaves=21
num_cat=11
split_feature=3 2 3 10 3 2 4 10 10 10 3 3 10 0 10 3 3 8 4 3
split_gain=181535 62587.9 93777.1 83628.5 120995 84026.4 111823 94314.6 77684.2 62715.3 62360 58119 56598.1 53941.9 99042.6 76972.1 49118.6 49104.2 42607.3 86321.5
threshold=0 1 2 4.5650000000000004 3 4 4.5000000000000009 6.1250000000000009 7.3650000000000011 3.6750000000000003 5 6 8.5750000000000011 7 8.2450000000000028 8 9 1.1500000000000001 3.5000000000000004 10
decision_type=9 1 9 8 9 1 2 8 8 10 9 9 10 1 10 9 9 2 2 9
left_child=-1 11 18 4 -4 7 8 -5 16 -6 12 -2 17 14 -8 -15 -7 -10 19 -3
right_child=1 2 3 5 9 6 13 -9 10 -11 -12 -13 -14 15 -16 -17 -18 -19 -20 -21
leaf_value=-0.13123109740725197 0.037258036693891813 0.30852716180737838 -0.75408053378987083 1.4833219751096363 1.0145996148490797 -2.7736551551363307 2.2900255774525529 -0.0086885051431407102 2.1765234758689247 3.5838061197546902 -0.58320253374225839 0.23382650123163645 -0.21153737526831726 -0.94108436912075444 0.21499069363680212 0.27736535546043489 -0.73613718809649886 -0.27439959579539291 0.2801580926869417 -0.16314816233505253
leaf_weight=37011 14526 3304 119 220 106 102 127 8184 97 88 3509 16002 2516 470 1379 573 185 72 5925 4804
leaf_count=37011 14526 3304 119 220 106 102 127 8184 97 88 3509 16002 2516 470 1379 573 185 72 5925 4804
internal_value=-0.00648833 0.0676192 -0.00225651 -0.110873 1.04118 -0.131625 -0.282089 0.0303481 -0.439365 2.07423 -0.386345 0.140337 -0.126421 0.116689 0.387527 -0.275451 -1.58315 1.13274 0.135087 0.0292394
internal_weight=99319 62308 31780 17747 313 17434 9030 8404 6481 194 6194 30528 2685 2549 1506 1043 287 169 14033 8108
internal_count=99319 62308 31780 17747 313 17434 9030 8404 6481 194 6194 30528 2685 2549 1506 1043 287 169 14033 8108
cat_boundaries=0 3 4 6 8 9 11 13 14 16 18 20
cat_threshold=2418195793 2742652944 2 228 134807552 478571873 541327872 1073741824 18 646185000 640 39141416 478560801 44 68435972 1073742474 33571328 512 589824 281601
is_linear=0
shrinkage=0.0711242


Tree=228
num_leaves=21
num_cat=12
split_feature=3 11 10 3 2 4 3 2 3 2 2 3 3 4 3 4 10 3 10 10
split_gain=107566 58036.7 90163.6 106481 118779 279285 103501 93509.2 93435.9 109754 92347 89915.6 89850 82840.6 82743.7 75901.1 157940 83227.6 79754.1 60031.7
threshold=0 1.0000000180025095e-35 14.745000000000003 1 2 5.5000000000000009 3 4 5 6 7 8 9 1.5000000000000002 10 2.5000000000000004 7.0050000000000008 11 4.5650000000000004 45.07500000000001
decision_type=9 2 10 9 1 2 9 1 9 1 1 9 9 2 9 2 8 9 10 10
left_child=-1 19 3 4 5 6 -3 15 9 11 14 -4 -12 -8 -10 17 18 -5 -17 -2
right_child=1 2 8 7 -6 -7 13 -9 10 -11 12 -13 -14 -15 -16 16 -18 -19 -20 -21
leaf_value=-0.083364208186086128 0.12184125366787189 -1.0480774584991763 2.7584622392222164 1.2885295132522092 0.21980976120987111 5.4832808516000426 -0.1312252189871049 -0.42608259505780877 -0.10718056944742445 -0.28712350382810448 -0.8055770574725617 0.49933170932800708 0.21677380806877741 2.479126642877524 -1.1247278194939279 0.51565127977008607 0.048045220019623004 -0.81051779331114648 3.4529101983764212 -0.31473089082637618
leaf_weight=45592 40198 114 106 119 2679 74 98 2314 591 915 641 453 1302 165 1354 70 376 363 141 1659
leaf_count=45592 40198 114 106 119 2679 74 98 2314 591 915 641 453 1302 165 1354 70 376 363 141 1659
internal_value=-0.00302153 0.0651532 -0.0736119 0.104211 0.402434 1.4587 0.706324 -0.172392 -0.289604 0.192605 -0.4717 0.969021 -0.12292 1.45155 -0.817689 0.375607 0.922135 -0.282231 2.47908 0.104537
internal_weight=99324 53732 11875 6513 3130 451 377 3383 5362 1474 3888 559 1943 263 1945 1069 587 482 211 41857
internal_count=99324 53732 11875 6513 3130 451 377 3383 5362 1474 3888 559 1943 263 1945 1069 587 482 211 41857
cat_boundaries=0 2 5 6 8 9 12 13 14 17 19 21 23
cat_threshold=3087966126 2721662002 100671568 419863424 3 65 67117072 640 18 26230848 71311364 6 84 69 16384 4 2 33554448 8818760 35651584 1342341192 1130496 1073741824
is_linear=0
shrinkage=0.0711242


Tree=229
num_leaves=21
num_cat=13
split_feature=3 1 1 3 3 1 3 9 9 3 1 3 4 1 3 3 9 9 9 9
split_gain=113281 223656 140680 136461 128965 126935 125940 107963 213881 351592 205592 142613 144604 121892 93234.2 85273.6 103094 83361.2 82748.6 283997
threshold=0 1 2 3 4 5 6 9.2750000000000004 10.775 7 8 9 4.5000000000000009 10 11 12 38.165000000000006 3.0050000000000003 5.7350000000000012 5.2550000000000008
decision_type=9 1 1 9 9 1 9 8 10 9 1 9 2 1 9 9 10 10 10 10
left_child=2 4 3 -1 -2 14 -3 11 9 10 -9 -5 13 -13 17 16 -7 -6 19 -16
right_child=1 6 -4 7 5 15 -8 8 -10 -11 -12 12 -14 -15 18 -17 -18 -19 -20 -21
leaf_value=0.26809959458975346 0.037985208420352475 -0.20193263538172032 -0.032995880045946939 -2.686678913501841 2.0512486018599985 0.25002566291813022 0.060769275026881606 5.0203666089521954 -0.53591024743901416 -0.35991071226632465 0.64970228707053435 -3.4678824687224861 0.3785958779630107 -0.90147098016087868 0.88527201662433419 -0.027818355669956083 1.4922015334121876 0.10783853312184376 0.62713451752511218 5.3798606588581235
leaf_weight=1381 12448 17546 27545 217 117 1491 19464 119 4274 457 116 101 408 830 494 4942 437 2406 4440 83
leaf_count=1381 12448 17546 27545 217 117 1491 19464 119 4274 457 116 101 408 830 494 4942 437 2406 4440 83
internal_value=-0.00700503 0.0495844 -0.108948 -0.373289 0.205786 0.350612 -0.0637956 -0.509304 -0.348091 0.811856 2.97847 -1.02704 -0.732385 -1.22712 0.552123 0.128963 0.528889 0.197247 0.729833 1.53253
internal_weight=99316 63868 35448 7903 26858 14410 37010 6522 4966 692 235 1556 1339 931 7540 6870 1928 2523 5017 577
internal_count=99316 63868 35448 7903 26858 14410 37010 6522 4966 692 235 1556 1339 931 7540 6870 1928 2523 5017 577
cat_boundaries=0 3 5 7 10 12 14 16 18 19 21 22 24 27
cat_threshold=1615438194 1075038664 3 2766554257 4952 1348732289 512 16 147712 1 2201230348 2174747700 2753822864 4672 436355584 785134097 4759552 1081344 1342177664 1614807042 72 128 134217856 637796864 134217728 235143680 4
is_linear=0
shrinkage=0.0711242


Tree=230
num_leaves=21
num_cat=10
split_feature=3 2 3 9 3 9 9 3 9 11 3 8 2 3 9 7 2 3 9 9
split_gain=133258 70809 174752 102536 71950 103198 164739 116100 89354.6 104644 92213.5 75304.4 69201.6 78054.8 61207.9 56734.5 53215.9 77079.6 95690.6 69156.4
threshold=0 1 2 14.965000000000002 3 7.3950000000000005 5.4250000000000007 4 9.4950000000000028 1.0000000180025095e-35 5 0.95000000000000007 6 7 6.0550000000000006 18.735000000000003 8 9 8.5850000000000026 18.695000000000004
decision_type=9 1 9 8 9 8 10 9 10 2 9 2 1 9 10 2 1 9 8 10
left_child=1 2 -1 -4 5 6 11 -8 10 -10 -6 -3 13 -5 -9 -13 17 -2 -19 -18
right_child=16 4 3 12 8 -7 7 14 9 -11 -12 15 -14 -15 -16 -17 19 18 -20 -21
leaf_value=-0.10466836221666347 -0.15240170334668574 -1.8496062216392339 0.72966485301164663 1.9607232904258041 -0.11089906944651792 0.11407105338433679 3.6244029437183038 2.5558622620266869 0.10602287323847523 -0.33838410045764455 -0.94858792713688311 1.1247413079800219 -0.80073604096651474 0.015539994170896389 0.50907472926776065 -0.95214446738096892 -0.055299021625032349 2.3790664707274249 0.14520687323268891 -0.24795989863151766
leaf_weight=3575 6498 101 3729 118 1876 13121 121 102 13296 3357 1028 191 391 575 268 102 27639 98 8793 14302
leaf_count=3575 6498 101 3729 118 1876 13121 121 102 13296 3357 1028 191 391 575 268 102 27639 98 8793 14302
internal_value=-0.00898256 0.087334 0.272063 0.551526 0.041099 0.164097 0.907551 1.7767 -0.0470269 0.0164356 -0.411105 -0.175722 -0.0562013 0.370135 1.04555 0.401658 -0.0794632 0.0336597 0.169662 -0.120968
internal_weight=99281 41951 8388 4813 33563 14006 885 491 19557 16653 2904 394 1084 693 370 293 57330 15389 8891 41941
internal_count=99281 41951 8388 4813 33563 14006 885 491 19557 16653 2904 394 1084 693 370 293 57330 15389 8891 41941
cat_boundaries=0 3 4 6 9 11 13 14 16 17 19
cat_threshold=3297386856 1833699566 6 72 76030016 1074268384 75628552 1074530528 6 0 524416 532768 155189256 64 1073741824 14 130 306448896 271741953
is_linear=0
shrinkage=0.0711242


Tree=231
num_leaves=21
num_cat=16
split_feature=3 1 9 11 1 3 3 1 3 1 1 3 9 11 1 1 3 1 1 3
split_gain=118691 141967 99696.6 313994 217600 246074 224785 215104 153258 135459 128691 154075 143319 127075 140904 126331 125794 155652 123947 212403
threshold=0 1 13.765000000000002 1.0000000180025095e-35 2 3 4 5 6 7 8 9 13.465000000000002 1.0000000180025095e-35 10 11 12 13 14 15
decision_type=9 1 10 2 1 9 9 1 9 1 1 9 8 2 1 1 9 1 1 9
left_child=1 -1 4 9 5 -2 -6 8 15 -4 11 12 -7 14 -8 -5 17 -9 -15 -20
right_child=2 -3 3 7 6 10 13 16 -10 -11 -12 -13 -14 18 -16 -17 -18 -19 19 -21
leaf_value=0.059406235696353685 0.74480433220827158 -0.21934707237144188 -0.54825270263825898 1.537440320493489 -0.34428120066157614 0.82822822604912749 -1.2001846678133288 0.22617796607572191 -0.38297729082833692 0.11497499389897063 -0.21269230982940471 -0.17683554428223439 3.3280119594895683 1.2729593220995317 0.16985080731585581 -0.064403459919992537 -1.4215669385964269 -1.2866736349137771 1.9200783155582217 -0.4271503616413001
leaf_weight=15936 5463 21990 1634 435 5881 676 403 767 2803 29787 3203 730 140 1020 4701 572 1373 613 250 771
leaf_count=15936 5463 21990 1634 435 5881 676 403 767 2803 29787 3203 730 140 1020 4701 572 1373 613 250 771
internal_value=-0.00337845 -0.102234 0.0578682 -0.0131134 0.173917 0.419511 -0.0189308 -0.460552 -0.112705 0.0803455 0.0445239 0.575349 1.2422 0.248971 0.0596385 0.635939 -0.938118 -0.450295 0.723637 0.160748
internal_weight=99148 37926 61222 37984 23238 10212 13026 6563 3810 31421 4749 1546 816 7145 5104 1007 2753 1380 2041 1021
internal_count=99148 37926 61222 37984 23238 10212 13026 6563 3810 31421 4749 1546 816 7145 5104 1007 2753 1380 2041 1021
cat_boundaries=0 3 5 7 9 11 13 15 17 19 21 23 25 27 29 31 33
cat_threshold=759698235 771983640 7 344307764 2365 2720875697 3726 271018176 295973920 2451777664 3494129698 2161798146 2373 3264233476 1073741984 235143304 1536 539508768 654 1107330052 540805 4206596 289 2149190656 64 280240324 3238016033 102516 8 1493176840 4096 295936 516
is_linear=0
shrinkage=0.0711242


Tree=232
num_leaves=21
num_cat=5
split_feature=1 10 1 9 4 9 10 1 8 9 8 10 9 11 1 10 10 1 10 11
split_gain=81159.3 59990.1 94744.9 96748.3 151810 70612.8 133096 70485.1 66217.4 64878.5 60639.4 59167.1 58307.1 113564 164080 112364 103461 102209 116974 78072
threshold=0 35.175000000000004 1 8.8250000000000011 1.0000000180025095e-35 5.4250000000000007 31.925000000000004 2 1.3500000000000003 14.455000000000002 1.3500000000000003 27.295000000000005 7.5150000000000006 1.0000000180025095e-35 3 5.8550000000000013 14.635000000000003 4 17.415000000000003 1.0000000180025095e-35
decision_type=1 8 1 10 2 8 10 1 2 8 2 10 8 2 1 10 10 1 10 2
left_child=12 2 3 4 -2 -6 8 9 -7 -3 -8 -10 13 15 -15 -1 -16 18 -17 -14
right_child=1 7 -4 -5 5 6 10 -9 11 -11 -12 -13 19 14 16 17 -18 -19 -20 -21
leaf_value=-0.018667125319990537 3.0896425360770436 2.1696627200255785 0.065871333039639282 0.20009141765820726 -0.18565301271856527 1.5369504786203592 1.3880423146674616 -0.10351502762696208 0.91082166536452203 -0.22322196182206153 3.9109132326016129 -1.6350657183074615 0.0082624686672411428 -0.43672303454509315 1.0670883734937804 1.1309051260074261 -1.3088747505834117 -1.1300328921516649 -1.3518012635184498 -0.25534636795760574
leaf_weight=1214 157 136 41770 2003 303 128 96 12663 80 99 97 109 29164 1237 849 242 104 1630 159 7059
leaf_count=1214 157 136 41770 2003 303 128 96 12663 80 99 97 109 29164 1237 849 242 104 1630 159 7059
internal_value=-5.90222e-05 0.0546008 0.0935677 0.480843 1.06546 0.674281 1.18513 -0.0805321 0.288388 1.11448 2.65721 -0.557513 -0.0756852 -0.292932 0.102818 -0.560014 0.799318 -0.883581 0.142847 -0.0431091
internal_weight=99299 57641 44743 2973 970 813 510 12898 317 235 193 189 41658 5435 2190 3245 953 2031 401 36223
internal_count=99299 57641 44743 2973 970 813 510 12898 317 235 193 189 41658 5435 2190 3245 953 2031 401 36223
cat_boundaries=0 2 4 6 7 9
cat_threshold=3643355025 2065 8388616 514 637534208 128 419504512 16777216 16
is_linear=0
shrinkage=0.0711242


Tree=233
num_leaves=21
num_cat=5
split_feature=1 10 1 10 1 10 1 10 10 10 10 4 7 7 7 7 7 1 10 7
split_gain=110513 63871.6 144342 76246.9 81230.9 60610.8 75127.4 68901.5 84411.7 88726.1 68856.4 63447.7 61507.4 60392.2 55848.9 58472 50990.2 50814.2 66119.6 58739
threshold=0 33.155000000000008 1 23.425000000000004 2 34.045000000000009 3 26.785000000000004 24.275000000000002 24.845000000000002 29.055000000000003 3.5000000000000004 9.3150000000000031 6.2650000000000006 18.175000000000004 7.705000000000001 20.535000000000004 4 34.625000000000007 19.635000000000002
decision_type=1 8 1 10 1 10 1 10 10 10 10 2 2 2 2 2 2 1 8 2
left_child=1 2 -1 13 14 6 7 8 12 -10 -9 -11 -2 -4 15 -5 -16 -3 19 -19
right_child=5 17 3 4 -6 -7 -8 10 9 11 -12 -13 -14 -15 16 -17 -18 18 -20 -21
leaf_value=0.6873370127261571 1.66203823149078 -0.1942202674317485 1.6610950771079454 -0.87551059970851097 -0.27272742101351449 -0.31206287845069303 -0.065921479642990014 -0.67724073563821596 3.7820394523032821 0.32772124141360198 0.30158654579733057 2.4484159729524499 -0.092768317785378335 0.14216623415899499 -0.80667859661134167 0.74554915016738765 0.71806878378470695 -1.0222330093978673 0.14420729838565144 0.98131064941343049
leaf_weight=2223 127 6356 133 126 4766 4630 43003 484 76 203 1460 110 493 26300 347 1050 163 438 6563 89
leaf_count=2223 127 6356 133 126 4766 4630 43003 484 76 203 1460 110 493 26300 347 1050 163 438 6563 89
internal_value=0.00678923 0.0834281 0.133929 0.096279 -0.122898 -0.0667744 -0.0420759 0.304359 0.782235 1.6034 0.0578668 1.07349 0.266866 0.149814 0.300468 0.571811 -0.319316 -0.0483696 0.0825398 -0.683765
internal_weight=99140 48554 35108 32885 6452 50586 45956 2953 1009 389 1944 313 620 26433 1686 1176 510 13446 7090 527
internal_count=99140 48554 35108 32885 6452 50586 45956 2953 1009 389 1944 313 620 26433 1686 1176 510 13446 7090 527
cat_boundaries=0 2 4 6 8 10
cat_threshold=2512203950 313 8454152 1 266240 8 32768 514 2223579148 264
is_linear=0
shrinkage=0.0711242


Tree=234
num_leaves=21
num_cat=15
split_feature=3 1 1 3 3 9 1 1 9 3 1 9 3 1 3 9 1 1 4 3
split_gain=119203 187225 143293 183902 137639 110864 109098 94369 93778.3 191786 181737 120180 90348.5 88440.1 118411 88042.3 102353 88011.8 84483.1 82776.3
threshold=0 1 2 3 4 8.2350000000000012 5 6 13.165000000000001 7 8 12.685 9 10 11 7.5150000000000006 12 13 3.5000000000000004 14
decision_type=9 1 1 9 9 10 1 1 8 9 1 10 9 1 9 8 1 1 2 9
left_child=1 13 3 -2 6 7 -4 18 9 10 11 19 -10 14 -1 -9 -17 -7 -3 -8
right_child=2 5 4 -5 -6 17 8 15 12 -11 -12 -13 -14 -15 -16 16 -18 -19 -20 -21
leaf_value=0.17116159805606962 -0.24191742438183703 3.5187102416932929 -0.11925948663676109 0.070028022224302322 -0.013984557728562786 -1.2988874788018956 0.26942913277665126 0.055569892528343233 -0.11753647230856301 0.081544247788352467 0.50205740209775207 4.353880318253351 0.29759349972271032 -0.36935465391221867 -1.5214699101515821 2.1611853780195416 -0.10774105260488032 -0.060240531653605808 0.46422911680846668 1.7115890315444278
leaf_weight=286 18032 98 3851 20331 23629 299 281 1385 3688 3120 2773 73 9414 4735 806 236 177 4801 86 881
leaf_count=286 18032 98 3851 20331 23629 299 281 1385 3688 3120 2773 73 9414 4735 806 236 177 4801 86 881
internal_value=-0.00452823 -0.205984 0.0257067 -0.0766227 0.107987 0.0398282 0.227625 0.49128 0.293685 0.501443 0.826037 1.54352 0.180879 -0.504292 -1.08065 0.325566 1.23868 -0.135545 1.98419 1.37993
internal_weight=98982 12909 86073 38363 47710 7082 24081 1982 20230 7128 4008 1235 13102 5827 1092 1798 413 5100 184 1162
internal_count=98982 12909 86073 38363 47710 7082 24081 1982 20230 7128 4008 1235 13102 5827 1092 1798 413 5100 184 1162
cat_boundaries=0 3 5 7 9 12 14 15 17 19 21 23 25 27 28 30
cat_threshold=1237248 1179648 3 4039221541 7561 137386619 5482 827064337 1001189534 1900545209 1067561164 4 67240960 4 1232 525328 648065224 34079104 2176 1025 60854344 536969216 1024 131072 1048576 235143688 48 100925440 0 33562760
is_linear=0
shrinkage=0.0711242


Tree=235
num_leaves=21
num_cat=11
split_feature=3 9 3 2 9 3 2 3 4 3 3 9 3 10 10 4 0 4 9 0
split_gain=119094 65595.6 91392.7 74665.8 106436 137350 73860.4 164760 117611 106686 104065 78441.2 124670 119987 125036 112984 104930 80252.7 77785.1 70495
threshold=0 23.345000000000002 1 2 32.395000000000003 3 4 5 4.5000000000000009 6 7 8.1150000000000002 8 37.82500000000001 10.765000000000002 5.5000000000000009 9 2.5000000000000004 7.2750000000000012 10
decision_type=9 10 9 1 10 9 1 9 2 9 9 8 9 10 8 2 1 2 8 1
left_child=-1 6 -3 4 5 -4 7 8 -2 -10 11 12 13 14 19 16 -16 -14 -9 -8
right_child=1 2 3 -5 -6 -7 10 18 9 -11 -12 -13 17 -15 15 -17 -18 -19 -20 -21
leaf_value=-0.096809186868042116 0.42171070660813031 -0.22512775337886362 0.064609895147764773 -0.22406289258016718 0.074800529533311677 1.4363312094278839 0.7596582435032273 -0.93264012111897476 0.31334123138565556 -0.81604606345024289 0.31027982420255218 0.10752627721908301 -2.9720978705463397 2.0564607309822773 -0.7270854368820574 1.008328173523787 -2.8841369394861927 -0.78176997115637681 -0.18436918147794909 -0.70001144852746067
leaf_weight=43756 4578 8281 746 2626 5390 735 548 801 810 869 14238 8806 136 119 412 119 162 224 5727 231
leaf_count=43756 4578 8281 746 2626 5390 735 548 801 810 869 14238 8806 136 119 412 119 162 224 5727 231
internal_value=-0.00905874 0.0600578 -0.0525915 0.0979875 0.221219 0.755556 0.113083 -0.0260104 0.234594 -0.274201 0.184166 0.0171065 -0.390909 -0.114327 -0.290707 -0.985645 -1.39912 -1.56625 -0.275773 0.327551
internal_weight=99314 55558 17778 9497 6871 1481 37780 12785 6257 1679 24995 10757 1951 1591 1472 693 574 360 6528 779
internal_count=99314 55558 17778 9497 6871 1481 37780 12785 6257 1679 24995 10757 1951 1591 1472 693 574 360 6528 779
cat_boundaries=0 3 6 7 9 10 13 15 17 19 20 21
cat_threshold=28209693 20487420 1 104959264 382091776 2 6 134217728 3758170371 146 2823915586 2189639937 2 139561024 1 672237666 2181234947 100386 33751040 52 41
is_linear=0
shrinkage=0.0711242


Tree=236
num_leaves=21
num_cat=13
split_feature=3 1 1 3 3 3 10 1 3 1 10 3 10 4 3 3 10 4 1 11
split_gain=125576 164645 131600 110806 101560 90211.4 113855 78890.1 70941.3 182976 169816 64749.9 64728.6 64866 211363 134186 97226.9 71351 62878 61228.1
threshold=0 1 2 3 4 5 3.3850000000000002 6 7 8 1.0000000180025095e-35 9 42.375000000000007 1.5000000000000002 10 11 9.9450000000000021 2.5000000000000004 12 1.0000000180025095e-35
decision_type=9 1 1 9 9 9 8 1 9 1 10 9 10 2 9 9 10 2 1 2
left_child=1 8 3 7 18 -3 -7 11 9 10 -1 -2 13 14 16 17 -12 -15 -4 -5
right_child=2 5 4 19 -6 6 -8 -9 -10 -11 12 -13 -14 15 -16 -17 -18 -19 -20 -21
leaf_value=3.9310191613300494 1.0426539159196233 -0.43116494730532823 -0.4895304303321959 0.11650886943840989 0.032089115512444637 1.1718086276525113 -0.1685925993165957 0.20491642080951625 -0.11364601280754741 -0.0067341674003507136 -0.29127921158169418 0.38854844251863335 -0.95127118086394502 2.9084974135923338 -0.79054227040787439 0.29462839051345979 2.8197959060423323 1.2335770713384078 -0.10246524004451943 -0.21885247841489711
leaf_weight=78 1195 8443 3566 12353 19249 328 13983 7320 9932 9222 74 2230 135 161 474 950 162 641 5270 3544
leaf_count=78 1195 8443 3566 12353 19249 328 13983 7320 9932 9222 74 2230 135 161 474 950 162 641 5270 3544
internal_value=-0.0243413 -0.112938 0.0478454 0.161058 -0.0595699 -0.246777 -0.137768 0.337415 0.0266225 0.14372 0.660486 0.619161 0.56467 0.647826 0.0743284 0.880221 1.76958 1.55076 -0.259056 0.0417179
internal_weight=99310 44583 54727 26642 28085 22754 14311 10745 21829 11897 2675 3425 2597 2462 710 1752 236 802 8836 15897
internal_count=99310 44583 54727 26642 28085 22754 14311 10745 21829 11897 2675 3425 2597 2462 710 1752 236 802 8836 15897
cat_boundaries=0 3 5 7 9 11 14 15 17 19 21 23 25 27
cat_threshold=2251292453 2245394528 7 2314361355 4701 1951779165 2348 536870928 673821209 536870912 2732570 33682176 2214723584 1 335872273 2214721056 2235957248 2097665 576 0 673222656 67129344 2214854656 83456 21102592 2102784 1729
is_linear=0
shrinkage=0.0711242


Tree=237
num_leaves=21
num_cat=14
split_feature=9 3 1 1 1 3 3 3 3 9 1 9 3 8 1 3 9 1 3 9
split_gain=154164 354706 313593 192298 143514 206834 201338 134892 130286 147464 129001 124725 290885 151379 148681 163630 118590 115887 115455 118637
threshold=5.2550000000000008 0 1 2 3 4 5 6 7 3.7250000000000005 8 9.1550000000000029 9 2.0500000000000003 10 11 5.0750000000000011 12 13 8.1150000000000002
decision_type=8 9 1 1 1 9 9 9 9 10 1 8 9 2 1 9 10 1 9 10
left_child=1 3 -3 -1 5 -2 -6 17 9 -4 -10 12 14 -14 15 -7 -9 -5 19 -16
right_child=4 2 8 7 6 11 -8 16 10 -11 -12 -13 13 -15 18 -17 -18 -19 -20 -21
leaf_value=2.8455668864184904 0.14585679687040715 -3.4568527945683512 -0.14319202961154995 0.097007290534238497 0.23513660669074568 1.4680411691891919 -0.03446174321538345 -0.29222071709006686 -0.96128950364320231 -2.652935737911899 0.13626879130122024 -0.1514585746879856 -1.1380543711156552 -3.7595294324845896 1.0594717812315415 -0.56217179762860303 2.2181607560998837 3.4476800214824723 -1.2356520781618252 -1.8191818747891089
leaf_weight=139 11994 214 188 110 24464 513 32783 1243 1105 320 1055 22371 1401 121 294 322 103 102 575 96
leaf_count=139 11994 214 188 110 24464 513 32783 1243 1105 320 1055 22371 1401 121 294 322 103 102 575 96
internal_value=-0.0096195 -0.412699 -0.891234 0.402873 0.00982281 -0.0979419 0.0807698 0.168039 -0.6732 -1.69104 -0.427072 -0.211765 -0.6185 -1.33788 -0.00274233 0.687766 -0.0992493 1.7925 -0.601164 0.341865
internal_weight=99513 4579 2882 1697 94934 37687 57247 1558 2668 508 2160 25693 3322 1522 1800 835 1346 212 965 390
internal_count=99513 4579 2882 1697 94934 37687 57247 1558 2668 508 2160 25693 3322 1522 1800 835 1346 212 965 390
cat_boundaries=0 2 4 6 8 11 14 16 18 19 21 23 25 27 29
cat_threshold=203031878 428055344 8384 4096 192 16 2462328003 3732 302002352 2053300320 1 2763282243 3289460553 3 1572864 402659328 2992898560 1677731014 1157890313 67356420 26020353 33555520 1664 67323648 25165824 134480136 1536 32768 9177601
is_linear=0
shrinkage=0.0711242


Tree=238
num_leaves=21
num_cat=13
split_feature=3 1 1 3 1 3 1 9 9 3 1 9 9 1 10 3 9 1 9 1
split_gain=150117 147408 123833 89108.9 149791 89084.2 100583 82174.6 63492.8 63782.9 121592 70778.7 123037 83388 120841 141127 140834 63243.8 78743.7 61185.7
threshold=0 1 2 3 4 5 6 7.3950000000000005 37.895000000000003 7 8 4.705000000000001 3.0050000000000003 9 10.865 10 8.1150000000000002 11 3.0050000000000003 12
decision_type=9 1 1 9 1 9 1 10 10 9 1 8 10 1 8 9 8 1 8 1
left_child=2 3 8 4 -2 17 -7 -6 9 10 -1 12 -11 14 15 -13 -16 -3 -19 -9
right_child=1 5 -4 -5 7 6 -8 19 -10 11 -12 13 -14 -15 16 -17 -18 18 -20 -21
leaf_value=0.78943769277249209 0.1926595628443343 0.0918225428552428 -0.03180045566992469 0.084086668815720356 -1.1190773487950165 -0.52912561841273476 -0.17504744752914836 -0.99627480513086641 -0.17913093953986148 1.0797723766234164 0.14609291819771963 0.18051789943461358 -1.6366265703054019 0.014455698350982399 -2.133168235143323 1.6869718286649835 0.28745945804012818 1.8577854247772003 -0.26062354816512889 -0.20383776928565259
leaf_weight=2830 3161 6276 21717 22547 751 6815 10101 563 1781 123 3151 587 268 5390 128 696 2396 90 6042 3677
leaf_count=2830 3161 6276 21717 22547 751 6815 10101 563 1781 123 3151 587 268 5390 128 696 2396 90 6042 3677
internal_value=-0.0271081 -0.0977252 0.0813929 0.0112229 -0.19016 -0.211747 -0.317926 -0.432515 0.223013 0.26916 0.451318 0.154895 -0.782054 0.194903 0.44916 1.01235 0.164632 -0.0668493 -0.229132 -0.311909
internal_weight=99090 60023 39067 30699 8152 29324 16916 4991 17350 15569 5981 9588 391 9197 3807 1283 2524 12408 6132 4240
internal_count=99090 60023 39067 30699 8152 29324 16916 4991 17350 15569 5981 9588 391 9197 3807 1283 2524 12408 6132 4240
cat_boundaries=0 3 5 7 9 11 13 15 18 20 22 24 26 28
cat_threshold=2765630988 521143939 5 3103342101 1952 1181489689 3505 1073742082 537456904 807479316 32 1241514051 2689134876 1174667584 69 1583108 100663936 1 1107560457 2321 104860160 1185 2684355584 135266306 1140883936 92 1024 1024
is_linear=0
shrinkage=0.0711242


Tree=239
num_leaves=21
num_cat=9
split_feature=3 9 3 8 9 3 9 9 7 0 3 4 8 3 3 9 8 3 9 3
split_gain=95197.9 84145.1 168970 284909 82026 116918 74759.6 74914.3 90735.3 70696.2 86666 211627 70397.9 113750 70214.8 60067.5 59249.3 58118.1 57615.4 243623
threshold=0 9.8250000000000011 1 2.4500000000000006 18.585000000000004 2 5.2550000000000008 7.0150000000000006 8.7250000000000032 3 4 3.5000000000000004 1.5500000000000003 5 6 8.0050000000000008 1.5500000000000003 7 7.6350000000000007 8
decision_type=9 8 9 2 8 9 10 10 2 1 9 2 2 9 9 10 2 9 10 9
left_child=1 2 6 12 5 -3 16 8 -8 10 11 -9 17 -14 -6 -5 -1 -4 19 -2
right_child=18 4 3 15 14 -7 7 9 -10 -11 -12 -13 13 -15 -16 -17 -18 -19 -20 -21
leaf_value=-0.28345129964720045 0.16469400464189288 0.31821234199042081 -0.79577353866486267 -2.0652138427231503 -0.34947021055369043 -0.078125775195244787 -1.7828680392593952 -0.29591586664567654 0.76345326779052658 -0.31573415086530499 -0.11696877558602312 3.843024326507305 0.020004178896892915 -2.0736646200850593 -0.05795574280636244 -4.6529734315657292 -1.9293917587457674 -0.20109408840324045 0.078296155415509189 -0.73065228035686824
leaf_weight=1180 4454 6305 1147 93 5552 9320 75 134 1239 1569 378 117 230 314 16872 89 122 3041 44363 2336
leaf_count=1180 4454 6305 1147 93 5552 9320 75 134 1239 1569 378 117 230 314 16872 89 122 3041 44363 2336
internal_value=-0.0186703 -0.0908519 -0.277543 -0.570329 -0.0431437 0.0819591 0.0224671 0.193172 0.618006 -0.0608147 0.570962 1.57147 -0.465245 -1.22636 -0.130315 -3.33229 -0.437799 -0.366357 0.0487557 -0.144176
internal_weight=98930 47777 9728 4914 38049 15625 4814 3512 1314 2198 629 251 4732 544 22424 182 1302 4188 51153 6790
internal_count=98930 47777 9728 4914 38049 15625 4814 3512 1314 2198 629 251 4732 544 22424 182 1302 4188 51153 6790
cat_boundaries=0 3 5 8 9 11 13 16 18 20
cat_threshold=1382218948 918887299 5 268499012 109314048 1080033472 872484993 1 17 8192 42205184 1075970048 69634 27712 8392832 5 1111490688 259 69010200 20611076
is_linear=0
shrinkage=0.0711242


Tree=240
num_leaves=21
num_cat=6
split_feature=3 9 2 3 9 9 10 9 8 3 6 9 9 3 3 10 10 10 9 10
split_gain=127399 69545.2 52737.9 89304 67180.5 109929 56729.3 71817.7 100008 94483.1 144725 127547 62719.5 76683.6 62213.3 82734.5 64093.4 57214.4 55498.2 52703.7
threshold=0 43.925000000000004 1 2 3.3950000000000005 4.0150000000000006 6.1250000000000009 20.855000000000004 1.1500000000000001 3 1.0000000180025095e-35 9.1550000000000029 34.705000000000005 4 5 6.3650000000000011 6.7550000000000008 44.605000000000011 11.185 12.425000000000002
decision_type=9 10 1 9 8 8 10 8 2 9 2 10 8 9 9 10 10 10 10 8
left_child=1 2 4 -4 -1 -6 12 8 14 10 11 -10 13 18 -8 -16 -17 -11 -5 -2
right_child=19 -3 3 6 5 -7 7 -9 9 17 -12 -13 -14 -15 15 16 -18 -19 -20 -21
leaf_value=1.3851333423389713 0.15761657168388621 -0.6288233876067395 -0.24411272938364004 0.39495232338622499 -2.9410234064519165 -0.19471878456669589 -0.54789415245466588 -0.092860137336240975 2.4239818966206315 0.31511057063271697 -0.16410819650419636 0.82337312973478127 1.0098147350796569 -0.84615258604728183 2.3792742968438989 -1.4926423063108165 0.145549687605282 -1.0363897807530371 -0.60616275406751807 0.011290479432451966
leaf_weight=135 17556 1270 6510 739 74 15357 846 4837 375 2766 444 767 182 927 81 126 2889 168 451 42828
leaf_count=135 17556 1270 6510 739 74 15357 846 4837 375 2766 444 767 182 927 81 126 2889 168 451 42828
internal_value=-0.0108622 -0.111146 -0.0937234 -0.0230513 -0.193957 -0.207905 0.0693093 0.12575 0.25071 0.479049 0.919703 1.34911 -0.256872 -0.365808 -0.0111141 0.136903 0.0770464 0.236888 0.0153914 0.0538245
internal_weight=99328 38944 37674 22108 15566 15431 15598 13299 8462 4520 1586 1142 2299 2117 3942 3096 3015 2934 1190 60384
internal_count=99328 38944 37674 22108 15566 15431 15598 13299 8462 4520 1586 1142 2299 2117 3942 3096 3015 2934 1190 60384
cat_boundaries=0 3 4 6 8 10 12
cat_threshold=5752633 343216228 1 133 1245184 3145824 1792 4263936 49928 335806468 17920 4
is_linear=0
shrinkage=0.0711242


Tree=241
num_leaves=21
num_cat=5
split_feature=1 10 11 1 9 1 9 10 10 1 10 9 1 7 11 7 9 9 9 9
split_gain=91854.4 69948.5 89431.7 84230.7 87536.6 66632.4 63972.2 58499.5 100129 49225 45909.9 103474 105381 116398 66280.8 65166.7 72139.4 112374 61398 61001.7
threshold=0 30.645000000000003 1.0000000180025095e-35 1 29.905000000000005 2 40.605000000000011 25.035000000000004 24.455000000000002 3 34.905000000000008 8.7050000000000018 4 10.715000000000002 1.0000000180025095e-35 15.765000000000002 5.7350000000000012 4.705000000000001 7.3950000000000005 39.445000000000007
decision_type=1 10 2 1 8 1 10 8 10 1 10 10 1 2 2 2 10 8 10 10
left_child=1 3 -3 4 7 -4 10 8 -1 -8 -2 12 13 -12 19 -15 17 -17 -18 -13
right_child=6 2 5 -5 -6 -7 9 -9 -10 -11 11 14 -14 15 -16 16 18 -19 -20 -21
leaf_value=0.52646591283979038 0.12861839958792839 -0.15365374431845544 -2.105851212341177 -0.038479764377664885 1.8607030797805415 -0.56906611357404346 0.059032838459783202 0.05418989702828958 3.3470819263182596 -0.44366267809055115 1.5077955880421103 0.056760474422229146 -1.8100443712383483 -2.5069701959870256 -1.1199405744681088 -0.9839456992842186 -2.4602906807549743 2.8328554303635856 0.23009598435852485 2.057812387781234
leaf_weight=453 44153 9093 174 31725 193 776 1946 1530 74 1988 150 5891 313 89 241 85 102 72 74 78
leaf_count=453 44153 9093 174 31725 193 776 1946 1530 74 1988 150 5891 313 89 241 85 102 72 74 78
internal_value=0.0192828 -0.0573415 -0.222261 -0.00860778 0.410917 -0.878864 0.080401 0.276813 0.92302 -0.19598 0.101633 -0.0662992 -0.78576 -0.190114 0.0362421 -0.79833 -0.341126 0.76703 -1.32955 0.0829391
internal_weight=99200 44018 10043 33975 2250 950 55182 2057 527 3934 51248 7095 885 572 6210 422 333 157 176 5969
internal_count=99200 44018 10043 33975 2250 950 55182 2057 527 3934 51248 7095 885 572 6210 422 333 157 176 5969
cat_boundaries=0 2 3 4 5 7
cat_threshold=1269735580 1336 2392072 2129920 2151677952 0 512
is_linear=0
shrinkage=0.0711242


Tree=242
num_leaves=21
num_cat=5
split_feature=9 11 1 9 1 11 9 1 9 1 9 10 10 10 9 4 4 9 9 0
split_gain=76289.5 117376 105067 90845.1 97033.1 90362.6 295167 209517 120007 105035 89792.1 89678.5 89472.5 72226.9 87511 72125.8 72060.8 212588 103321 69863.9
threshold=34.125000000000007 1.0000000180025095e-35 0 23.025000000000002 1 1.0000000180025095e-35 14.355000000000002 2 18.585000000000004 3 17.765000000000004 11.655000000000003 28.425000000000004 20.975000000000005 8.1150000000000002 4.5000000000000009 1.5000000000000002 10.565000000000003 10.355000000000002 4
decision_type=10 2 1 10 1 2 8 1 10 1 10 10 10 10 10 2 2 10 10 1
left_child=2 15 -1 4 5 -4 7 13 9 10 -8 -12 16 14 -7 -2 17 -9 -18 -15
right_child=1 -3 3 -5 -6 6 8 12 -10 -11 11 -13 -14 19 -16 -17 18 -19 -20 -21
leaf_value=0.24347737457147459 -0.20063510681054356 -0.96762318362471722 0.24134368747388815 -0.20174553531825734 -0.032091273351641469 1.5008825857971086 -0.012802463452859745 5.9286285378453361 -1.1128935860615388 -0.68839676089600044 -0.18723860937841869 2.994956505208513 -0.52283733284056721 0.48656250978771753 0.036793695685000904 0.13108501942369694 -0.62525109922063349 1.4081768980213247 1.7315901160385114 -1.2313198931863114
leaf_weight=10447 10160 817 16127 9578 40710 257 1034 71 1120 1213 76 109 109 177 1050 4922 125 203 380 346
leaf_count=10447 10160 817 16127 9578 40710 257 1034 71 1120 1213 76 109 109 177 1050 4922 125 203 380 346
internal_value=0.00538593 -0.13736 0.0326861 0.00235506 0.0333328 0.152197 -0.0768523 0.481004 -0.503727 -0.22316 0.243453 1.6882 1.36996 0.0418826 0.324764 -0.0923783 1.65242 2.58105 1.1482 -0.664185
internal_weight=99031 15899 83132 72685 63107 22397 6270 2718 3552 2432 1219 185 888 1830 1307 15082 779 274 505 523
internal_count=99031 15899 83132 72685 63107 22397 6270 2718 3552 2432 1219 185 888 1830 1307 15082 779 274 505 523
cat_boundaries=0 2 4 6 8 9
cat_threshold=2157087268 4 271078482 155 270533698 144 20562 129 4
is_linear=0
shrinkage=0.0711242


Tree=243
num_leaves=21
num_cat=7
split_feature=1 10 1 11 10 10 1 1 10 10 1 10 1 10 10 1 11 10 6 8
split_gain=99872 72733.2 109632 60571.6 113470 102852 121411 96583.1 107065 89494.2 73558.6 63806.1 58624.6 70471.9 58356.4 50147.9 48708.6 64938.6 61840.1 63184.2
threshold=0 33.155000000000008 1 1.0000000180025095e-35 14.525 6.245000000000001 2 3 3.3850000000000002 4.5650000000000004 4 4.9350000000000014 5 3.6750000000000003 7.9250000000000007 6 1.0000000180025095e-35 29.055000000000003 1.0000000180025095e-35 1.7500000000000002
decision_type=1 8 1 2 8 10 1 1 10 10 1 10 1 10 10 1 2 10 2 2
left_child=1 2 16 5 7 6 11 -5 -9 12 -6 -2 13 -8 -10 -12 17 -1 -19 -20
right_child=3 -3 -4 4 10 -7 9 8 14 -11 15 -13 -14 -15 -16 -17 -18 18 19 -21
leaf_value=1.3424242373929767 0.21003068238279485 -0.090546135773057923 0.087318517649471197 -0.26176337564420943 -0.19589405883060049 0.015913535198444434 -0.36588395421224473 -1.0214138987506198 0.7100412214727343 -1.5614526637124666 -2.1052489411760278 -0.49822409013949737 -0.78584183793988405 1.9232101165854376 0.09830008643317717 -0.64258645285750471 0.24146298623770446 0.25791985089673475 3.3368157210006593 0.67957596941726861
leaf_weight=619 1706 9214 28847 3704 2958 40466 208 301 1471 564 120 1033 750 101 1701 2408 2007 1133 70 128
leaf_count=619 1706 9214 28847 3704 2958 40466 208 301 1471 564 120 1033 750 101 1701 2408 2007 1133 70 128
internal_value=0.00266268 0.0859981 0.135612 -0.0582489 -0.195618 -0.0194576 -0.347587 -0.00947406 0.259602 -0.832674 -0.439134 -0.0568834 -0.452307 0.370668 0.382004 -0.720108 0.48622 0.740603 0.460647 1.62007
internal_weight=99509 42018 32804 57491 12663 44828 4362 7177 3473 1623 5486 2739 1059 309 3172 2528 3957 1950 1331 198
internal_count=99509 42018 32804 57491 12663 44828 4362 7177 3473 1623 5486 2739 1059 309 3172 2528 3957 1950 1331 198
cat_boundaries=0 2 4 5 7 9 11 12
cat_threshold=2152156109 314 327752 8 1026065458 839385138 2180 900206640 2624 1073741824 1024 1241515008
is_linear=0
shrinkage=0.0711242


Tree=244
num_leaves=21
num_cat=11
split_feature=3 1 1 1 3 9 3 9 3 3 1 9 9 9 9 1 9 9 1 9
split_gain=141256 219358 136337 98008.9 104252 92781.5 113103 111515 93336 91179.5 122183 120142 102937 115039 85881.3 111609 101133 118138 95717.4 82424
threshold=0 1 2 3 4 22.285000000000004 5 4.0150000000000006 6 7 8 8.0050000000000008 7.5150000000000006 5.4250000000000007 7.8750000000000009 9 6.0550000000000006 4.0150000000000006 10 5.4250000000000007
decision_type=9 1 1 1 9 10 9 8 9 9 1 10 10 10 10 1 8 10 1 8
left_child=1 5 -2 4 -3 6 14 -8 -7 10 12 -12 13 -4 15 -1 17 -17 -16 -6
right_child=2 3 9 -5 19 8 7 -9 -10 -11 11 -13 -14 -15 18 16 -18 -19 -20 -21
leaf_value=0.15124994133432393 -0.053589096039447517 -0.7706614302192405 -0.072539806034479321 -0.11154914318008502 -1.0972815231946622 0.089078822917152592 -1.1927295251860048 0.15031920341269478 -1.0133670090598748 0.11219043600979892 1.5766835084236848 0.49409694586385394 0.18249193461513316 -3.1686230225432381 0.9548061405831475 2.9631010585679483 2.8076521420453586 -0.084486518770953048 0.031269852983389627 -0.1105214031826518
leaf_weight=353 20381 2550 152 27934 475 1026 326 7642 616 22954 600 3819 3106 101 885 95 270 199 1566 4341
leaf_count=353 20381 2550 152 27934 475 1026 326 7642 616 22954 600 3819 3106 101 885 95 270 199 1566 4341
internal_value=0.00664851 -0.0805882 0.089045 -0.172506 -0.403202 0.169366 0.241874 0.0952381 -0.330166 0.183624 0.394018 0.639669 0.0698985 -1.3092 0.586747 1.17564 1.78238 0.900862 0.368783 -0.207433
internal_weight=99391 48278 51113 35300 7366 12978 11336 7968 1642 30732 7778 4419 3359 253 3368 917 564 294 2451 4816
internal_count=99391 48278 51113 35300 7366 12978 11336 7968 1642 30732 7778 4419 3359 253 3368 917 564 294 2451 4816
cat_boundaries=0 3 5 7 9 12 15 18 21 23 25 27
cat_threshold=683784862 263640848 1 220808321 130 1295192333 1054 570695744 4104 67606 75891456 1 67720 136462848 1 683671700 34576 1 269485313 536879110 4 273188498 6272 203440128 128 17409 2
is_linear=0
shrinkage=0.0711242


Tree=245
num_leaves=21
num_cat=4
split_feature=1 9 8 9 1 9 1 7 4 10 9 10 9 9 7 10 10 10 10 1
split_gain=108174 79809.6 57951.1 55829.2 44156.6 87376.8 108332 103578 82550.1 85690.6 66259.9 225948 206659 143319 124621 79127.6 81650 59448.4 52512 48392.8
threshold=0 41.485000000000007 3.3500000000000005 48.485000000000007 1 23.495000000000001 2 15.395000000000001 4.5000000000000009 48.385000000000012 7.8750000000000009 19.865000000000006 12.195000000000002 7.0150000000000006 10.485000000000001 43.415000000000006 34.905000000000008 7.9250000000000007 39.415000000000006 3
decision_type=1 10 2 10 1 8 1 2 2 8 10 8 10 10 2 8 10 10 10 1
left_child=3 4 -3 -1 8 -6 7 -7 9 -2 11 -10 15 14 -13 16 -12 -14 -16 -8
right_child=1 2 -4 -5 5 6 19 -9 10 -11 12 13 17 -15 18 -17 -18 -19 -20 -21
leaf_value=-0.058164899851918465 0.15017142549975263 -0.086416191190724578 -0.76209209939417399 -1.0023737444119893 0.1290967132731651 0.042423418916790648 -0.025637986835866978 2.77209072396131 2.5464540622823439 -0.83886040978815068 2.0165808098050939 1.9084628912531154 2.0734190907606025 -3.6968887495152489 -1.7526241494142296 0.63799462784598371 4.758948828949384 0.32785650502636465 0.32224425745826552 -0.37049437984743006
leaf_weight=43852 12036 3631 780 319 25663 159 4615 126 118 460 243 92 102 79 196 147 71 2976 90 3717
leaf_count=43852 12036 3631 780 319 25663 159 4615 126 118 460 243 92 102 79 196 147 71 2976 90 3717
internal_value=0.0180129 0.084292 -0.205909 -0.0649712 0.109463 0.0632793 -0.132663 1.20736 0.204615 0.113758 0.481075 -0.227032 0.596128 -0.943514 -0.367349 2.00038 2.63782 0.385759 -1.09979 -0.179744
internal_weight=99472 55301 4411 44171 50890 34280 8617 285 16610 12496 4114 575 3539 457 378 461 314 3078 286 8332
internal_count=99472 55301 4411 44171 50890 34280 8617 285 16610 12496 4114 575 3539 457 378 461 314 3078 286 8332
cat_boundaries=0 2 4 6 8
cat_threshold=4278427713 730 9701380 4357 392 1024 4195360 2080
is_linear=0
shrinkage=0.0711242


Tree=246
num_leaves=21
num_cat=13
split_feature=3 4 3 3 0 2 4 3 3 3 2 4 3 8 11 3 8 2 3 8
split_gain=114123 70191.2 92163.9 74669.6 63083.6 46968.2 125296 158079 104326 59480.7 63634.3 75593.2 88672.7 112444 104309 71522.5 64773.5 46739.8 95968.6 43996.1
threshold=0 3.5000000000000004 1 2 3 4 4.5000000000000009 5 6 7 8 5.5000000000000009 9 1.3500000000000003 1.0000000180025095e-35 10 1.1500000000000001 11 12 3.5500000000000003
decision_type=9 2 9 9 1 1 2 9 9 9 1 2 9 2 2 9 2 1 9 2
left_child=1 3 4 -1 -3 9 7 -7 -8 10 11 15 13 -13 -14 -4 -17 18 -5 -2
right_child=19 2 5 17 -6 6 8 -9 -10 -11 -12 12 14 -15 -16 16 -18 -19 -20 -21
leaf_value=0.16842896117560971 -0.068481777453100384 0.22095832393620027 1.2721410230257544 0.65017968094796308 -0.34143047406990551 0.010259456088251007 0.28601420248586379 1.3295525642516792 -0.46966632777908229 0.25167866287453444 0.3633497786958606 1.0994756385668008 -0.11443404612695912 4.3447180212885419 2.99465490760804 1.1836110412232843 -0.51988288641078328 -0.19372900499265433 -0.12372758438100379 0.10891472855745717
leaf_weight=10307 52675 1928 483 1149 2096 966 1933 875 1753 3712 1621 97 187 122 77 171 332 7833 2690 8169
leaf_count=10307 52675 1928 483 1149 2096 966 1933 875 1753 3712 1621 97 187 122 77 171 332 7833 2690 8169
internal_value=0.0159016 0.112008 0.223616 0.0290186 -0.0720968 0.319931 0.165154 0.644611 -0.0738754 0.445265 0.676242 1.01668 1.75252 2.78139 0.764135 0.666402 0.0581838 -0.0941522 0.108997 -0.0446568
internal_weight=99176 38332 16353 21979 4024 12329 5527 1841 3686 6802 3090 1469 483 219 264 986 503 11672 3839 60844
internal_count=99176 38332 16353 21979 4024 12329 5527 1841 3686 6802 3090 1469 483 219 264 986 503 11672 3839 60844
cat_boundaries=0 3 6 9 10 11 13 15 17 18 20 22 23 25
cat_threshold=172171598 3004311130 3 196872 33555456 1 167969034 2717910018 3 50 45 33562624 2433884178 4202560 17826330 33562626 2970624000 9 0 2702180352 33562624 1056768 76 4194368 8208
is_linear=0
shrinkage=0.0711242


Tree=247
num_leaves=21
num_cat=9
split_feature=3 1 1 3 3 9 3 10 9 9 3 10 1 9 9 10 10 7 3 9
split_gain=140754 165250 160401 119473 81465.7 72295.8 165360 150318 153715 133881 105330 196209 132859 92122.4 93286 129874 87096.4 80545.9 69970.8 85901.8
threshold=0 1 2 3 4 9.3850000000000033 5 9.9450000000000021 6.7550000000000008 12.095000000000001 6 9.9450000000000021 7 5.4250000000000007 3.0050000000000003 5.2750000000000012 16.565000000000001 18.105000000000004 8 3.3950000000000005
decision_type=9 1 1 9 9 8 9 10 10 8 9 10 1 10 10 8 10 2 9 10
left_child=2 4 3 -1 -2 6 13 -8 -9 10 -7 12 -12 14 -6 -16 -15 -17 19 -4
right_child=1 -3 18 -5 5 9 7 8 -10 -11 11 -13 -14 16 15 17 -18 -19 -20 -21
leaf_value=-0.10666603937382395 -0.32433245962010343 0.13821321198655495 0.68145449509766676 -0.47993018810204285 -1.0427160952194554 -0.063485796553669691 -0.29103338732152095 -4.4921724067796269 -1.31788167471217 -0.046465043126159816 1.1247067120843368 0.50941207267564959 4.5446689499964981 -0.46908656114946351 -0.37257736782887596 1.3772435629271118 2.0916048493273758 4.5436932872007514 0.080085311636617196 -0.19214491607870376
leaf_weight=8874 6621 35840 600 8513 73 596 483 105 291 7692 152 665 113 722 87 78 74 85 16392 11133
leaf_count=8874 6621 35840 600 8513 73 596 483 105 291 7692 152 665 113 722 87 78 74 85 16392 11133
internal_value=-0.0278302 0.0501859 -0.119827 -0.289596 -0.126666 -0.00979331 -0.397653 -1.12057 -2.16036 0.0742675 0.682804 1.14936 2.79792 0.178674 1.19317 1.84619 -0.230828 3.03001 -0.0148095 -0.147341
internal_weight=99189 53677 45512 17387 17837 11216 1998 879 396 9218 1526 930 265 1119 323 250 796 163 28125 11733
internal_count=99189 53677 45512 17387 17837 11216 1998 879 396 9218 1526 930 265 1119 323 250 796 163 28125 11733
cat_boundaries=0 3 5 7 9 12 14 16 17 20
cat_threshold=151478103 3906913297 2 3156345730 1122 2785648175 16 17121541 1619182609 271056928 117449286 1 2751496192 270600480 68190336 69920 201327360 17121541 13665296 2
is_linear=0
shrinkage=0.0711242


Tree=248
num_leaves=21
num_cat=9
split_feature=3 9 3 8 9 3 10 8 10 3 9 3 2 3 3 9 10 10 10 3
split_gain=124364 75476.1 158914 102795 114686 89422.5 141604 63862.7 83394 50425.7 48310.8 261538 119283 115166 106752 94647 91880.5 69776.5 76890.2 76429.8
threshold=0 5.4250000000000007 1 0.8500000000000002 3.3950000000000005 2 4.5650000000000004 1.1500000000000001 28.735000000000003 3 7.0150000000000006 4 5 6 7 7.1450000000000005 39.955000000000005 25.035000000000004 32.545000000000009 8
decision_type=9 8 9 2 10 9 10 2 10 9 8 9 1 9 9 8 8 10 10 9
left_child=-1 2 3 -2 -5 6 -4 -8 -9 -6 11 12 14 -14 -3 -12 17 19 -19 -13
right_child=1 10 5 4 9 -7 7 8 -10 -11 15 16 13 -15 -16 -17 -18 18 -20 -21
leaf_value=0.081575249691734991 -1.5239133357145755 0.1235513157776166 0.37245638754799143 3.6127777399140757 1.6726457791341174 -0.42153567712342871 -1.372090754585644 -4.4816254058521956 -1.3624705576123597 -0.28785237105217459 -1.5630420422734135 -0.0518750837669524 -1.052766271253007 0.99010891470080398 2.0581929415602684 -0.06777675801695951 -2.5495832666928706 2.3912298292961895 -0.41669684018809433 -1.4502404772149251
leaf_weight=44988 76 210 149 86 111 1778 214 105 74 146 215 490 231 322 534 48832 105 90 109 328
leaf_count=44988 76 210 149 86 111 1778 214 105 74 146 215 490 231 322 534 48832 105 90 109 328
internal_value=-0.00583239 -0.0783779 -0.44219 0.821905 1.36589 -0.671162 -1.46738 -2.20219 -3.19344 0.613041 -0.0590304 0.251254 0.934921 0.133182 1.52108 -0.0743341 -0.542553 -0.34047 0.853707 -0.631046
internal_weight=99193 54205 2739 419 343 2320 542 393 179 257 51466 2419 1297 553 744 49047 1122 1017 199 818
internal_count=99193 54205 2739 419 343 2320 542 393 179 257 51466 2419 1297 553 744 49047 1122 1017 199 818
cat_boundaries=0 3 5 7 9 11 12 14 16 18
cat_threshold=3382321964 2441839741 7 2098194 201333120 306200704 1107304448 1040 4096 872503296 36986880 17 67180544 262144 268435456 1073152 6587536 1212155904
is_linear=0
shrinkage=0.0711242


Tree=249
num_leaves=21
num_cat=14
split_feature=1 3 3 9 3 1 3 1 9 3 9 3 3 10 10 1 3 10 3 1
split_gain=108357 278409 208543 122348 225064 173407 123990 105271 114860 272396 378195 261674 121499 101693 96487.5 94701.6 111157 90953.9 89470.4 132686
threshold=0 1 2 9.4950000000000028 3 4 5 6 8.1150000000000002 7 7.5150000000000006 8 9 5.1150000000000011 32.245000000000012 10 11 6.3650000000000011 12 13
decision_type=1 9 9 10 9 1 9 1 10 9 8 9 9 8 10 1 9 8 9 1
left_child=1 -1 3 4 -2 14 -7 8 9 10 17 -12 -10 -8 -6 -5 -17 -4 19 -3
right_child=2 18 7 15 5 6 13 -9 12 -11 11 -13 -14 -15 -16 16 -18 -19 -20 -21
leaf_value=-0.11567743349744887 -1.637026700914235 1.0667516305057643 -0.14435700627783263 -0.00033591326962859394 0.226721560878058 -0.17115805198448447 0.95017723134751431 -0.035795588067703665 -0.3064490940882193 -0.055563333715988011 5.9247797221793688 1.4109869085497797 0.30074716643699362 -1.4234918330397188 -1.9047655006537603 -0.048490293431907014 -0.54481331944688316 1.1901474634409306 0.18843768197556304 0.17784929446555359
leaf_weight=19636 764 1549 388 11862 2149 1027 99 18364 2487 1492 126 167 5010 1166 113 4430 4720 773 21127 1898
leaf_count=19636 764 1549 388 11862 2149 1027 99 18364 2487 1492 126 167 5010 1166 113 4430 4720 773 21127 1898
internal_value=0.00102247 0.0839647 -0.0654857 -0.210134 -0.514966 -0.322393 -0.757257 0.0667518 0.246942 0.623457 1.31155 3.60355 0.0993114 -1.22797 0.119643 -0.133081 -0.304835 0.744185 0.243472 0.579248
internal_weight=99347 44210 55137 26330 5318 4554 2292 28807 10443 2946 1454 293 7497 1265 2262 21012 9150 1161 24574 3447
internal_count=99347 44210 55137 26330 5318 4554 2292 28807 10443 2946 1454 293 7497 1265 2262 21012 9150 1161 24574 3447
cat_boundaries=0 2 4 7 9 11 13 15 17 19 21 23 25 27 29
cat_threshold=2652567822 2057 1262486788 1006584119 3180970742 3290600664 2 2290089984 2147484752 555812400 1042 17367606 69206144 1090782369 514 2234368 726401824 2048 151781376 33686528 290259489 1625358400 996 2845311042 67244176 536870929 2214592576 2550169864 2057
is_linear=0
shrinkage=0.0711242


Tree=250
num_leaves=21
num_cat=13
split_feature=3 1 1 3 1 3 3 1 9 9 7 3 9 3 3 9 3 11 9 1
split_gain=111882 206220 169091 122150 181336 118226 76485.7 94131.5 105721 128466 79139.7 77827.4 74749.8 91563 91500.7 130433 114581 103795 204612 159490
threshold=0 1 2 3 4 5 6 7 10.875000000000002 10.045000000000002 19.875000000000004 8 19.825000000000003 9 10 16.315000000000001 11 1.0000000180025095e-35 12.295000000000002 12
decision_type=9 1 1 9 1 9 9 1 10 10 2 9 10 9 9 10 9 2 10 1
left_child=1 3 5 4 -1 -2 7 8 9 10 11 -4 14 -14 17 -16 -17 -7 19 -19
right_child=2 -3 6 -5 -6 12 -8 -9 -10 -11 -12 -13 13 -15 15 16 -18 18 -20 -21
leaf_value=1.3125919840169875 0.017558306227914461 -0.16069967544033864 1.4568783578890265 0.050619894040467205 0.15386745795238033 0.51386645716380153 -0.11791584287220683 -0.041201003779799683 0.1326582715587957 2.596875054666143 -1.2580967354098769 0.21205132014503369 0.45465109688781369 -0.042499978863972797 -0.0068767111723249206 2.5102170733812739 0.54696497744401829 3.4013231586531978 0.034128779822300212 1.0984720015286791
leaf_weight=1088 9315 33567 482 7916 1835 2864 19546 6904 2625 195 103 552 3397 4168 2749 184 762 270 389 410
leaf_count=1088 9315 33567 482 7916 1835 2864 19546 6904 2625 195 103 552 3397 4168 2749 184 762 270 389 410
internal_value=0.0103304 -0.0736077 0.0782046 0.196004 0.588199 0.217185 -0.0338485 0.117412 0.393555 0.910621 0.621244 0.808543 0.339486 0.181289 0.496817 0.240373 0.961335 0.735252 1.33516 2.07933
internal_weight=99321 44406 54915 10839 2923 24508 30407 10861 3957 1332 1137 1034 15193 7565 7628 3695 946 3933 1069 680
internal_count=99321 44406 54915 10839 2923 24508 30407 10861 3957 1332 1137 1034 15193 7565 7628 3695 946 3933 1069 680
cat_boundaries=0 3 5 7 10 11 14 16 18 20 22 24 26 28
cat_threshold=3758653073 996655179 2 420619712 256 1624787499 4531 2684355200 442368 2 134348992 48529516 1073745936 1 14975048 8394772 100996160 1088 8421448 8388608 150994946 2148543748 68354048 77070976 134217730 8192 536887297 146
is_linear=0
shrinkage=0.0711242


Tree=251
num_leaves=21
num_cat=15
split_feature=3 1 1 3 1 3 10 1 10 3 1 3 3 10 10 3 1 3 10 3
split_gain=110258 218649 116247 88925.4 79331.8 78041.4 74696.2 72540.8 131700 105849 94733.1 177013 116562 83772 74922.5 66838.2 64320.5 60948.3 59794.3 62204.6
threshold=0 1 2 3 4 5 8.1450000000000014 6 32.855000000000011 7 8 9 10 23.925000000000004 33.765000000000008 11 12 13 27.295000000000005 14
decision_type=9 1 1 9 1 9 10 1 10 9 1 9 9 10 10 9 1 9 10 9
left_child=1 15 5 4 6 16 17 8 10 -10 11 -5 -12 -14 -11 -1 -2 -4 -6 -20
right_child=2 -3 3 7 18 -7 -8 -9 9 14 12 -13 13 -15 -16 -17 -18 -19 19 -21
leaf_value=0.27499691294804612 -0.11613220596513411 -0.26096536812262011 1.0936368032090049 -0.33913267112915063 0.21273976658102564 -0.14828844392953092 0.5550158498468809 -0.055762393762073995 1.2629697842690908 -2.0242866523049097 -0.54594488932016993 1.4961790646410063 0.77071314651296075 -0.80857011688785174 -0.29508776037981593 -0.044961375455149742 0.25957686634161348 -0.81443136865856314 0.13468716694683897 -0.66029984593256785
leaf_weight=6482 3951 19914 101 370 10603 18494 4881 14827 198 139 691 941 1317 195 1430 6723 5512 361 1149 867
leaf_count=6482 3951 19914 101 370 10603 18494 4881 14827 198 139 691 941 1317 195 1430 6723 5512 361 1149 867
internal_value=-0.00631244 -0.112195 0.046808 0.127668 0.242655 -0.0633082 0.472315 0.0248829 0.250978 -0.249419 0.503316 0.979569 0.214451 0.563275 -0.445545 0.112188 0.102754 -0.391127 0.145115 -0.209825
internal_weight=99146 33119 66027 38070 17962 27957 5343 20108 5281 1767 3514 1311 2203 1512 1569 13205 9463 462 12619 2016
internal_count=99146 33119 66027 38070 17962 27957 5343 20108 5281 1767 3514 1311 2203 1512 1569 13205 9463 462 12619 2016
cat_boundaries=0 2 4 6 9 11 14 16 18 20 22 24 26 27 29 31
cat_threshold=2257015043 110789668 221141410 4400 1303908851 4624 425198840 3359643714 1 2416214024 193 1073782784 291529618 2 537075720 10 2097152 512 65544 10 1075838980 268435993 34820 16793857 2256617473 9470976 1235747074 135790624 2 138936376 3355445312
is_linear=0
shrinkage=0.0711242


Tree=252
num_leaves=21
num_cat=4
split_feature=1 9 10 1 1 7 9 1 7 7 9 10 10 11 10 10 9 10 10 10
split_gain=83797.8 80172.9 111873 118449 103268 130605 101182 86384.5 126035 214609 85398.4 215929 108204 96476.1 55637 47170.2 46361 54264.3 53457.8 49055.1
threshold=0 35.245000000000012 6.8850000000000007 1 2 13.425000000000002 40.305000000000007 3 17.505000000000006 9.0550000000000015 30.815000000000001 12.425000000000002 8.2450000000000028 1.0000000180025095e-35 10.155000000000003 5.4350000000000014 49.57500000000001 10.545000000000002 9.3350000000000026 17.925000000000004
decision_type=1 8 8 1 1 2 8 1 2 2 10 10 10 2 10 10 8 8 10 10
left_child=-1 4 6 14 5 10 -3 8 9 -5 11 12 -2 -12 -4 -8 17 -9 -18 -20
right_child=1 2 3 7 -6 -7 15 16 -10 -11 13 -13 -14 -15 -16 -17 18 -19 19 -21
leaf_value=-0.064712910461979273 3.0295734396356466 -0.77196560907816902 0.042827602324972514 3.3892617603771944 0.092094625652995199 0.033180860515022947 1.0537757274226065 -0.91112442346762357 2.8960482228783984 -1.0464476429228398 1.7922802579845443 5.045475508663432 -0.56271846477772214 -0.70589327361254262 -1.8127204159303583 3.1768445306468056 1.0338324488745716 -0.036159738539686091 -1.3602085379501581 -0.3671261984772009
leaf_weight=39694 72 88 111 75 46941 613 108 374 118 208 182 101 103 137 310 104 103 8642 353 876
leaf_count=39694 72 88 111 75 46941 613 108 374 118 208 182 101 103 137 310 104 103 8642 353 876
internal_value=0.0153474 0.0686505 -0.100323 -0.13673 0.108918 0.755565 1.25486 -0.0901511 0.921275 0.129773 1.51238 2.42828 0.916021 0.719494 -1.29288 2.09616 -0.130204 -0.0724634 -0.521987 -0.652442
internal_weight=99313 59619 11470 11170 48149 1208 300 10749 401 283 595 276 175 319 421 212 10348 9016 1332 1229
internal_count=99313 59619 11470 11170 48149 1208 300 10749 401 283 595 276 175 319 421 212 10348 9016 1332 1229
cat_boundaries=0 2 4 5 7
cat_threshold=202056107 1827 1358974976 2176 2147485696 536872016 4112
is_linear=0
shrinkage=0.0711242


Tree=253
num_leaves=21
num_cat=14
split_feature=3 1 3 1 3 3 1 9 3 9 3 9 1 4 3 1 9 3 9 1
split_gain=106109 187565 104551 102163 117917 93273 84631.8 79773.8 92047 61086.1 81993.1 72317.1 178291 72135 57621 93055.1 67923.2 69534.9 128861 90367.9
threshold=0 1 2 3 4 5 6 5.9050000000000011 7 3.0050000000000003 8 5.5850000000000009 9 3.5000000000000004 10 11 20.085000000000004 12 11.185 13
decision_type=9 1 9 1 9 9 1 8 9 10 9 10 1 2 9 1 8 9 10 1
left_child=1 2 -1 4 9 6 7 8 -3 10 -2 12 -11 -14 -5 16 17 18 19 -16
right_child=3 5 -4 14 -6 -7 -8 -9 -10 11 -12 -13 13 -15 15 -17 -18 -19 -20 -21
leaf_value=-0.089927335999968314 -2.1764180148866097 0.10537289196943798 0.26943983065806448 0.0448188354161069 -0.20923703901079413 -0.076482311298980213 -0.19114458017607389 -0.51610732904243739 -2.4213038001274607 -0.75786119761616433 0.41328658713456534 0.16552091909616543 4.1808565443480976 1.3394262802436898 0.91964891630106815 0.090355901500507083 0.13739777222865845 0.35900081956470115 1.4045087533699092 -0.57209403443527429
leaf_weight=7528 117 113 8965 20106 11209 12266 6006 4091 227 130 120 5553 92 89 422 13373 3494 3851 1074 383
leaf_count=7528 117 113 8965 20106 11209 12266 6006 4091 227 130 120 5553 92 89 422 13373 3494 3851 1074 383
internal_value=0.0139514 -0.0770547 0.105457 0.0733905 -0.0723416 -0.209631 -0.365889 -0.601774 -1.64984 0.179098 -0.939868 0.224641 1.27991 2.63927 0.132467 0.210399 0.384149 0.535277 0.889875 0.214244
internal_weight=99209 39196 16493 60013 17310 22703 10437 4431 340 6101 237 5864 311 181 42703 22597 9224 5730 1879 805
internal_count=99209 39196 16493 60013 17310 22703 10437 4431 340 6101 237 5864 311 181 42703 22597 9224 5730 1879 805
cat_boundaries=0 3 5 7 9 11 14 16 18 20 21 23 25 27 29
cat_threshold=2147806232 2357175321 1 241568705 2857 263176 2284159001 220479873 2193 1309802528 545265732 24584 207365120 1 805417992 1090 0 71827456 1174405120 8394752 201326848 1326584130 822089860 3791758868 4160 278921728 1107312640 1073808896 64
is_linear=0
shrinkage=0.0711242


Tree=254
num_leaves=21
num_cat=4
split_feature=1 9 1 9 11 9 10 11 6 10 9 4 9 1 9 11 10 1 9 7
split_gain=78284.9 62291 93404.6 155613 185385 134637 80333.4 68597.5 68106.5 62102.2 61117.4 64382.1 57022.4 54581.9 52520 171351 195520 139295 127912 147704
threshold=0 31.765000000000004 1 20.345000000000002 1.0000000180025095e-35 29.905000000000005 18.415000000000003 1.0000000180025095e-35 1.0000000180025095e-35 16.005000000000006 23.495000000000001 1.5000000000000002 29.905000000000005 2 12.885000000000003 1.0000000180025095e-35 13.205000000000002 3 10.355000000000002 20.735000000000003
decision_type=1 10 1 8 2 8 8 2 2 8 10 2 10 1 10 2 8 1 10 2
left_child=-1 2 3 9 5 6 -5 -3 -7 -2 11 -6 -10 -12 15 18 -17 -18 19 -4
right_child=1 7 14 4 10 8 -8 -9 12 -11 13 -13 -14 -15 -16 16 17 -19 -20 -21
leaf_value=-0.06859803653438791 3.1583444847577011 -0.032163308303691622 -0.090826796864746706 2.1048709565521277 -0.63721318979779606 0.48577372627537935 0.83695796358399399 -0.64753190511168357 -2.2328045557412568 0.90699948525305885 0.24452743549359254 1.1080160915009361 0.15547848472173481 -0.65852984312170149 -0.00096354293313297178 0.93450899451955971 -1.0000431975604713 0.34458589063429557 0.36702453755995451 -1.4535903616317984
leaf_weight=44014 136 11451 6032 421 160 858 633 996 95 114 484 322 108 1103 23927 2606 511 1536 3219 431
leaf_count=44014 136 11451 6032 421 160 858 633 996 95 114 484 322 108 1103 23927 2606 511 1536 3219 431
internal_value=0.00213023 0.0585859 0.0994119 0.408072 0.305973 0.774216 1.34353 -0.0814089 0.208588 2.13241 -0.172692 0.528674 -0.962666 -0.385727 0.0635186 0.171192 0.525901 0.00569058 0.000721188 -0.181724
internal_weight=99157 55143 42696 4434 4184 2115 1054 12447 1061 250 2069 482 203 1587 38262 14335 4653 2047 9682 6463
internal_count=99157 55143 42696 4434 4184 2115 1054 12447 1061 250 2069 482 203 1587 38262 14335 4653 2047 9682 6463
cat_boundaries=0 2 4 5 7
cat_threshold=3682971909 752 1181728 5 133120 16576 1024
is_linear=0
shrinkage=0.0711242


Tree=255
num_leaves=21
num_cat=9
split_feature=3 1 3 9 7 1 3 3 9 3 7 3 9 9 9 9 9 1 7 9
split_gain=150163 155502 146669 129484 111454 102227 132768 131767 78869.3 118199 130768 87564 82387.6 81171.7 151806 76986 114949 146689 95162 82518.8
threshold=0 1 2 8.8250000000000011 10.825000000000001 3 4 5 11.995000000000003 6 10.035000000000002 7 6.1950000000000012 10.355000000000002 10.875000000000002 8.2350000000000012 5.9050000000000011 8 19.395000000000003 8.8250000000000011
decision_type=9 1 9 10 2 1 9 9 10 9 2 9 10 8 10 10 10 1 2 10
left_child=1 2 8 4 -4 7 -7 -2 9 12 -11 -10 -1 15 -15 16 18 -18 -12 -17
right_child=5 -3 3 -5 -6 6 -8 -9 11 10 13 -13 -14 14 -16 19 17 -19 -20 -21
leaf_value=-2.0868454399831964 -0.21008750368726287 -0.038243962388565672 -0.85378365516987464 -0.47608013879240163 -2.7074318991632516 -0.034076506669668619 0.28030791635294477 0.11631825053744096 0.10566718820595167 3.611917151869521 -1.2252919384253809 -0.76298764198977065 -0.034299142612390809 3.9751067501240107 -0.0291109060585166 -2.8230622450504308 -0.42729902681354037 2.77953259869548 1.5318356678636336 0.08460689866658691
leaf_weight=130 11575 35806 467 4373 253 10890 18072 13593 1237 76 198 1108 413 91 101 74 116 188 93 148
leaf_count=130 11575 35806 467 4373 253 10890 18072 13593 1237 76 198 1108 413 91 101 74 116 188 93 148
internal_value=-0.00871904 -0.104913 -0.367887 -0.620399 -1.50539 0.0710291 0.162126 -0.0338228 -0.0434392 0.336767 0.761518 -0.307583 -0.516449 0.554072 1.86966 0.244733 0.666443 1.63345 -0.34395 -0.885341
internal_weight=99002 44872 9066 5093 720 54130 28962 25168 3973 1628 1085 2345 543 1009 192 817 595 304 291 222
internal_count=99002 44872 9066 5093 720 54130 28962 25168 3973 1628 1085 2345 543 1009 192 817 595 304 291 222
cat_boundaries=0 3 5 7 9 11 13 15 17 18
cat_threshold=270515433 2159163671 7 1881147521 4104 268513440 11675649 2875769926 5858 2172665872 1376011304 643826434 759726592 268447872 8192 268447872 8193 1073741825
is_linear=0
shrinkage=0.0711242


Tree=256
num_leaves=21
num_cat=8
split_feature=3 3 10 2 3 7 5 2 3 10 3 11 10 10 5 3 10 11 8 8
split_gain=130416 34015.9 38087.9 59267.1 55847.7 51392.5 51201.9 35496.4 84986.5 99472.4 65196.9 63219.5 223725 112040 88981.8 51326.7 48715.1 53438 37249.5 36321.4
threshold=0 1 21.665000000000003 2 3 20.685000000000006 1.0000000180025095e-35 4 5 19.465000000000003 6 1.0000000180025095e-35 9.5350000000000019 6.1250000000000009 1.0000000180025095e-35 7 16.445000000000004 1.0000000180025095e-35 1.1500000000000001 2.4500000000000006
decision_type=9 9 8 1 9 2 2 1 9 10 9 2 10 10 2 9 10 2 2 2
left_child=-1 2 7 4 -4 -5 -6 8 11 -10 16 14 13 -13 -2 -11 17 -9 -16 -14
right_child=1 -3 3 5 6 -7 -8 10 9 15 -12 12 19 -15 18 -17 -18 -19 -20 -21
leaf_value=0.092630619749278442 0.65653378596201706 -0.029262380291366977 0.69224976902092517 -0.45166368602900769 -0.47737143429715106 0.73148625456957106 0.48111687360051308 -0.3360096374976676 -0.27737478983770775 2.0499139619667472 0.0066751861208595182 1.6247231478571107 0.91170229887002185 5.5338605157468042 -1.8626627947990981 0.26841484864922416 0.2167087464062413 -1.0410095557762238 -0.1220663056977416 -1.0620668325281699
leaf_weight=44733 776 34992 509 4873 907 193 409 2108 2578 131 4918 79 83 70 110 222 544 733 143 109
leaf_count=44733 776 34992 509 4873 907 193 409 2108 2578 131 4918 79 83 70 110 222 544 733 143 109
internal_value=0.00264765 -0.0712309 -0.146507 -0.281032 0.0671027 -0.405776 -0.178116 -0.073073 0.0927061 -0.123622 -0.158868 0.553043 1.39625 3.4634 0.278892 0.995543 -0.398688 -0.517932 -0.879233 -0.208791
internal_weight=99220 54487 19495 6891 1825 5066 1316 12604 4301 2931 8303 1370 341 149 1029 353 3385 2841 253 192
internal_count=99220 54487 19495 6891 1825 5066 1316 12604 4301 2931 8303 1370 341 149 1029 353 3385 2841 253 192
cat_boundaries=0 3 6 7 9 10 12 14 16
cat_threshold=1362794788 2471681208 4 71311881 78184514 2 160 512 8454208 21 520 2621440 520 2686976 8192 75563008
is_linear=0
shrinkage=0.0711242


Tree=257
num_leaves=21
num_cat=13
split_feature=3 1 10 3 10 1 3 3 3 1 10 1 3 4 10 3 3 10 10 3
split_gain=102249 158381 117122 146306 155357 107162 149934 108333 95748.5 68402.7 66357.6 81606.6 87558.9 106818 96001 79484.3 74446 95805.1 91321.8 131835
threshold=0 1 7.0050000000000008 2 6.495000000000001 3 4 5 6 7 29.675000000000004 8 9 1.0000000180025095e-35 27.555000000000003 10 11 21.665000000000003 21.245000000000001 12
decision_type=9 1 8 9 10 1 9 9 9 1 10 1 9 2 8 9 9 10 8 9
left_child=1 2 3 -1 8 6 -2 9 -5 -7 11 12 14 15 -8 -14 -13 18 -18 -20
right_child=5 -3 -4 4 -6 7 10 -9 -10 -11 -12 16 13 -15 -16 -17 17 -19 19 -21
leaf_value=-0.013051140550118967 0.20822600822068152 0.00024545112442249953 0.28939040561810819 0.5774544502775032 5.0253433067699351 0.14332848221850075 0.3849409085490878 -0.22176664054628209 3.0046737606355571 -0.13243308817051086 -0.43210753579828332 -0.4746571480784918 2.497333691828902 -0.35046314729935191 1.8895792985483226 -0.085546132502693273 0.02357174218932203 -0.60957041561638081 3.1343524478427911 0.12863938957864515
leaf_weight=310 16427 17616 8181 256 74 9565 1771 22175 124 8661 2528 2530 116 1485 244 123 5666 1189 109 209
leaf_count=310 16427 17616 8181 256 74 9565 1771 22175 124 8661 2528 2530 116 1485 244 123 5666 1189 109 209
internal_value=0.00464385 0.124065 0.367636 1.21018 2.00147 -0.0389397 0.0574177 -0.116202 1.46425 0.0122857 -0.0977396 -0.0349262 0.246997 -0.125121 0.564414 1.26939 -0.143672 -0.0264267 0.0894048 1.26206
internal_weight=99359 26561 8945 764 454 72798 32397 40401 380 18226 15970 13442 3739 1724 2015 239 9703 7173 5984 318
internal_count=99359 26561 8945 764 454 72798 32397 40401 380 18226 15970 13442 3739 1724 2015 239 9703 7173 5984 318
cat_boundaries=0 3 5 7 9 11 14 16 18 20 22 24 26 28
cat_threshold=134610974 1610747659 1 2160657969 1418 134348816 536872193 2987420110 4505 4095324384 108568640 669026816 2365919412 2 262152 131080 1287885872 2048 2147483720 4376 10488577 427884688 4211712 36 2817 65556 27262976 277086208
is_linear=0
shrinkage=0.0711242


Tree=258
num_leaves=21
num_cat=4
split_feature=1 10 5 1 7 9 10 1 9 10 10 10 7 9 10 9 9 1 9 7
split_gain=96416 42438.7 67375.5 78873.5 156466 56135.7 71539.8 130962 69575.2 67375.3 51042.6 78618.7 58938.1 117089 85086.4 66487.3 60860.8 50744.9 70078.6 111955
threshold=0 12.815000000000003 1.0000000180025095e-35 1 20.295000000000005 5.2550000000000008 11.655000000000003 2 11.495000000000003 9.5350000000000019 5.5750000000000011 5.8550000000000013 13.905000000000003 9.9350000000000005 9.6450000000000014 30.205000000000002 9.6050000000000022 3 5.0750000000000011 16.665000000000003
decision_type=1 8 2 1 2 8 10 1 10 10 10 10 2 8 10 8 8 1 8 2
left_child=1 2 3 4 5 9 8 -8 -7 -1 -5 -12 14 -14 16 -16 -13 18 -4 -20
right_child=-2 -3 17 10 -6 6 7 -9 -10 -11 11 12 13 -15 15 -17 -18 -19 19 -21
leaf_value=-0.21672242473540257 -0.037190506854737723 0.047502429625569872 1.0371096417030801 -0.37480635783109634 -0.6019689730566834 1.2187064863642407 -1.3231657135979542 0.8586213597041088 0.25978398420302928 1.5891079512053294 1.8910017884807471 -1.3364988298942573 1.4013816977464284 0.12403663529955131 0.68927053977259367 -0.63039527278579655 -0.14155329267246397 0.18751475021783037 -0.025991205270566409 -1.3182944261668352
leaf_weight=549 66189 20230 168 859 525 1875 195 424 481 129 139 355 486 1434 734 262 549 2162 932 533
leaf_count=549 66189 20230 168 859 525 1875 195 424 481 129 139 355 486 1434 734 262 549 2162 932 533
internal_value=0.012335 0.111584 0.21302 0.319041 0.544774 0.711083 0.844181 0.163711 1.02295 0.127024 0.121904 0.229991 0.169509 0.447414 -0.111328 0.342104 -0.610892 -0.0383042 -0.336359 -0.496211
internal_weight=99210 33021 12791 8996 4178 3653 2975 619 2356 678 4818 3959 3820 1920 1900 996 904 3795 1633 1465
internal_count=99210 33021 12791 8996 4178 3653 2975 619 2356 678 4818 3959 3820 1920 1900 996 904 3795 1633 1465
cat_boundaries=0 2 4 5 7
cat_threshold=2885945893 3141 671091232 1088 536871424 134218272 1088
is_linear=0
shrinkage=0.0711242


Tree=259
num_leaves=21
num_cat=3
split_feature=10 10 9 9 9 7 2 7 9 10 9 2 10 9 7 10 0 8 9 9
split_gain=52708.4 65126.1 83240.4 58477.5 52365.2 65150.1 141332 127466 48283.3 84714.3 77486.6 80701.8 99697.8 142904 93393.4 91468.3 64542.9 55288.4 195622 47777.8
threshold=21.665000000000003 21.525000000000002 13.075000000000001 45.715000000000011 4.705000000000001 12.625000000000002 0 10.105000000000002 6.1950000000000012 19.735000000000003 6.0550000000000006 1 18.665000000000003 3.0050000000000003 9.6250000000000018 8.0450000000000017 2 0.95000000000000007 5.7350000000000012 6.8850000000000007
decision_type=10 10 10 10 10 2 1 2 8 10 10 1 8 10 2 8 1 2 10 10
left_child=1 3 -3 8 5 6 7 -2 9 10 11 15 13 -13 -15 17 -12 -1 -19 -6
right_child=4 2 -4 -5 19 -7 -8 -9 -10 -11 16 12 -14 14 -16 -17 -18 18 -20 -21
leaf_value=-0.21390070759897106 0.22712945603840309 3.1796963157838243 0.47548854617082337 -0.46853388754463221 0.36647997985077796 -0.72838112967071467 -0.72477114377109531 3.3446952748502738 0.067442864584677867 -2.1200183467148901 -0.12432304368914979 -1.8845046429150094 2.7284165075862581 -1.2193266460845453 0.99611898302183488 -0.81417058340756765 -2.3090856589418705 0.044518603701899376 3.0798847232258004 -0.059854227007292621
leaf_weight=1981 183 70 323 1126 1387 1250 401 104 57279 109 144 130 94 113 647 925 135 799 124 32153
leaf_count=1981 183 70 323 1126 1387 1250 401 104 57279 109 144 130 94 113 647 925 135 799 124 32153
internal_value=0.00654053 0.0450874 0.957756 0.039447 -0.0629943 -0.422457 0.133385 1.31182 0.0486023 -0.158887 -0.116871 -0.0500594 0.521326 0.293829 0.666614 -0.197751 -1.26905 -0.00206785 0.452557 -0.0422228
internal_weight=99477 63999 393 63606 35478 1938 688 287 62480 5201 5092 4813 984 890 760 3829 279 2904 923 33540
internal_count=99477 63999 393 63606 35478 1938 688 287 62480 5201 5092 4813 984 890 760 3829 279 2904 923 33540
cat_boundaries=0 1 2 3
cat_threshold=12 88 9
is_linear=0
shrinkage=0.0711242


Tree=260
num_leaves=21
num_cat=15
split_feature=3 1 1 3 4 3 10 3 3 1 3 1 3 10 10 1 11 3 1 3
split_gain=121801 144566 139085 144911 106622 108485 83092.8 70095.1 68984.4 85503.8 77935.1 68572.4 82679.6 81123.4 88596.2 64370.2 64092.2 183105 224348 121357
threshold=0 1 2 3 1.5000000000000002 4 6.245000000000001 5 6 7 8 9 10 42.375000000000007 14.635000000000003 11 1.0000000180025095e-35 12 13 14
decision_type=9 1 1 9 2 9 8 9 9 1 9 1 9 10 8 1 2 9 1 9
left_child=1 7 3 -2 5 -5 -7 15 9 -4 -11 12 -10 14 -14 -1 -6 -18 -19 -20
right_child=2 -3 8 4 16 6 -8 -9 11 10 -12 -13 13 -15 -16 -17 17 18 19 -21
leaf_value=-0.30084478204540582 -0.3257067857385213 0.026479570491322331 0.17928329063173951 0.21335163032816018 0.146345186666305 1.0285155511335866 -0.99419369685689996 -0.35003858776013058 0.66752476662058169 0.12982089361132201 -0.28019584073902609 0.12387643753597603 0.486625247615801 1.4179632072101445 -0.11914812225985451 0.1400115492683639 -0.92690951821580114 2.2692536666722676 1.2432041962111142 -1.0398636157109464
leaf_weight=3062 8018 22753 10250 1041 4325 114 1034 11412 3140 3923 5808 14736 2141 265 2843 3677 257 473 215 237
leaf_count=3062 8018 22753 10250 1041 4325 114 1034 11412 3140 3923 5808 14736 2141 265 2843 3677 257 473 215 237
internal_value=0.00128545 -0.0929607 0.0668296 -0.114268 0.106155 -0.313596 -0.786419 -0.242615 0.132859 0.0360088 -0.114936 0.216489 0.378827 0.205177 0.141081 -0.0604505 0.273199 0.737317 1.19683 0.0495392
internal_weight=99724 40904 58820 15714 7696 2189 1148 18151 43106 19981 9731 23125 8389 5249 4984 6739 5507 1182 925 452
internal_count=99724 40904 58820 15714 7696 2189 1148 18151 43106 19981 9731 23125 8389 5249 4984 6739 5507 1182 925 452
cat_boundaries=0 3 5 7 10 12 14 16 18 20 22 24 26 28 30 32
cat_threshold=1327694672 2065753640 2 1258870353 2808 630784161 5120 2157450412 2152011969 1 809535490 68681728 1124074256 1090519560 805579947 77201666 37936156 437 11392 524546 270837568 2084 2151710724 2151678032 168350736 16 4194304 8388880 629145600 5120 268722176 1048578
is_linear=0
shrinkage=0.0711242


Tree=261
num_leaves=21
num_cat=15
split_feature=3 1 9 3 1 3 1 3 9 3 4 1 3 1 1 7 3 1 4 1
split_gain=107905 135917 108199 148910 90276.5 159343 113673 107818 82903.2 234651 97401.9 82320.7 82060.2 98979.4 84549.7 79482.5 75997.2 74020.2 101613 71741.2
threshold=0 1 8.3450000000000006 2 3 4 5 6 7.1450000000000005 7 1.5000000000000002 8 9 10 11 17.325000000000003 12 13 2.5000000000000004 14
decision_type=9 1 8 9 1 9 1 9 8 9 2 1 9 1 1 2 9 1 2 1
left_child=1 2 3 11 5 6 8 -6 9 17 -11 -1 13 -4 -14 -12 -8 -2 -19 -5
right_child=4 -3 12 19 7 -7 16 -9 -10 10 15 -13 14 -15 -16 -17 -18 18 -20 -21
leaf_value=0.83933201127970891 1.2811977272932682 0.020151058866225233 0.59326168721638106 -0.46686635758438377 -0.1452730031189553 0.0023955193026426436 0.41349043379749978 0.11299393882603487 0.44623334708298179 -2.4931079446990321 -1.4346111300653224 -0.43246822542661906 -1.4506378589931912 -0.12045619114656683 -0.27148832093971109 1.2625917995666891 -0.099642364018801333 5.072744865312087 1.9823233458066425 -1.4971879495394367
leaf_weight=350 318 22092 1245 574 17210 16185 2500 15561 5720 80 83 894 313 4524 7142 165 3486 92 130 967
leaf_count=350 318 22092 1245 574 17210 16185 2500 15561 5720 80 83 894 313 4524 7142 165 3486 92 130 967
internal_value=-0.00017385 -0.0942221 -0.251967 -0.655036 0.0580692 0.150014 0.339871 -0.0226403 0.543707 1.1922 -0.326621 -0.0707728 -0.167267 0.0343368 -0.322889 0.359708 0.114998 2.08214 3.12387 -1.11894
internal_weight=99631 38101 16009 2785 61530 28759 12574 32771 6588 868 328 1244 13224 5769 7455 248 5986 540 222 1541
internal_count=99631 38101 16009 2785 61530 28759 12574 32771 6588 868 328 1244 13224 5769 7455 248 5986 540 222 1541
cat_boundaries=0 3 5 7 9 11 13 15 17 19 21 23 24 26 27 28
cat_threshold=562108110 2847150785 2 90216442 624 1038 26476672 577836529 4984 1109434368 1447766034 536942001 24 237281280 1447733274 8192 4917248 128 528 4736 671093441 67109248 576 128 40960 1413480464 65793 83886088
is_linear=0
shrinkage=0.0711242


Tree=262
num_leaves=21
num_cat=3
split_feature=1 9 1 9 9 10 10 9 4 10 10 9 11 4 1 9 9 4 10 10
split_gain=73808.9 48555 65892.2 123260 74292.5 66371.1 65042.6 57201.4 94369.5 60952.9 55546.5 47176.4 83564.7 75973.8 40091.3 37542.1 72182.2 44676.5 42207.5 73490.5
threshold=0 18.585000000000004 1 18.355000000000004 16.005000000000006 5.5750000000000011 35.455000000000005 13.465000000000002 2.5000000000000004 11.365 28.135000000000002 32.705000000000005 1.0000000180025095e-35 4.5000000000000009 2 21.845000000000002 21.545000000000005 5.5000000000000009 14.745000000000003 13.305000000000001
decision_type=1 8 1 10 8 8 10 10 2 10 10 10 2 2 1 10 10 2 8 10
left_child=1 2 3 4 6 -6 7 8 -1 -9 -11 -2 13 -13 15 16 17 -3 19 -17
right_child=11 14 -4 -5 5 -7 -8 9 -10 10 -12 12 -14 -15 -16 18 -18 -19 -20 -21
leaf_value=-0.9009141458585036 -0.028168937740482319 -0.01007503231360167 0.10148402055282334 3.1138048530285487 -2.0611085533105178 0.15729834958807939 -0.9458211858516814 0.89595865073989589 2.079835462519005 4.226695671653375 1.5785047369715284 -0.28558029746205632 -1.0013032334034357 0.14743158751756211 0.0282659017518683 -0.49485428955357702 1.6278270866307023 -0.88224385207112976 -0.95266981439434839 1.3256778584977711
leaf_weight=127 42873 1874 23869 93 78 540 78 169 93 76 85 6402 617 3015 17206 617 122 353 630 137
leaf_count=127 42873 1874 23869 93 78 540 78 169 93 76 85 6402 617 3015 17206 617 122 353 630 137
internal_value=-0.00331563 0.0624161 0.128922 0.612655 0.430683 -0.122945 0.975437 1.24802 0.359451 1.84014 2.8302 -0.0606491 -0.199488 -0.146945 -0.017619 -0.228569 -0.0560446 -0.148351 -0.523016 -0.163951
internal_weight=99054 46147 25208 1339 1246 618 628 550 220 330 161 52907 10034 9417 20939 3733 2349 2227 1384 754
internal_count=99054 46147 25208 1339 1246 618 628 550 220 330 161 52907 10034 9417 20939 3733 2349 2227 1384 754
cat_boundaries=0 2 4 6
cat_threshold=1315763012 2385 561152 1 1108090944 64
is_linear=0
shrinkage=0.0711242


Tree=263
num_leaves=21
num_cat=6
split_feature=1 9 1 11 1 9 1 9 1 11 9 8 9 4 1 9 11 9 9 8
split_gain=97666.7 52580.8 165709 71418.4 101853 41795.8 102296 71983 76558.8 59531.4 50968.9 52747.6 51547 40884.2 72478.8 70588.6 224698 122171 91680.4 64668.5
threshold=0 48.485000000000007 1 1.0000000180025095e-35 2 19.695000000000004 3 19.435000000000006 4 1.0000000180025095e-35 37.365000000000002 4.1000000000000005 27.055000000000003 3.5000000000000004 5 5.2550000000000008 1.0000000180025095e-35 4.495000000000001 7.7550000000000008 0.95000000000000007
decision_type=1 8 1 2 1 10 1 10 1 2 10 2 10 2 1 10 2 10 10 2
left_child=5 13 -3 -4 -5 7 9 -1 -9 10 11 -7 -13 -2 15 16 -15 19 -17 -18
right_child=1 2 3 4 -6 6 -8 8 -10 -11 -12 12 -14 14 -16 18 17 -19 -20 -21
leaf_value=-0.060550135223870954 0.0088161755060934283 0.71576965114653002 -0.74282636478805952 2.0696080480877952 -0.82296646039833643 -0.082759795606075534 -0.66990699887875182 2.4538510602093324 0.19661427547794011 -0.51560816129535547 -0.32497257698736448 1.456489504676149 0.23553382484270305 -0.82902594814255248 0.21449533628559411 -0.80192065700064941 -0.18257131562139331 4.6959422543654492 -0.0099236105580176696 2.6326781106104074
leaf_weight=24341 33985 649 1759 108 122 4557 2004 107 238 1614 2447 192 1958 220 16588 827 82 75 6972 83
leaf_count=24341 33985 649 1759 108 122 4557 2004 107 238 1614 2447 192 1958 220 16588 827 82 75 6972 83
internal_value=-0.00958905 0.0455763 -0.265059 -0.58577 0.589733 -0.100103 -0.204579 -0.0460892 0.973937 -0.117242 -0.0471276 0.0542449 0.344623 0.0595132 0.128855 -0.0433596 0.812676 2.31733 -0.0939145 1.23422
internal_weight=98928 61470 2638 1989 230 37458 12772 24686 345 10768 9154 6707 2150 58832 24847 8259 460 240 7799 165
internal_count=98928 61470 2638 1989 230 37458 12772 24686 345 10768 9154 6707 2150 58832 24847 8259 460 240 7799 165
cat_boundaries=0 2 4 6 8 10 12
cat_threshold=909746384 4370 1224999208 584 147457 3205 339247120 256 536879296 4096 151012864 1224
is_linear=0
shrinkage=0.0711242


Tree=264
num_leaves=21
num_cat=7
split_feature=1 6 8 7 1 7 4 7 8 1 1 7 7 1 7 1 11 1 4 7
split_gain=78110.6 56059.2 86326.1 57972.8 39506.5 56485.4 38487.3 94481.9 166458 51340.9 49951 58834.3 34389.3 83085.2 80609 122304 60964.5 60522.7 112455 46182
threshold=0 1.0000000180025095e-35 1.2500000000000002 17.085000000000004 1 11.405000000000003 1.0000000180025095e-35 19.215000000000003 1.6500000000000001 2 3 18.855000000000004 17.445000000000004 4 16.965000000000003 5 1.0000000180025095e-35 6 4.5000000000000009 17.735000000000003
decision_type=1 2 2 2 1 2 2 2 2 1 1 2 2 1 2 1 2 1 2 2
left_child=1 -1 3 -3 5 -2 7 10 -9 -10 -7 -12 14 19 17 -16 -15 18 -8 -14
right_child=4 2 -4 -5 -6 6 12 8 9 -11 11 -13 13 16 15 -17 -18 -19 -20 -21
leaf_value=-0.23450116753103728 -0.049171774543475891 -0.30565631777194219 0.18654559346946475 -1.8500329017460813 -0.0097763867577970089 0.80631450911811475 -0.59314573807980675 3.6379029844195983 -0.087004153035009094 1.1899302395992191 0.073034610522308169 -1.867316760193549 -0.86020081498914824 -0.034915375603818466 2.311798604336774 0.33144383717549331 -0.62991259189478432 0.2400227658764984 0.52801590659495279 0.379056588310618
leaf_weight=10875 9826 482 3949 165 52900 461 1297 110 284 362 1627 83 161 3836 212 585 1127 7408 695 2734
leaf_count=10875 9826 482 3949 165 52900 461 1297 110 284 362 1627 83 161 3836 212 585 1127 7408 695 2734
internal_value=0.000374761 -0.146392 0.0617728 -0.699706 0.0275147 0.0915289 0.157464 0.396704 1.08143 0.645687 0.158229 -0.0211127 0.118677 0.006859 0.204845 0.891571 -0.169695 0.146612 -0.200962 0.309046
internal_weight=99179 15471 4596 647 83708 30808 20982 2927 756 646 2171 1710 18055 7858 10197 797 4963 9400 1992 2895
internal_count=99179 15471 4596 647 83708 30808 20982 2927 756 646 2171 1710 18055 7858 10197 797 4963 9400 1992 2895
cat_boundaries=0 2 4 6 7 9 10 11
cat_threshold=1879050752 2560 49185012 4 10616836 4 2129936 46137472 4 33816612 37748864
is_linear=0
shrinkage=0.0711242


Tree=265
num_leaves=21
num_cat=15
split_feature=3 1 3 1 3 3 1 3 1 9 1 1 3 9 1 4 4 3 9 1
split_gain=126237 122537 97463.8 93892.1 82934.1 82294.8 90390.2 74248.2 102261 69126.5 65337.9 55001.6 177106 128779 90236.1 73481.3 67017.9 54509.4 53900 80187.3
threshold=0 1 2 3 4 5 6 7 8 1.0000000180025095e-35 9 10 11 12.485000000000001 12 4.5000000000000009 2.5000000000000004 13 1.0000000180025095e-35 14
decision_type=9 1 9 1 9 9 1 9 1 10 1 1 9 10 1 2 2 9 10 1
left_child=1 2 9 4 10 6 -5 8 17 -1 -2 12 13 14 15 -9 -15 -3 19 -8
right_child=3 7 -4 5 -6 -7 18 11 -10 -11 -12 -13 -14 16 -16 -17 -18 -19 -20 -21
leaf_value=1.3118627619943455 0.04190684407747295 -0.2165881739296647 -0.42398034825963926 0.78781037930398512 0.067610553130232565 0.059548376359030993 -2.2082007838421389 1.9436767989919532 0.0034332179599025469 -0.089049371746848432 -0.34338619536372583 -0.019465282916882126 0.046279765629085222 1.1702452570090758 0.75417045733734644 4.3844797194709955 -0.30255768995029808 -0.72725000523282524 0.24723774231485274 0.25725778540945166
leaf_weight=184 3504 2525 8470 1658 14144 19184 104 252 7109 5552 6108 13369 5305 254 334 83 406 1847 8703 162
leaf_count=184 3504 2525 8470 1658 14144 19184 104 252 7109 5552 6108 13369 5305 254 334 83 406 1847 8703 162
internal_value=-0.0105296 -0.0973673 -0.270701 0.063545 -0.0419352 0.147586 0.306307 -0.0190953 -0.163187 -0.0440146 -0.203033 0.0636487 0.230917 0.962038 1.66462 2.47552 0.264327 -0.433501 0.216511 -0.780405
internal_weight=99257 45690 14206 53567 23756 29811 10627 31484 11481 5736 9612 20003 6634 1329 669 335 660 4372 8969 266
internal_count=99257 45690 14206 53567 23756 29811 10627 31484 11481 5736 9612 20003 6634 1329 669 335 660 4372 8969 266
cat_boundaries=0 3 5 7 9 12 15 17 20 22 24 26 28 29 31 33
cat_threshold=3502952087 2736759568 2 557875741 1180 3225944070 2198536448 2071992306 1286 136577056 482349252 1 262176 473962596 1 294913 128 1078462468 2198536192 2 109390018 96 813699344 256 2518745218 96 49152 536903680 270598274 1078460420 33685504 2152351744 2048
is_linear=0
shrinkage=0.0711242


Tree=266
num_leaves=21
num_cat=4
split_feature=1 9 6 1 4 9 1 9 8 9 7 9 9 7 7 7 7 1 9 9
split_gain=77296.3 78844.2 74034.6 135605 127274 81083.7 66269.6 70149.8 62233 88866.4 74043.9 98234.6 74593 61876.8 65473.9 54642.5 62581.9 60209.7 54118 50587.8
threshold=0 41.785000000000004 1.0000000180025095e-35 1 5.5000000000000009 41.175000000000004 2 35.245000000000012 3.0000000000000004 26.345000000000002 7.5650000000000004 33.835000000000008 31.145000000000003 18.435000000000006 19.035000000000004 21.475000000000005 21.525000000000002 3 27.055000000000003 26.565000000000001
decision_type=1 10 2 1 2 8 1 10 2 10 2 8 10 2 2 2 2 1 10 8
left_child=15 2 6 4 5 -4 -2 8 9 -8 11 12 -10 18 -15 -1 -17 -18 -6 -12
right_child=1 -3 3 -5 13 -7 7 -9 10 -11 19 -13 -14 14 -16 16 17 -19 -20 -21
leaf_value=-0.10063199927649226 0.12311806242362149 -0.23108729265826117 1.0563264347252823 0.082918158525460403 -0.48345018325075861 -1.0201952758965558 -0.053866558665542817 -0.38069413644716082 1.1064700199925908 -1.2376871218418559 0.58693141498346302 -0.89327897951057589 3.8424002699188291 2.8859696218588859 0.49528432219169477 2.1013648185564651 -0.60796330462729542 0.68359076624768811 0.40189825500511656 0.012084371029763336
leaf_weight=34372 17585 4837 1926 12734 782 100 16624 2987 146 327 1000 77 77 70 335 104 269 524 631 3432
leaf_count=34372 17585 4837 1926 12734 782 100 16624 2987 146 327 1000 77 77 70 335 104 269 524 631 3432
internal_value=-0.00185355 0.0449339 0.0676351 0.195014 0.564656 0.953793 0.0176601 -0.0575379 -0.0130458 -0.0767098 0.215009 1.29623 2.0523 0.134079 0.909024 -0.0863056 0.461658 0.246406 -0.0880812 0.141797
internal_weight=98939 63670 58833 16578 3844 2026 42255 24670 21683 16951 4732 300 223 1818 405 35269 897 793 1413 4432
internal_count=98939 63670 58833 16578 3844 2026 42255 24670 21683 16951 4732 300 223 1818 405 35269 897 793 1413 4432
cat_boundaries=0 2 4 6 7
cat_threshold=306488977 3272 9508896 4096 85459022 275 268698256
is_linear=0
shrinkage=0.0711242


Tree=267
num_leaves=21
num_cat=8
split_feature=3 10 11 9 3 3 4 3 10 2 9 3 6 10 10 7 3 10 9 2
split_gain=105540 87568.1 166814 169628 243268 145093 109716 110891 128609 105078 76356.9 75458.2 81482.1 146204 89779.6 72584.8 68022.7 93016.5 132850 184272
threshold=0 12.725000000000003 1.0000000180025095e-35 9.2750000000000004 1 2 2.5000000000000004 3 19.335000000000004 4 6.8850000000000007 5 1.0000000180025095e-35 19.065000000000001 18.165000000000003 19.455000000000002 6 9.1250000000000018 6.7550000000000008 7
decision_type=9 10 2 10 9 9 2 9 10 1 8 9 2 10 10 2 9 8 10 1
left_child=1 16 3 4 6 9 7 8 -3 -4 -6 -8 14 -14 -13 -15 17 18 -1 -20
right_child=-2 2 5 -5 10 -7 11 -9 -10 -11 -12 12 13 15 -16 -17 -18 -19 19 -21
leaf_value=0.62127495066202132 0.061423809425003077 4.2160289273920517 -1.8216329498549733 -0.0060258649407477632 -2.3847656589352639 -0.25651746746972931 -1.5277331027835064 -0.096625035581144686 0.82256181959648289 -0.62943680358318976 -1.0502475534874403 -2.8818790088899031 3.0636154381144833 0.6637848639132643 -0.20594782911408557 -1.8962480281145777 -0.089861029242898877 0.48765898092460302 -0.0029632097189171459 -1.4712154510527644
leaf_weight=1114 57475 79 619 18970 282 3041 259 412 198 1021 940 86 93 157 241 87 8298 3280 2117 534
leaf_count=1114 57475 79 619 18970 282 3041 259 412 198 1021 940 86 93 157 241 87 8298 3280 2117 534
internal_value=-0.00112371 -0.0870628 -0.165411 -0.0827039 -0.595949 -0.550648 -0.0178364 0.661149 1.729 -1.0878 -1.34734 -0.524893 -0.108929 0.665456 -0.910294 -0.249362 0.048124 0.210479 -0.0304424 -0.304318
internal_weight=99303 41828 26485 21804 2834 4681 1612 689 277 1640 1222 923 664 337 327 244 15343 7045 3765 2651
internal_count=99303 41828 26485 21804 2834 4681 1612 689 277 1640 1222 923 664 337 327 244 15343 7045 3765 2651
cat_boundaries=0 3 5 8 10 11 13 16 17
cat_threshold=1262744065 1516399300 1 193024 39864448 134287360 35654336 1 147456 2113536 73 16896 16512 168013824 1073875584 1 178
is_linear=0
shrinkage=0.0711242


Tree=268
num_leaves=21
num_cat=6
split_feature=1 7 9 1 6 1 7 9 7 1 11 9 7 9 9 7 7 1 9 1
split_gain=101646 86339 120430 121856 82739.3 127175 107268 130331 108555 169294 233299 124961 123687 96414.8 139184 192178 78604.3 78491.6 88205.6 251890
threshold=0 18.105000000000004 16.215000000000003 1 1.0000000180025095e-35 2 7.2950000000000008 15.795000000000002 8.7250000000000032 3 1.0000000180025095e-35 9.9350000000000005 13.485000000000001 5.4250000000000007 8.1150000000000002 11.045000000000002 13.305000000000001 4 10.775 5
decision_type=1 2 10 1 2 1 2 10 2 1 2 8 2 10 10 2 2 1 10 1
left_child=1 2 3 4 6 13 -1 8 9 10 -8 -10 -13 -6 -15 -16 -7 -3 19 -19
right_child=-2 17 -4 -5 5 16 7 -9 11 -11 -12 12 -14 14 15 -17 -18 18 -20 -21
leaf_value=-0.74591439903631607 -0.049072570329528047 0.1915469561255278 0.058064724629278891 0.11334003700210075 3.0126620473037065 0.0055106327011551883 1.6693953067876699 2.5714253207863247 -0.17770768573394388 0.14764935433584811 6.1012653502569449 0.35751901462359043 1.3573472986293837 -1.7604011885634978 3.6109611605993397 0.035058787472347919 -1.4553111475115081 -2.1894030719018951 -0.084228654140678719 -0.12564536921147607
leaf_weight=240 50838 3888 24396 6271 95 611 273 200 875 259 77 1388 1140 104 113 232 268 401 6572 1119
leaf_count=240 50838 3888 24396 6271 95 611 273 200 875 259 77 1388 1140 104 113 232 268 401 6572 1119
internal_value=0.0212055 0.0948286 0.149171 0.332162 0.564575 0.093416 0.716435 0.799774 0.711402 1.5859 2.57221 0.554864 0.808423 0.937979 0.519398 1.20692 -0.435033 -0.0708503 -0.19692 -0.685422
internal_weight=99360 48522 36542 12146 5875 1423 4452 4212 4012 609 350 3403 2528 544 449 345 879 11980 8092 1520
internal_count=99360 48522 36542 12146 5875 1423 4452 4212 4012 609 350 3403 2528 544 449 345 879 11980 8092 1520
cat_boundaries=0 2 4 5 7 9 11
cat_threshold=2492381558 1474 269265008 192 262160 8256 64 276828416 1282 2147493954 64
is_linear=0
shrinkage=0.0711242


Tree=269
num_leaves=21
num_cat=4
split_feature=10 11 9 10 9 0 9 9 0 6 0 9 9 9 9 0 9 10 9 4
split_gain=29007.8 54832.5 114391 68699.8 80986.8 53508.3 47834.5 44947.8 43295.3 41461.8 69311.3 79365.3 64599.2 171809 60482.2 119371 49931.8 48366.3 59152.1 41047.3
threshold=26.085000000000004 1.0000000180025095e-35 7.2750000000000012 33.765000000000008 5.2550000000000008 0 5.5850000000000009 6.6250000000000009 1 1.0000000180025095e-35 2 36.285000000000004 6.7550000000000008 7.5150000000000006 9.1550000000000029 3 45.245000000000012 39.125000000000007 6.0550000000000006 2.5000000000000004
decision_type=8 2 10 10 10 1 8 10 1 2 1 10 10 10 10 1 10 8 10 2
left_child=8 9 3 6 -5 -4 -3 -8 -1 10 11 -2 17 -14 15 -15 -16 -11 -19 -12
right_child=1 2 5 4 -6 -7 7 -9 -10 12 19 -13 13 14 16 -17 -18 18 -20 -21
leaf_value=-0.075665320856353899 0.14545125108057042 0.11474827550340416 -0.16170890315723288 -2.1911188710635234 0.7459371926983599 -0.73904507815911402 1.7199496656370787 -0.0056270973402161861 0.040527794152045153 -1.3852482563708886 -0.11179205679234619 -0.72145953882012137 2.8298531377204266 0.74904244942990972 0.20500609463856145 -1.9303538152480193 -0.55050649833064391 0.32174513056608151 -1.8635905701284456 -0.41054231330012381
leaf_weight=25382 6036 389 1373 103 88 2051 273 106 44912 243 5891 586 119 140 6276 191 476 317 78 3845
leaf_count=25382 6036 389 1373 103 88 2051 273 106 44912 243 5891 586 119 140 6276 191 476 317 78 3845
internal_value=-0.0259974 -0.0864133 -0.317885 0.368661 -0.838193 -0.510178 0.668865 1.23744 -0.00143264 -0.0444857 -0.108939 0.0686235 0.0899939 0.150762 0.105716 -0.832853 0.151738 -0.595902 -0.110104 -0.229543
internal_weight=98875 28581 4383 959 191 3424 768 379 70294 24198 16358 6622 7840 7202 7083 331 6752 638 395 9736
internal_count=98875 28581 4383 959 191 3424 768 379 70294 24198 16358 6622 7840 7202 7083 331 6752 638 395 9736
cat_boundaries=0 1 2 3 4
cat_threshold=12 9 17 4
is_linear=0
shrinkage=0.0711242


Tree=270
num_leaves=21
num_cat=12
split_feature=3 1 1 3 3 1 1 9 3 9 9 1 9 9 3 10 10 1 9 3
split_gain=144567 122787 118433 135346 105078 123023 98152.3 132056 86463.8 150672 144124 126651 193316 165716 144757 119727 191263 86389.5 84109.2 82859.5
threshold=0 1 2 3 4 5 6 6.6250000000000009 7 7.2750000000000012 3.7250000000000005 8 5.2550000000000008 6.6250000000000009 9 10.355000000000002 6.8850000000000007 10 4.2650000000000006 11
decision_type=9 1 1 9 9 1 1 8 9 10 8 1 10 10 9 10 8 1 10 9
left_child=1 8 3 -2 5 -3 -6 -8 9 10 -1 14 15 -14 -12 16 18 -10 -13 -4
right_child=2 4 19 -5 6 -7 7 -9 17 -11 11 12 13 -15 -16 -17 -18 -19 -20 -21
leaf_value=-0.37585654562433518 -0.36348790927960706 -0.16967936542700507 0.14605906669622359 -0.023925103964818954 0.099905076729966444 0.34469282144288116 -1.6391386947044955 -0.23696387977317571 0.37303737162904316 0.26503754999580309 2.3699814503420771 4.6658576160850922 -0.028549568866249344 2.7503614290476239 -0.10985801867075645 1.0819917871086242 6.9261874841997475 -0.089247865275551716 1.5814039039458392 -0.072167945200495034
leaf_weight=319 11132 3537 15477 12730 5181 6992 358 6645 3443 6656 148 70 317 165 486 109 75 5010 124 20380
leaf_count=319 11132 3537 15477 12730 5181 6992 358 6645 3443 6656 148 70 317 165 486 109 75 5010 124 20380
internal_value=0.0102181 0.115513 -0.0596745 -0.182423 0.00742484 0.171903 -0.134736 -0.308224 0.260499 0.421118 0.996412 1.28943 1.84619 0.923061 0.497081 3.07165 3.87726 0.0992661 2.69595 0.0220402
internal_weight=99354 39635 59719 23862 22713 10529 12184 7003 16922 8469 1813 1494 860 482 634 378 269 8453 194 35857
internal_count=99354 39635 59719 23862 22713 10529 12184 7003 16922 8469 1813 1494 860 482 634 378 269 8453 194 35857
cat_boundaries=0 3 5 7 9 11 13 15 18 20 22 24 26
cat_threshold=244980251 65308433 5 1201947577 275 1409647403 3462 3221251456 3021078734 33559059 38012177 2551775236 6144 941164548 2180 135927816 25199360 5 10748712 257 1179656 256 69468848 256 3489948800 1343357070
is_linear=0
shrinkage=0.0711242


Tree=271
num_leaves=21
num_cat=10
split_feature=3 1 3 9 10 3 1 9 3 1 1 10 10 3 10 11 9 1 9 10
split_gain=157098 155258 126104 106450 158682 170209 102464 132090 203459 116323 110054 142891 235067 161573 146894 133142 156224 192386 103959 101050
threshold=0 1 2 6.6250000000000009 4.1550000000000011 3 4 9.2750000000000004 5 6 7 10.955000000000002 12.625000000000002 8 23.755000000000006 1.0000000180025095e-35 5.9050000000000011 9 17.885000000000002 20.545000000000005
decision_type=9 1 9 8 10 9 1 8 9 1 1 8 10 9 10 2 10 1 8 10
left_child=6 2 3 4 -2 -6 -1 8 9 -8 11 -10 -13 14 -14 -12 -17 -18 -9 -15
right_child=1 -3 -4 -5 5 -7 7 18 10 -11 15 12 13 19 -16 16 17 -19 -20 -21
leaf_value=0.057026215282036705 1.6966592382871397 -0.023948009178119175 0.36915018077769868 0.10844484541339 1.4855474933361441 -1.5077408565030486 -0.86499962308403999 0.081834515655785992 -3.4240441320250206 -2.6595139122367377 -0.43808113718102099 3.0628134732567505 2.2567076151565928 -5.0035394962106334 -1.492665145775584 -0.38272958291949527 2.7194923001510261 -0.035894256514612845 -0.22860964964789365 -1.6600805432620072
leaf_weight=13776 120 32310 12731 11903 106 648 544 8801 117 296 2235 73 92 70 124 469 260 253 14360 132
leaf_count=13776 120 32310 12731 11903 106 648 544 8801 117 296 2235 73 92 70 124 469 260 253 14360 132
internal_value=0.00378534 0.0796184 0.21076 0.0527724 -0.704761 -1.0871 -0.101601 -0.180126 -0.525475 -1.52141 -0.301963 -1.17205 -0.658771 -1.30922 0.0999277 -0.134371 0.555472 1.41312 -0.110643 -2.68739
internal_weight=99420 57818 25508 12777 874 754 41602 27826 4665 840 3825 608 491 418 216 3217 982 513 23161 202
internal_count=99420 57818 25508 12777 874 754 41602 27826 4665 840 3825 608 491 418 216 3217 982 513 23161 202
cat_boundaries=0 3 5 7 9 11 13 15 17 19 20
cat_threshold=548421443 2226503041 1 4075926659 4609 3360292876 591528030 134217728 536870986 184682572 3786 11538499 2147487104 1141113600 4096 65664 32 2816 69500928 1677984001
is_linear=0
shrinkage=0.0711242


Tree=272
num_leaves=21
num_cat=5
split_feature=1 11 9 1 1 10 7 7 9 9 7 1 9 9 9 1 7 9 10 10
split_gain=98687.6 80794.3 169225 161654 107897 166049 139692 169629 112876 101145 139517 123493 103238 96021.1 95615.3 127013 94356.7 91684.1 80095 80439.8
threshold=0 1.0000000180025095e-35 11.085000000000003 1 2 11.055000000000001 16.605000000000004 18.975000000000005 6.8850000000000007 8.2350000000000012 20.925000000000004 3 38.165000000000006 3.3950000000000005 30.205000000000002 4 9.9650000000000016 14.255000000000001 40.245000000000012 39.125000000000007
decision_type=1 2 10 1 1 10 2 2 10 10 2 1 10 10 10 1 2 10 8 10
left_child=-1 9 4 -4 5 8 -7 -8 -3 10 11 18 -11 16 15 -5 -6 -17 19 -2
right_child=1 2 3 14 13 6 7 -9 -10 12 -12 -13 -14 -15 -16 17 -18 -19 -20 -21
leaf_value=0.068257103733825181 0.27059792937547428 4.007775445066315 -1.5706564174105311 0.26916142767907791 1.0181495921237564 -0.54781828741323557 3.0747160264711551 -0.073287903560292814 0.86936810179063972 0.067241401611836185 -2.1807128674474847 -0.64356634512996769 -0.2533148656416026 0.10071105222543258 -0.91467928324418424 0.14988339862986066 -1.8236729856393332 -0.6236826343103864 -0.82684564188372078 2.6320610143327938
leaf_weight=48540 1367 118 567 1873 76 436 159 190 114 29572 203 2038 6137 2004 1190 1025 265 3178 333 77
leaf_count=48540 1367 118 567 1873 76 436 159 190 114 29572 203 2038 6137 2004 1190 1025 265 3178 333 77
internal_value=-0.0043004 -0.0734628 -0.242243 -0.423406 0.179841 0.787442 0.301009 1.36131 2.46654 -0.0259189 -0.364237 -0.267533 0.0121496 -0.0866756 -0.331245 -0.217511 -1.1902 -0.433998 0.166426 0.396673
internal_weight=99462 50922 11195 7833 3362 1017 785 349 232 39727 4018 3815 35709 2345 7266 6076 341 4203 1777 1444
internal_count=99462 50922 11195 7833 3362 1017 785 349 232 39727 4018 3815 35709 2345 7266 6076 341 4203 1777 1444
cat_boundaries=0 2 4 6 8 10
cat_threshold=1536113542 3616 536870921 4112 2690646064 4111 68191240 4099 2152742912 257
is_linear=0
shrinkage=0.0711242


Tree=273
num_leaves=21
num_cat=4
split_feature=3 8 9 10 4 3 10 10 8 10 10 4 9 8 10 3 9 8 3 10
split_gain=110101 52540.8 124512 187653 133974 68121.5 82451.1 151754 99785.4 98183.6 99481.1 80868.5 65569.3 138436 61661.3 183071 126815 86463.5 60806.1 115224
threshold=0 1.2500000000000002 4.495000000000001 27.035000000000004 2.5000000000000004 1 39.675000000000004 41.115000000000002 1.0500000000000003 32.545000000000009 24.845000000000002 3.5000000000000004 10.975000000000003 1.1500000000000001 4.9350000000000014 2 14.865 2.1500000000000008 3 43.795000000000009
decision_type=9 2 8 10 2 9 8 8 2 10 10 2 10 2 8 9 10 2 9 10
left_child=1 5 3 4 -3 6 9 -8 -9 10 -1 -11 13 -12 15 16 -4 -18 -10 -20
right_child=-2 2 14 -5 -6 -7 7 8 18 11 12 -13 -14 -15 -16 -17 17 -19 19 -21
leaf_value=0.042429957195716898 -0.071491839675378241 1.2277913333897932 3.446705123447964 -1.0401235342863673 5.5409414607721539 -0.21807431816284825 3.8436279661841186 2.3866766746418877 -0.71890153942471891 -0.37529327877899388 0.20208110205554691 -2.7459749968554021 -0.078941043945413528 4.5106364294717416 0.099862018075072542 -0.54477388440178609 2.2374580336648782 -0.62905992539898326 -0.76825046936381347 3.0987296849428487
leaf_weight=4354 55254 76 152 77 70 5954 78 109 248 223 73 108 81 78 31571 290 103 110 81 75
leaf_count=4354 55254 76 152 77 70 5954 78 109 248 223 73 108 81 78 31571 290 103 110 81 75
internal_value=-0.00468852 0.0793695 0.125626 1.80014 3.29782 -0.0515151 0.128694 0.922597 0.477883 0.0335171 0.118911 -1.14933 1.55369 2.42902 0.114034 0.797026 1.82785 0.757441 -0.0375153 1.02584
internal_weight=99165 43911 32449 223 146 11462 5508 591 513 4917 4586 331 232 151 32226 655 365 213 404 156
internal_count=99165 43911 32449 223 146 11462 5508 591 513 4917 4586 331 232 151 32226 655 365 213 404 156
cat_boundaries=0 3 6 8 10
cat_threshold=3926318488 3925869403 5 2181471488 570425864 1 412928 1644167170 2181339136 512
is_linear=0
shrinkage=0.0711242


Tree=274
num_leaves=21
num_cat=10
split_feature=3 11 3 8 3 0 3 8 3 3 8 6 3 3 7 2 7 7 7 7
split_gain=140229 38725 119257 52384.9 100746 44376.2 50892.2 36874.2 76391.3 47985.7 46248.9 102268 44241.7 37410.6 36354.3 31777.5 39251.6 30009.8 28390.6 48172.7
threshold=0 1.0000000180025095e-35 1 1.1500000000000001 2 3 4 1.0500000000000003 5 6 0.95000000000000007 1.0000000180025095e-35 7 8 17.815000000000001 9 12.745000000000003 17.385000000000002 17.815000000000001 19.275000000000002
decision_type=9 2 9 2 9 1 9 2 9 9 2 2 9 9 2 1 2 2 2 2
left_child=1 7 3 4 14 6 -4 8 10 -9 13 12 -12 18 -3 16 -6 -13 -1 -20
right_child=-2 2 5 -5 15 -7 -8 9 -10 -11 11 17 -14 -15 -16 -17 -18 -19 19 -21
leaf_value=1.553206947572495 0.059697311704025681 0.43853087965051279 -2.4113944367387563 -0.10834984083996325 1.2470160438449764 -0.40738436275601558 -0.73894136194673299 0.087804140790583851 -0.49976835585124124 -0.11168540441110501 -0.91668728484520434 -0.90126691493528577 0.5285513345410614 0.016731524239230227 -0.94482389460675886 0.49713612344202024 3.2120765132223537 -2.7271458502291743 -0.84470153860752906 0.93785451945903053
leaf_weight=160 58263 166 109 3659 194 3602 599 9316 2792 17629 143 86 348 1039 228 233 70 97 108 264
leaf_count=160 58263 166 109 3659 194 3602 599 9316 2792 17629 143 86 348 1039 228 233 70 97 108 264
internal_value=-0.011135 -0.112168 -0.243776 0.0107179 0.499768 -0.511276 -1.02668 -0.0757425 -0.252377 -0.0427224 0.0572705 -0.435293 0.0996429 0.268971 -0.35306 1.15957 1.70441 -1.86993 0.747154 0.420259
internal_weight=99105 40842 8860 4550 891 4310 708 31982 5037 26945 2245 674 491 1571 394 497 264 183 532 372
internal_count=99105 40842 8860 4550 891 4310 708 31982 5037 26945 2245 674 491 1571 394 497 264 183 532 372
cat_boundaries=0 3 6 8 9 10 12 14 16 18 19
cat_threshold=101310867 1723245137 2 101310464 1085571072 2 34078720 1083211776 16 272 33603600 1176674368 67108995 637665808 0 67117120 0 69246976 16
is_linear=0
shrinkage=0.0711242


Tree=275
num_leaves=21
num_cat=6
split_feature=9 2 10 0 10 9 9 2 10 10 9 10 2 10 9 2 10 2 9 4
split_gain=58637.2 153832 105037 72044.7 87461.8 168452 132577 95921.6 259863 88883.2 199213 78098.4 76800.8 75751.5 97542.7 74899.6 74689.4 66521.9 67850.1 67660.5
threshold=16.215000000000003 0 6.6250000000000009 1 9.9450000000000021 8.4650000000000016 16.105000000000004 2 24.645000000000003 9.6450000000000014 6.7550000000000008 32.855000000000011 3 41.405000000000008 15.065000000000003 4 10.545000000000002 5 13.665000000000001 4.5000000000000009
decision_type=10 1 8 1 8 8 8 1 10 10 10 10 1 10 10 1 10 1 8 2
left_child=3 -2 -3 11 6 7 9 -6 16 12 -11 17 -5 -13 -15 -12 -9 19 -19 -1
right_child=1 2 -4 4 5 -7 -8 8 -10 10 15 13 -14 14 -16 -17 -18 18 -20 -21
leaf_value=0.028973406601640137 -0.92542636188744576 -0.49245712353789928 0.0011311238869998292 1.1469672674118008 -0.17663823553542296 0.043134855353482646 1.226635794999519 1.1653399653377308 -3.2406451622320103 4.4063738660328013 -0.94824220302382445 -0.31560575287221987 0.051291680237056096 0.22153010378640745 2.6836651838970869 0.98863393568620928 -0.6673414154961369 1.002788680648897 0.28043845817526114 0.6212659725139249
leaf_weight=3347 958 2281 49687 323 3113 18144 577 121 201 75 131 2019 11519 844 90 360 1586 1350 1283 1377
leaf_count=3347 958 2281 49687 323 3113 18144 577 121 201 75 131 2019 11519 844 90 360 1586 1350 1283 1377
internal_value=0.0140954 -0.03709 -0.0205305 0.0724045 0.0250608 -0.0577602 0.172831 -0.422352 -0.818006 0.123818 0.994473 0.238149 0.0821973 -0.0705969 0.45901 0.472614 -0.537379 0.362398 0.648363 0.201204
internal_weight=99386 52926 51968 46460 36150 23165 12985 5021 1908 12408 566 10310 11842 2953 934 491 1707 7357 2633 4724
internal_count=99386 52926 51968 46460 36150 23165 12985 5021 1908 12408 566 10310 11842 2953 934 491 1707 7357 2633 4724
cat_boundaries=0 1 2 3 4 5 6
cat_threshold=24 20 152 1 161 3
is_linear=0
shrinkage=0.0711242


Tree=276
num_leaves=21
num_cat=13
split_feature=1 3 3 9 1 3 1 10 3 1 3 10 3 9 9 3 9 1 3 9
split_gain=123614 215471 190344 121989 168945 168284 118163 85519.5 154831 102175 203010 109590 89134 81579.9 81651.6 80499.3 99988.4 94023.7 102057 95293
threshold=0 1 2 28.675000000000004 3 4 5 13.815000000000003 6 7 8 4.1550000000000011 9 5.9050000000000011 9.0450000000000017 10 19.065000000000001 11 12 8.9350000000000005
decision_type=1 9 9 8 1 9 1 10 9 1 9 10 9 10 10 9 10 1 9 10
left_child=1 7 -2 4 5 -4 -5 9 -9 10 11 -1 -11 -13 -15 16 17 18 19 -6
right_child=2 -3 3 6 15 -7 -8 8 -10 12 -12 13 -14 14 -16 -17 -18 -19 -20 -21
leaf_value=-0.61632259915146304 -0.1004740952096459 0.044061584303891406 1.2491108950838985 -1.3698005246721845 2.9442596282289575 0.225873508255999 0.013834966583089881 -1.5492794025348025 -0.40006653795219838 0.0086692125830172342 -0.25784683559965066 0.47369095305736292 -0.46250858990618265 4.5539151560621418 1.8751364910386219 0.046647197971403362 -0.07946238048314179 0.25202110146007101 0.49556582726078124 1.0694631993201387
leaf_weight=80 26818 17981 1566 309 175 1712 14522 672 4811 3341 760 88 5191 100 136 11963 2316 4325 1883 634
leaf_count=80 26818 17981 1566 309 175 1712 14522 672 4811 3341 760 88 5191 100 136 11963 2316 4325 1883 634
internal_value=-0.0104605 -0.122535 0.0456707 0.145133 0.242388 0.717038 -0.0159148 -0.319784 -0.544493 -0.193039 0.429928 1.69853 -0.27821 2.32252 3.01148 0.168909 0.325404 0.459496 0.788941 1.45728
internal_weight=99383 33160 66223 39405 24574 3278 14831 15179 5483 9696 1164 404 8532 324 236 21296 9333 7017 2692 809
internal_count=99383 33160 66223 39405 24574 3278 14831 15179 5483 9696 1164 404 8532 324 236 21296 9333 7017 2692 809
cat_boundaries=0 2 5 7 9 12 14 17 19 21 24 27 29 32
cat_threshold=1862796432 7186 2167665372 1231127631 3 279652609 3284062520 2161281060 269 2857632346 541139524 2 268500992 136 29184 32768 3 0 5138 1249860 33864 2105880 1073841159 1 2147538528 406850179 3 268464131 640 5152 640 1
is_linear=0
shrinkage=0.0711242


Tree=277
num_leaves=21
num_cat=11
split_feature=1 3 3 9 3 1 3 8 3 4 8 4 9 1 3 9 1 3 4 9
split_gain=131726 216071 133955 108033 199204 239306 185658 222607 114981 184794 127468 102256 121985 94961.4 118485 86130.8 108385 75454.7 72904.4 70177.5
threshold=0 1 2 8.8250000000000011 3 4 5 2.2500000000000004 6 1.0000000180025095e-35 1.1500000000000001 1.0000000180025095e-35 5.9050000000000011 7 8 4.8950000000000005 9 10 1.5000000000000002 4.705000000000001
decision_type=1 9 9 10 9 1 9 2 9 2 2 2 8 1 9 10 1 9 2 8
left_child=2 3 19 4 -2 6 7 -6 -7 10 -10 12 -8 14 15 16 -3 -15 -11 -1
right_child=1 13 -4 -5 5 8 11 -9 9 18 -12 -13 -14 17 -16 -17 -18 -19 -20 -21
leaf_value=1.0390905472464809 -0.41328249670148914 2.3692521140900609 -0.18985166934690967 0.13593617662531879 1.6365729475285578 0.66691373201428983 1.4906706442913 4.9279746104879356 0.21875641857595218 -1.7627109887329571 3.8260651492100775 1.0401886325046719 -2.2800160411385528 -0.14813118916722898 -0.40201083108148827 -0.030347792225515632 0.018089594871561244 0.16984672736297549 -0.294980560615621 0.038613461981529894
leaf_weight=362 1042 169 28682 20019 503 1650 72 131 115 208 87 1133 109 6325 7220 3668 233 9334 966 17304
leaf_count=362 1042 169 28682 20019 503 1650 72 131 115 208 87 1133 109 6325 7220 3668 233 9334 966 17304
internal_value=-0.00741384 0.0691849 -0.0949743 0.215278 0.479652 0.666208 1.28018 2.28127 0.268022 -0.211672 1.77339 0.783454 -0.780074 -0.0719814 -0.22913 0.077788 1.06619 0.041396 -0.555134 0.0590862
internal_weight=99332 52984 46348 26035 6016 4974 1948 634 3026 1376 202 1314 181 26949 11290 4070 402 15659 1174 17666
internal_count=99332 52984 46348 26035 6016 4974 1948 634 3026 1376 202 1314 181 26949 11290 4070 402 15659 1174 17666
cat_boundaries=0 2 4 7 9 11 13 15 17 20 21 24
cat_threshold=884169731 1390 877143484 1734222287 221091012 2558643744 3 272629768 67117123 1107854000 641 67110036 537657344 536879360 35258764 50340752 529 2201112576 268470272 1 33554816 3407892480 268490752 1
is_linear=0
shrinkage=0.0711242


Tree=278
num_leaves=21
num_cat=8
split_feature=3 10 3 11 3 9 9 3 9 3 10 10 9 10 9 10 0 0 9 3
split_gain=155773 65647.9 97150.3 102282 81926 136747 81735.2 81644 101262 177705 194115 128085 129044 102492 74736.9 64748.8 57701.9 54935.5 54299.5 49789.4
threshold=0 22.085000000000004 1 1.0000000180025095e-35 2 7.6350000000000007 3.0050000000000003 3 9.4950000000000028 4 19.335000000000004 4.3850000000000007 6.7550000000000008 12.035000000000002 9.7150000000000016 8.6850000000000005 5 6 3.3950000000000005 7
decision_type=9 10 9 2 9 8 8 9 8 9 10 8 10 10 8 10 1 1 10 9
left_child=-1 7 3 17 5 -5 -4 -2 9 10 -9 -11 13 15 16 -13 -10 18 -3 -20
right_child=1 2 6 4 -6 -7 -8 8 14 11 -12 12 -14 -15 -16 -17 -18 -19 19 -21
leaf_value=-0.12414233113275193 0.24738012740919069 -2.1927642316700324 2.4430015146978596 2.79633608962562 -0.95583174107234636 -0.3811834313427786 0.10348547336875889 0.17286282765599556 2.5408500592399652 1.7308363990208708 -2.7975428775895246 -2.0525842007512729 -0.60225849870363057 -3.8897001996059073 0.086639049611486843 0.16258449975041339 0.27551109908248544 -0.010006033504333224 0.14397821439273925 -0.66108539539188604
leaf_weight=36362 14866 86 76 80 1328 474 10559 2694 101 86 116 243 890 117 21200 92 138 8391 622 1026
leaf_count=36362 14866 86 76 80 1328 474 10559 2694 101 86 116 243 890 117 21200 92 138 8391 622 1026
internal_value=-0.00688023 0.0606124 -0.036389 -0.174961 -0.656585 0.0766475 0.120111 0.1148 0.0379288 -0.279733 0.0499798 -0.922391 -1.09939 -2.07796 0.100742 -1.44435 1.35121 -0.0856059 -0.448776 -0.360378
internal_weight=99547 63185 22642 12007 1882 554 10635 40543 25677 4238 2810 1428 1342 452 21439 335 239 10125 1734 1648
internal_count=99547 63185 22642 12007 1882 554 10635 40543 25677 4238 2810 1428 1342 452 21439 335 239 10125 1734 1648
cat_boundaries=0 3 5 7 10 12 13 14 16
cat_threshold=352450308 907681024 2 3805413552 1235279878 3254779904 1090519044 1179696 3380699180 1 705431553 6586386 8 40 38797344 10534916
is_linear=0
shrinkage=0.0711242


Tree=279
num_leaves=21
num_cat=7
split_feature=1 11 9 2 1 1 9 7 7 9 1 7 7 1 9 9 9 1 9 9
split_gain=62643.9 64031.2 331578 194754 164782 84016.4 75994.5 83660 161500 79301.1 267721 81032.2 81363.6 68081.2 83864.1 105745 63618.1 62621.2 79132.6 74481.8
threshold=0 1.0000000180025095e-35 12.885000000000003 1 2 3 3.0050000000000003 18.855000000000004 18.105000000000004 4.2650000000000006 4 20.175000000000004 18.175000000000004 5 28.955000000000002 27.815000000000001 3.0050000000000003 6 19.565000000000001 15.895000000000001
decision_type=1 2 10 1 1 1 8 2 2 10 1 2 2 1 10 10 10 1 10 10
left_child=-1 6 4 -4 5 -3 7 8 -2 10 11 12 -8 14 15 -5 -14 19 -19 -11
right_child=1 2 3 13 -6 -7 9 -9 -10 17 -12 -13 16 -15 -16 -17 -18 18 -20 -21
leaf_value=-0.068943353124418849 0.56016531606035269 1.8259391787855859 -1.9278302366461542 0.10011908445335596 -0.01379265271255686 0.55252935632047484 0.25127464729236426 -0.16138696155197063 4.4425192956993271 0.063720092578653575 -1.2454836905400604 -1.088143199947277 3.2638246370486952 -0.50685442415091153 -0.58687782098642505 2.2376712798559888 0.89739511614928369 0.30660578767653179 0.071428112722234482 -0.30883289543375902
leaf_weight=35172 156 291 402 1486 4233 2435 681 168 83 12534 918 158 90 4217 905 127 159 11298 20139 3465
leaf_count=35172 156 291 402 1486 4233 2435 681 168 83 12534 918 158 90 4217 905 127 159 11298 20139 3465
internal_value=0.00728643 0.0492186 -0.0846146 -0.425238 0.264722 0.694697 0.0870732 1.05487 1.90956 0.0791045 -0.35891 0.396974 0.653632 -0.332172 -0.0387678 0.268532 1.75358 0.0976281 0.155899 -0.0169565
internal_weight=99117 63945 14096 7137 6959 2726 49849 407 239 49442 2006 1088 930 6735 2518 1613 249 47436 31437 15999
internal_count=99117 63945 14096 7137 6959 2726 49849 407 239 49442 2006 1088 930 6735 2518 1613 249 47436 31437 15999
cat_boundaries=0 2 3 5 7 9 11 13
cat_threshold=1150327428 7265 25 2703754297 142 1056 12 707069248 666 2420138048 256 721682753 514
is_linear=0
shrinkage=0.0711242


Tree=280
num_leaves=21
num_cat=3
split_feature=7 2 9 10 7 9 0 7 11 9 9 7 10 10 10 10 8 2 4 7
split_gain=33605.4 145920 177663 125021 114995 111355 134325 126608 140356 204329 161052 147881 215698 108786 105819 170852 105162 86772.9 201642 84611.2
threshold=18.435000000000006 0 1.0000000180025095e-35 16.695000000000004 19.755000000000006 4.495000000000001 1 20.235000000000003 1.0000000180025095e-35 5.9050000000000011 8.3450000000000006 19.515000000000004 11.365 15.455000000000002 9.2350000000000012 12.625000000000002 2.4500000000000006 2 4.5000000000000009 16.425000000000004
decision_type=2 1 10 10 2 10 1 2 2 10 10 2 8 10 10 10 2 1 2 2
left_child=17 2 4 5 -2 6 -4 8 10 -10 11 -7 -13 16 -12 -16 -9 18 -1 -19
right_child=1 -3 3 -5 -6 7 -8 13 9 -11 14 12 -14 -15 15 -17 -18 19 -20 -21
leaf_value=-0.28837935574365409 4.8188664305915845 -0.030089325777698617 -2.1474352573002271 -0.045624900527007448 1.1686555936974876 0.66844397174570314 0.33706992787682621 0.23818795178755592 0.072101853437713512 4.0366904712774208 -2.3076211358361949 1.4651873698113584 5.7085297136956132 -2.1051919618690964 2.9705812812826702 -1.3660053891604858 2.5426135903482878 0.061796841459046938 0.20591706743809879 -0.1793335611394459
leaf_weight=14579 70 16739 134 2663 116 456 460 943 100 192 105 205 86 89 81 106 112 47451 5850 8713
leaf_count=14579 70 16739 134 2663 116 456 460 943 100 192 105 205 86 89 81 106 112 47451 5850 8713
internal_value=0.00122944 0.0773232 0.380542 0.310965 2.54401 0.620374 -0.254112 0.830253 1.30184 2.67939 0.914506 1.46809 2.72057 0.281518 -0.501703 0.512914 0.483019 -0.0212799 -0.146762 0.0243845
internal_weight=99250 22657 5918 5732 186 3069 594 2475 1331 292 1039 747 291 1144 292 187 1055 76593 20429 56164
internal_count=99250 22657 5918 5732 186 3069 594 2475 1331 292 1039 747 291 1144 292 187 1055 76593 20429 56164
cat_boundaries=0 1 2 3
cat_threshold=9 1 9
is_linear=0
shrinkage=0.0711242


Tree=281
num_leaves=21
num_cat=8
split_feature=1 9 1 11 1 6 1 9 9 4 2 9 1 9 1 9 9 1 9 9
split_gain=117458 50596.6 125496 82630.8 99761.1 66587.2 74394.9 63389.8 48171.3 47851.1 46270.3 44234.4 70257.8 49745.5 43352.8 63731 54350.2 87219 36368.1 35702.5
threshold=0 17.075000000000003 1 1.0000000180025095e-35 2 1.0000000180025095e-35 3 20.085000000000004 28.675000000000004 3.5000000000000004 4 33.545000000000009 5 31.145000000000003 6 27.295000000000005 32.705000000000005 7 37.085000000000008 17.885000000000002
decision_type=1 10 1 2 1 2 1 10 10 2 1 10 1 10 1 10 10 1 10 10
left_child=-1 -2 -3 5 8 7 -7 -4 -5 11 18 13 -13 -10 15 -9 17 -16 -11 -6
right_child=1 2 3 4 19 6 -8 14 9 10 -12 12 -14 -15 16 -17 -18 -19 -20 -21
leaf_value=-0.083641212558888345 0.14122095399425136 -0.89763344023727198 0.32181544527404909 0.24608867965382952 -1.5651957792515829 0.45980915753939472 -0.027052301680557608 -0.1937970404657168 -0.45665400626002378 0.64975562709328838 -0.9359106977983811 1.3485540646850498 -1.0572318527989983 -1.8706492497655172 0.96368495216338457 -1.3488600068198888 -0.10686061819824082 0.064887760917066314 -0.70585814921924106 -0.58961599551021648
leaf_weight=43794 27284 748 2678 1631 226 4140 2578 2733 281 486 168 108 118 228 668 265 6657 2835 126 1183
leaf_count=43794 27284 748 2678 1631 226 4140 2578 2733 281 486 168 108 118 228 668 265 6657 2835 126 1183
internal_value=0.00330754 0.0723659 0.00495293 0.0301802 -0.246117 0.0859954 0.273625 0.00639757 -0.0220673 -0.310899 0.0771228 -0.722639 0.105394 -1.09025 -0.0577999 -0.294949 0.0124575 0.239239 0.364639 -0.740926
internal_weight=98935 55141 27857 27109 4555 22554 6718 15836 3146 1515 780 735 226 509 13158 2998 10160 3503 612 1409
internal_count=98935 55141 27857 27109 4555 22554 6718 15836 3146 1515 780 735 226 509 13158 2998 10160 3503 612 1409
cat_boundaries=0 2 3 5 7 8 9 11 12
cat_threshold=1414964314 7812 184615041 2155890692 289 11016224 265 2 2147483652 539496704 24 2147485732
is_linear=0
shrinkage=0.0711242


Tree=282
num_leaves=21
num_cat=14
split_feature=3 1 1 3 3 9 3 1 1 3 10 3 10 6 9 9 3 1 1 3
split_gain=102235 170561 129832 130379 129694 81700 246811 178622 129142 124776 112204 135885 77408.2 80528 135019 79459.7 177872 107548 81565.7 114280
threshold=0 1 2 3 4 6.3350000000000009 5 6 7 8 18.285000000000004 9 40.535000000000004 1.0000000180025095e-35 10.045000000000002 11.895000000000001 10 11 12 13
decision_type=9 1 1 9 9 10 9 1 1 9 8 9 8 2 8 10 9 1 1 9
left_child=1 -1 3 12 -4 6 7 -3 9 -8 -9 -12 15 14 -14 16 17 -2 19 -18
right_child=2 5 4 -5 -6 -7 8 10 -10 -11 11 -13 13 -15 -16 -17 18 -19 -20 -21
leaf_value=-0.076111474317970426 0.56047063566871724 0.082616662735164964 -0.3785425681449 -0.097147225856893463 -0.061412350510892333 0.17679704865070042 -0.50213898212623798 2.4567806836102193 -0.90204955814253418 2.8452302613510749 -1.1603264457453097 2.2897747814472122 -2.6299303688912397 0.40270280439620343 -0.28355028803905841 0.17346638250095481 2.6709100938502819 -0.82279545212507654 0.67269054428539854 0.70703971086577455
leaf_weight=17500 555 419 8840 11975 24865 21708 115 574 562 100 111 102 146 616 823 7649 297 563 1505 342
leaf_count=17500 555 419 8840 11975 24865 21708 115 574 562 100 111 102 146 616 823 7649 297 563 1505 342
internal_value=0.00654513 0.0922689 -0.0541574 0.0705265 -0.144676 0.216627 0.653714 1.28446 -0.337496 1.11251 1.91517 0.545096 0.231158 -0.233101 -0.637287 0.298813 0.592722 -0.137239 0.969473 1.64715
internal_weight=99367 41191 58176 24471 33705 23691 1983 1206 777 215 787 213 12496 1585 969 10911 3262 1118 2144 639
internal_count=99367 41191 58176 24471 33705 23691 1983 1206 777 215 787 213 12496 1585 969 10911 3262 1118 2144 639
cat_boundaries=0 3 5 7 9 11 13 15 17 19 21 23 25 26 28
cat_threshold=600385618 338403991 6 3336923908 4673 3771088454 1632 1479710124 1242562568 1342346632 8 536944722 69959808 17862722 3370 268603457 60 29362176 268435459 8208 67796992 135266472 1074790408 537146882 32 1074008130 34048 134217728
is_linear=0
shrinkage=0.0711242


Tree=283
num_leaves=21
num_cat=15
split_feature=3 1 1 3 1 3 3 4 1 3 3 1 3 10 10 1 3 3 10 4
split_gain=144493 191700 128687 107089 91534.6 84869.4 79082.6 76946.6 196979 236944 166404 146995 77704.1 172100 75994.6 74552.9 182097 125993 89966.9 85752.1
threshold=0 1 2 3 4 5 6 5.5000000000000009 7 8 9 10 11 7.8150000000000004 23.425000000000004 12 13 14 11.745000000000003 2.5000000000000004
decision_type=9 1 1 9 1 9 9 2 1 9 9 1 9 8 10 1 9 9 8 2
left_child=1 5 6 -3 -5 -1 14 15 10 11 -9 -10 13 -11 -2 16 -4 -17 -18 -19
right_child=2 3 7 4 -6 -7 -8 8 9 12 -12 -13 -14 -15 -16 17 18 19 -20 -21
leaf_value=0.20772277158950517 -0.069240364818933753 -0.4313959477766503 0.58266592530812489 -0.35699616262802741 0.024077543813533612 -0.065262315745003671 0.082413875533716957 0.63337042031748858 4.8854079261084786 3.8170251042977124 -0.71594381270578056 1.2744296540210955 0.18767303601685145 0.76541678529430146 -0.47956930120672814 -0.38602296949717768 0.40017607168660785 0.33157078006720608 -0.23030088992041406 -0.065954096051539735
leaf_weight=9607 8909 9190 5018 5058 8602 14362 12297 876 110 106 957 157 954 788 3070 2962 1720 5581 3424 5402
leaf_count=9607 8909 9190 5018 5058 8602 14362 12297 876 110 106 957 157 954 788 3070 2962 1720 5581 3424 5402
internal_value=-0.00556771 -0.0963307 0.0756392 -0.243692 -0.117185 0.044194 -0.0442605 0.179367 0.470493 0.935824 -0.071162 2.8858 0.639953 1.11511 -0.174258 0.131762 0.278159 0.0248612 -0.019447 0.135925
internal_weight=99150 46819 52331 22850 13660 23969 24276 28055 3948 2115 1833 267 1848 894 11979 24107 10162 13945 5144 10983
internal_count=99150 46819 52331 22850 13660 23969 24276 28055 3948 2115 1833 267 1848 894 11979 24107 10162 13945 5144 10983
cat_boundaries=0 3 5 7 10 12 15 17 19 21 23 25 27 29 31 34
cat_threshold=3628801792 4148857258 5 161929844 1501 2945736788 1500 2281709312 71434370 1 67634306 2592 3355972352 4358402 1 657735698 144777728 273225250 513 64 10551296 36962330 143663637 1073741953 6146 8650808 135558672 269030954 2 665894982 10568192 547389504 8454144 2
is_linear=0
shrinkage=0.0711242


Tree=284
num_leaves=21
num_cat=4
split_feature=10 11 0 7 7 0 10 2 10 10 7 10 10 7 0 7 7 4 7 10
split_gain=62024.7 66075.9 89281.8 88266.2 76842.8 112477 97557.2 91083 71404.5 77465.9 63574.3 59396.9 53840.1 53341.2 51865.1 46452.5 43850.1 50896.9 44480.5 53656.9
threshold=21.935000000000006 1.0000000180025095e-35 0 20.925000000000004 17.145000000000003 1 32.245000000000012 2 31.255000000000006 27.835000000000004 12.625000000000002 27.835000000000004 22.815000000000001 10.425000000000002 3 11.705000000000002 13.305000000000001 1.0000000180025095e-35 13.065000000000003 35.455000000000005
decision_type=10 2 1 2 2 1 10 1 10 10 2 10 10 2 1 2 2 2 2 10
left_child=-1 2 16 4 6 -6 7 -3 9 12 -10 -5 -9 -11 -14 -15 17 -2 19 -19
right_child=1 3 -4 11 5 -7 -8 8 10 13 -12 -13 14 15 -16 -17 -18 18 -20 -21
leaf_value=0.036863936602717876 -0.97973928904196195 -0.66026368084426623 0.017712075336055288 1.5546730904379884 -2.4765450169213334 -0.5759377127804659 -0.85560272427893003 -0.84716329251540701 2.6779967587038906 -1.2987217655191561 0.069471886519774595 -0.039239454731797081 1.1709797554237935 1.3174015615665837 0.040573433886719912 -0.37885779205089054 -0.49462078515708235 -0.26588071902959864 1.5901453577926663 0.57918742564092185
leaf_weight=64772 274 808 24180 196 187 907 990 129 108 251 84 298 496 103 358 393 2862 1306 91 536
leaf_count=64772 274 808 24180 196 187 907 990 129 108 251 84 298 496 103 358 393 2862 1306 91 536
internal_value=-0.00418824 -0.0811344 -0.0392371 -0.311999 -0.40491 -0.928885 -0.250798 -0.0314521 0.235127 0.0918938 1.53732 0.593324 0.506765 -0.454042 0.711348 -0.0264386 -0.310313 -0.0727019 0.0559073 -0.0199597
internal_weight=99329 34557 29249 5308 4814 1094 3720 2730 1922 1730 192 494 983 747 854 496 5069 2207 1933 1842
internal_count=99329 34557 29249 5308 4814 1094 3720 2730 1922 1730 192 494 983 747 854 496 5069 2207 1933 1842
cat_boundaries=0 1 2 3 4
cat_threshold=40 1 131 5
is_linear=0
shrinkage=0.0711242


Tree=285
num_leaves=21
num_cat=16
split_feature=1 3 3 1 3 3 1 10 10 1 10 3 3 1 1 3 10 1 3 3
split_gain=139257 182527 117255 88816.4 128364 115302 76847.5 75656.6 72615.1 72492.5 80258.1 109598 64186.5 74646.9 59937.2 137572 58460.8 124813 153524 91796
threshold=0 1 2 3 4 5 6 5.5750000000000011 6.3650000000000011 7 9.8350000000000026 8 9 10 11 12 33.155000000000008 13 14 15
decision_type=1 9 9 1 9 9 1 8 8 1 10 9 9 1 1 9 8 1 9 9
left_child=1 12 6 4 7 9 -2 -3 -9 -5 11 -11 13 -1 15 -4 17 18 -8 -19
right_child=2 3 14 5 -6 -7 16 8 -10 10 -12 -13 -14 -15 -16 -17 -18 19 -20 -21
leaf_value=0.5615549086897933 0.060927316618860999 0.6096222062913712 -0.37822123864891227 0.045628842214581897 0.017836238802846228 -0.045228127659616597 1.8896832106064827 -2.5051911931970854 -0.6441717999677703 3.3216509814062576 0.41906099316827622 0.8326430136356433 -0.25329350422848895 -1.2067563452806982 0.18177284763121351 0.21565251420967782 -0.39806498798738393 -0.48365979964421568 0.021722067111250128 0.04822903844411125
leaf_weight=144 11441 232 3440 2037 5862 7343 333 112 1978 104 2856 549 17850 678 27954 4600 4538 2926 645 3725
leaf_count=144 11441 232 3440 2037 5862 7343 333 112 1978 104 2856 549 17850 678 27954 4600 4538 2926 645 3725
internal_value=-0.0169912 -0.120092 0.0517723 0.0234021 -0.159726 0.139715 -0.0713918 -0.606128 -0.744002 0.38422 0.580081 1.29306 -0.281964 -0.893926 0.132551 -0.0385981 -0.195763 -0.0756799 0.670545 -0.186145
internal_weight=99347 39745 59602 21073 8184 12889 23608 2322 2090 5546 3509 653 18672 822 35994 8040 12167 7629 978 6651
internal_count=99347 39745 59602 21073 8184 12889 23608 2322 2090 5546 3509 653 18672 822 35994 8040 12167 7629 978 6651
cat_boundaries=0 2 5 7 9 11 13 15 17 19 22 24 26 29 31 33 35
cat_threshold=973080275 7274 738483221 2141951329 3 2794186448 1077101586 268436113 40 8389186 5505158 293667394 5505182 2170204196 384 134218754 2048 8388672 8 1 32768 3 268435458 32 18485248 128 269490440 709407233 1 65544 513 2189475904 2113538 8479952 1075904512
is_linear=0
shrinkage=0.0711242


Tree=286
num_leaves=21
num_cat=19
split_feature=1 3 3 1 3 1 3 3 3 1 11 3 1 1 3 1 3 3 1 3
split_gain=111708 191677 165478 81046.1 81436.2 66061.4 123019 60857.4 56255.3 95645.9 54186.1 131386 59500.6 55520.5 55334.4 53535.6 109933 51963.9 68887.5 49697.6
threshold=0 1 2 3 4 5 6 7 8 9 1.0000000180025095e-35 10 11 12 13 14 15 16 17 18
decision_type=1 9 9 1 9 1 9 9 9 1 2 9 1 1 9 1 9 9 1 9
left_child=1 -1 3 4 -2 6 -4 -7 9 -3 19 13 14 -12 -13 16 -10 18 -5 -8
right_child=2 8 5 17 -6 7 10 -9 15 -11 11 12 -14 -15 -16 -17 -18 -19 -20 -21
leaf_value=0.2656602040752985 0.011318692395942338 -0.64303658531169039 0.025765170694541449 0.55605853829146179 0.42139149864100423 -0.2311891119366615 -0.16379780890350584 -0.00081048515317315569 0.38392929974177936 -0.057760707989887104 0.50641654020625204 -1.1241349448886482 -1.0850644540058276 -0.68300539959424122 -3.7954511442725876 0.099963605216799534 -0.39432032106236553 -0.15149681276141341 -0.020457101161124893 -0.59603255673108924
leaf_weight=16943 4619 1899 3476 1420 5222 10623 2654 12773 1254 5458 318 106 550 497 105 12779 3360 8194 3934 2775
leaf_count=16943 4619 1899 3476 1420 5222 10623 2654 12773 1254 5458 318 106 550 497 105 12779 3360 8194 3934 2775
internal_value=-0.00713872 0.0814131 -0.0716113 0.0738827 0.229127 -0.172054 -0.320442 -0.105469 -0.044773 -0.209507 -0.492027 -0.859872 -1.52387 -0.218393 -2.56599 0.0249881 -0.18243 -0.0389705 0.133206 -0.386138
internal_weight=98959 41693 57266 23389 9841 33877 10481 23396 24750 7357 7005 1576 761 815 211 17393 4614 13548 5354 5429
internal_count=98959 41693 57266 23389 9841 33877 10481 23396 24750 7357 7005 1576 761 815 211 17393 4614 13548 5354 5429
cat_boundaries=0 2 5 7 9 11 12 14 17 20 22 24 25 26 28 30 32 34 35 38
cat_threshold=618661952 8159 1547900426 2892321938 3 2721890545 1889571147 2147849612 32 2183938144 1075838985 2449576320 1094719492 68429856 474091522 206915744 1 556828693 268468736 4 2112 2128 402785032 151601680 65664 33620096 75497474 2147615872 75497472 5124 262240 50462752 2637921 1082163265 33693698 478224386 4325524 1
is_linear=0
shrinkage=0.0711242


Tree=287
num_leaves=21
num_cat=6
split_feature=1 7 1 7 1 10 1 10 10 7 1 10 10 11 10 7 1 10 10 10
split_gain=59376.6 56512.1 80370 48015.4 115779 46994.7 104886 42697.5 59049 43067.2 44730.9 42356.9 40187 78629.2 41418.2 38596.5 74882.3 76402 48032.8 43389.1
threshold=0 6.7350000000000012 1 20.585000000000004 2 12.425000000000002 3 7.5950000000000006 9.7350000000000012 6.6650000000000009 4 37.555000000000007 6.8850000000000007 1.0000000180025095e-35 8.0450000000000017 18.435000000000006 5 3.0050000000000003 6.245000000000001 5.5750000000000011
decision_type=1 2 1 2 1 10 1 10 10 2 1 10 8 2 10 2 1 8 10 10
left_child=1 2 -1 15 12 6 -6 -4 -9 10 -10 -3 13 -5 -14 -2 -17 -18 19 -19
right_child=3 11 7 4 5 -7 -8 8 9 -11 -12 -13 14 -15 -16 16 17 18 -20 -21
leaf_value=2.2026059676837546 0.041389567254754935 -0.070112636774594797 -1.2669207266945122 -0.40115952703976698 2.7605949028968908 0.3772966969822607 0.56397946098891671 2.2610501702420223 0.62238436732252189 1.3753249353825625 -0.52398655556522011 -0.38127368971584041 -1.3680703343378877 2.3889422969736778 -0.1433878700722023 -0.36881951246249561 1.9140799591078455 -0.23655750188467375 0.13315909824298638 -1.6508886678275545
leaf_weight=106 44220 38480 89 118 134 2425 545 76 290 130 394 2348 150 90 2018 3580 111 550 3404 137
leaf_count=106 44220 38480 89 118 134 2425 545 76 290 130 394 2348 150 90 2018 3580 111 550 3404 137
internal_value=-0.0101596 -0.0745268 0.43205 0.0367802 0.23703 0.52208 1.04674 0.215468 0.366238 0.189102 -0.0364949 -0.0880082 -0.136985 0.806587 -0.228174 0.0156845 -0.130379 0.0734721 0.023671 -0.518776
internal_weight=99395 41913 1085 57482 5480 3104 679 979 890 814 684 40828 2376 208 2168 52002 7782 4202 4091 687
internal_count=99395 41913 1085 57482 5480 3104 679 979 890 814 684 40828 2376 208 2168 52002 7782 4202 4091 687
cat_boundaries=0 2 3 5 6 8 10
cat_threshold=1897562731 6320 655392 201341956 1095 33554560 1074823170 32 102786196 577
is_linear=0
shrinkage=0.0711242


Tree=288
num_leaves=21
num_cat=3
split_feature=1 10 1 9 1 9 7 9 10 9 7 7 8 7 10 9 9 10 10 10
split_gain=87994.3 49385.2 100089 92615.4 80682.1 159120 90308.1 78487.3 64516.3 63171 61428.2 99299.4 85431.8 53362.1 48352.5 123133 87461.7 47215.7 137078 118373
threshold=0 21.935000000000006 1 11.595000000000001 2 4.2650000000000006 10.305000000000001 10.775 24.845000000000002 11.285000000000002 8.7250000000000032 8.2050000000000018 1.4500000000000002 16.065000000000001 21.525000000000002 44.32500000000001 12.395000000000001 15.455000000000002 12.815000000000003 17.675000000000004
decision_type=1 8 1 10 1 10 2 10 8 10 2 2 2 2 10 10 8 10 10 10
left_child=-1 4 3 -3 5 6 -2 10 -5 -9 11 -7 13 -12 -6 16 -16 18 -14 -19
right_child=1 2 -4 8 14 7 -8 9 -10 -11 12 -13 17 -15 15 -17 -18 19 -20 -21
leaf_value=-0.066700876178363455 4.279981386048286 -0.91979973993798392 0.075108269910966793 0.11722171073406895 0.075908171291431958 -0.64310733361304917 1.3120396951253377 1.8720341804201754 -0.38543654661142712 0.42672833716341102 -0.69852541353953113 2.5110569160775431 -0.9409848720742241 -2.9514941074826209 2.5129637866208414 3.3675754899569919 -0.12824751738980525 -1.8983736444895927 2.046021546606827 0.28800520891324682
leaf_weight=35397 70 904 19537 2529 33216 98 200 162 2640 2726 130 104 146 90 76 78 381 188 166 375
leaf_count=35397 70 904 19537 2529 33216 98 200 162 2640 2726 130 104 146 90 76 78 381 188 166 375
internal_value=0.0232278 0.0731079 -0.00330154 -0.255249 0.124345 0.408519 2.08264 0.301446 -0.139506 0.507856 -0.158166 0.981197 -0.368412 -1.621 0.0866877 0.757439 0.311385 -0.0533429 0.64838 -0.442262
internal_weight=99213 63816 25610 6073 38206 4455 270 4185 5169 2888 1297 202 1095 220 33751 535 457 875 312 563
internal_count=99213 63816 25610 6073 38206 4455 270 4185 5169 2888 1297 202 1095 220 33751 535 457 875 312 563
cat_boundaries=0 2 4 6
cat_threshold=38425002 1676 3104842756 6464 2203712 4161
is_linear=0
shrinkage=0.0711242


Tree=289
num_leaves=21
num_cat=15
split_feature=3 1 1 3 1 3 3 1 4 3 1 3 3 3 1 4 8 7 8 0
split_gain=141617 157535 141189 75547.6 106790 61033.8 58914.5 63527.2 67643.7 63823.8 62536.1 59628.6 52714.9 48316.1 74967.4 79449.5 82667.9 71181 59098.1 44995.4
threshold=0 1 2 3 4 5 6 7 5.5000000000000009 8 9 10 11 12 13 2.5000000000000004 2.4500000000000006 18.915000000000003 2.4500000000000006 14
decision_type=9 1 1 9 1 9 9 1 2 9 1 9 9 9 1 2 2 2 2 1
left_child=1 5 6 4 13 -1 7 8 9 -2 -8 -10 -6 14 15 16 -4 18 -17 -11
right_child=2 -3 3 -5 12 -7 10 -9 11 19 -12 -13 -14 -15 -16 17 -18 -19 -20 -21
leaf_value=0.2664530159673163 0.53281684518876882 -0.19833246496785001 1.3217405051093751 0.10386610601809859 -0.18376056369052304 -0.043769341960520389 0.19882932741741879 -0.27230237418392861 0.51784194190852206 0.81241687534724638 -0.072098275764407319 -1.1928743261012691 0.25654794011562909 0.34904513532969028 0.5846860818605335 1.2730401734468462 4.5371622514000896 2.2786955042017079 -1.5970841125253563 -0.36709380614722636
leaf_weight=6422 1580 23434 83 22254 2090 6401 7850 7633 145 188 9535 326 3986 3799 2453 73 79 105 72 943
leaf_count=6422 1580 23434 83 22254 2090 6401 7850 7633 145 188 9535 326 3986 3799 2453 73 79 105 72 943
internal_value=0.0233488 -0.0886888 0.0876296 0.183049 0.321173 0.111683 -0.0308016 -0.161065 0.105788 0.242811 0.0502803 -0.68055 0.105039 0.51778 0.739513 1.62533 2.89136 0.869199 -0.152222 -0.165581
internal_weight=99451 36257 63194 34994 12740 12823 28200 10815 3182 2711 17385 471 6076 6664 2865 412 162 250 145 1131
internal_count=99451 36257 63194 34994 12740 12823 28200 10815 3182 2711 17385 471 6076 6664 2865 412 162 250 145 1131
cat_boundaries=0 3 5 7 10 12 15 18 20 22 24 26 28 30 31 32
cat_threshold=33789008 828697237 6 2488344929 3968 915457889 3666 2640681 176816192 1 3372679320 4101 33591312 826279941 2 556278561 42664008 1 268436992 1042 556269824 9109504 613466144 2112 532480 34078720 2048 168427520 2048 168427584 1073741952 32
is_linear=0
shrinkage=0.0711242


Tree=290
num_leaves=21
num_cat=15
split_feature=3 1 1 3 3 3 1 10 3 10 10 3 1 3 10 1 10 3 1 3
split_gain=109953 135949 116865 115286 112989 112492 107983 101167 215023 147450 140547 95119.8 87769.8 77058.9 158022 118035 75822.4 73313.1 72686.2 143222
threshold=0 1 2 3 4 5 6 8.6850000000000005 7 5.2750000000000012 16.115000000000006 8 9 10 33.765000000000008 11 22.815000000000001 12 13 14
decision_type=9 1 1 9 9 9 1 8 9 10 10 9 1 9 10 1 8 9 1 9
left_child=1 5 4 -3 6 12 7 8 9 -2 18 -4 -1 14 15 -12 -6 -18 19 -9
right_child=2 3 11 -5 16 -7 -8 10 -10 -11 13 -13 -14 -15 -16 -17 17 -19 -20 -21
leaf_value=0.21299405815792732 0.91896207284043208 -0.053872589124057103 -0.20439214069764858 -0.42688037654581656 0.17797119498786712 0.17543531547089386 0.15717610281796637 -1.5122633250360771 0.17145832137482869 4.3311018269907438 3.0256320565177348 0.055131423076096191 -0.38160788769902071 0.45317722732827853 0.11937995291018007 0.98223717412803857 -0.55916244941423998 0.0019270053339566562 -0.96014959301944647 1.3317852766279659
leaf_weight=1788 104 8674 10177 8122 12525 11767 5761 126 313 167 272 23909 4180 2058 401 361 1457 5988 430 255
leaf_count=1788 104 8674 10177 8122 12525 11767 5761 126 313 167 272 23909 4180 2058 401 361 1457 5988 430 255
internal_value=0.0129235 -0.0894336 0.0678923 -0.234395 0.169706 0.0479078 0.361624 0.62318 1.49759 2.91484 0.493909 -0.0223916 -0.203407 0.712491 1.21242 1.92389 0.0710869 -0.108633 -0.339433 0.376485
internal_weight=98835 34531 64304 16796 30218 17735 10248 4487 584 271 3903 34086 5968 3092 1034 633 19970 7445 811 381
internal_count=98835 34531 64304 16796 30218 17735 10248 4487 584 271 3903 34086 5968 3092 1034 633 19970 7445 811 381
cat_boundaries=0 3 5 7 9 11 14 16 18 20 22 24 25 27 28 30
cat_threshold=476075298 3381043468 3 2666938627 4604 2684746693 7472 73401602 1082392844 1147540 375455745 6292738 262408 2 537244224 1024 66068 6291457 1147392 908132385 8781826 84 33408 33619968 536936512 33685504 541248 270912 65552 106954752
is_linear=0
shrinkage=0.0711242


Tree=291
num_leaves=21
num_cat=13
split_feature=3 1 1 3 10 3 10 3 9 9 9 1 3 3 1 3 10 10 1 3
split_gain=158745 128040 124925 90869.8 90688.6 136239 122514 86887 78256.3 112596 66032 156129 167393 96721.6 79229.6 103457 68805.6 68778.4 65401 76593.4
threshold=0 1 2 3 21.665000000000003 4 17.415000000000003 5 10.465000000000002 17.195000000000004 15.165000000000001 6 7 8 9 10 5.995000000000001 45.07500000000001 11 12
decision_type=9 1 1 9 8 9 10 9 10 10 8 1 9 9 1 9 10 10 1 9
left_child=2 7 4 -3 5 6 -1 -2 -8 -10 11 12 16 17 15 -15 -4 -13 -6 -20
right_child=1 3 10 -5 18 -7 8 -9 9 -11 -12 13 -14 14 -16 -17 -18 -19 19 -21
leaf_value=-0.38781725681267193 0.19226731896057075 -0.2915837089880397 1.1032215016751674 -0.049413244213156987 -0.50852213797961454 0.68799481109665173 -1.498458939009975 -0.070614622319622566 2.0779336355974491 0.26124664105509937 -0.052713994442414133 0.51755351647447678 0.26571494684934394 -0.34470436335383503 -0.29624419569040505 0.48121542913472415 3.6408188157617736 -1.7394603635380521 -0.057136006288790744 0.41439426574317662
leaf_weight=1411 12528 13899 81 17991 745 4774 74 12902 272 472 17215 2683 355 1163 3199 2217 163 70 3344 3631
leaf_count=1411 12528 13899 81 17991 745 4774 74 12902 272 472 17215 2683 355 1163 3199 2217 163 70 3344 3631
internal_value=0.016786 -0.0601128 0.122048 -0.15502 0.288813 0.474345 0.0135988 0.0589181 0.706152 0.925579 0.0315272 0.177587 1.281 0.105265 -0.0430003 0.19685 2.68896 0.458446 0.120883 0.188574
internal_weight=99189 57320 41869 31890 14723 7003 2229 25430 818 744 27146 9931 599 9332 6579 3380 244 2753 7720 6975
internal_count=99189 57320 41869 31890 14723 7003 2229 25430 818 744 27146 9931 599 9332 6579 3380 244 2753 7720 6975
cat_boundaries=0 3 5 7 10 13 15 17 19 22 24 26 28 30
cat_threshold=1654932666 3867178044 1 2619387513 5145 583113102 4161 2219023104 23331329 4 539230336 2147484724 1 2169574144 275384899 541696 2184 17560 1073762304 1074005024 75497480 1 1543766080 546 545259664 3221233696 570425474 64 1115964416 1652573200
is_linear=0
shrinkage=0.0711242


Tree=292
num_leaves=21
num_cat=2
split_feature=1 9 7 4 11 4 1 11 9 7 9 10 7 10 9 7 9 9 7 7
split_gain=69233.7 43906.8 76792.9 68934.8 65431.8 57534.9 50053 82375.6 155882 101407 61363.2 79867.9 65341.7 64091.4 67262.3 88059.4 80596.6 70256.8 83099.6 62246.4
threshold=0 32.705000000000005 6.9450000000000012 1.5000000000000002 1.0000000180025095e-35 4.5000000000000009 1 1.0000000180025095e-35 24.885000000000002 8.1250000000000018 21.395000000000003 7.5950000000000006 10.555000000000001 37.555000000000007 9.8250000000000011 11.045000000000002 15.065000000000003 14.355000000000002 12.445000000000002 7.9150000000000009
decision_type=1 10 2 2 2 2 1 2 8 2 10 8 2 10 10 2 10 10 2 2
left_child=1 6 3 -3 5 -4 7 8 -1 -10 13 -12 19 -8 -15 -16 17 18 -17 -13
right_child=-2 2 4 -5 -6 -7 10 -9 9 -11 11 12 -14 14 15 16 -18 -19 -20 -21
leaf_value=2.8291465576912422 -0.067234094490602955 2.5841722846449073 -0.18748360244432341 0.32247158044156282 -0.82618175543238925 0.19517553740071678 0.16587886068528448 0.0055262083041222902 1.9988269168078634 0.30741372641115172 -1.1310229149528155 -0.14620700825622424 0.037434024338967205 -0.81181067961892417 -0.76778294681941228 2.7629297149600127 -0.096414474640919873 2.9880679390961831 0.21250012894291589 -1.1321574607950375
leaf_weight=147 55140 97 6266 229 611 2911 18394 2471 195 2218 373 900 6018 686 555 78 1005 76 375 506
leaf_count=147 55140 97 6266 229 611 2911 18394 2471 195 2218 373 900 6018 686 555 78 1005 76 375 506
internal_value=-0.0141097 0.0523007 -0.0777844 0.995946 -0.113555 -0.066101 0.0910161 0.297874 0.581211 0.444168 0.0549652 -0.115589 -0.0645586 0.11781 -0.200806 -0.000133906 0.277628 0.988139 0.652097 -0.501086
internal_weight=99251 44111 10114 326 9788 9177 33997 5031 2560 2413 28966 7797 7424 21169 2775 2089 1534 529 453 1406
internal_count=99251 44111 10114 326 9788 9177 33997 5031 2560 2413 28966 7797 7424 21169 2775 2089 1534 529 453 1406
cat_boundaries=0 2 4
cat_threshold=31512816 7054 12617760 4
is_linear=0
shrinkage=0.0711242


Tree=293
num_leaves=21
num_cat=9
split_feature=3 9 9 3 11 3 7 6 2 9 3 3 11 8 2 9 9 3 2 7
split_gain=132137 46853.6 47907.3 117422 76445.1 127108 99755.2 112816 89604.9 66911.9 110369 97125.2 93781.8 184564 92361.8 123724 91630 99021.4 85024.7 92394.5
threshold=0 48.485000000000007 6.1950000000000012 1 1.0000000180025095e-35 2 9.0550000000000015 1.0000000180025095e-35 3 4.0150000000000006 4 5 1.0000000180025095e-35 1.4500000000000002 6 3.0050000000000003 5.2550000000000008 7 8 18.305000000000003
decision_type=9 10 10 9 2 9 2 2 1 10 9 9 2 2 1 8 10 9 1 2
left_child=1 2 3 9 5 -5 -6 8 -8 10 14 -11 13 16 15 -1 -13 -18 -14 -20
right_child=-2 -3 -4 4 6 -7 7 -9 -10 11 -12 12 18 -15 -16 -17 17 -19 19 -21
leaf_value=0.13478310260489965 0.068117917787583235 -0.82817808392040937 -0.063991459114352445 -0.19804076416881056 1.1521724548730268 -1.5457486025780409 -1.6062052686173907 -1.9369232618689283 0.73069708787357746 0.42194918906856244 -0.077799129560600491 -1.5464454063992861 -1.0707869331855728 -3.7515159332281116 0.050440298042632843 3.2740146008598519 1.8945741926744097 -0.83830999903966574 -0.14966667871859737 2.9212469678105935
leaf_weight=100 50712 438 42772 626 224 844 104 210 295 557 1087 293 146 121 209 174 103 156 115 87
leaf_count=100 50712 438 42772 626 224 844 104 210 295 557 1087 293 146 121 209 174 103 156 115 87
internal_value=-0.0122168 -0.0959318 -0.0892993 -0.287877 -0.672363 -0.983735 -0.130906 -0.602942 0.0994214 -0.00443511 0.324284 -0.331516 -0.739456 -1.23682 1.20568 2.05379 -0.68508 0.28955 0.201216 1.1183
internal_weight=99373 48661 48223 5451 2303 1470 833 609 399 3148 1570 1578 1021 673 483 274 552 259 348 202
internal_count=99373 48661 48223 5451 2303 1470 833 609 399 3148 1570 1578 1021 673 483 274 552 259 348 202
cat_boundaries=0 3 5 7 8 10 12 13 15 16
cat_threshold=645193564 2612668420 2 36751688 2192187392 4096 17825792 71 18688 524288 2129992 10485760 77 18432 33554432 72
is_linear=0
shrinkage=0.0711242


Tree=294
num_leaves=21
num_cat=7
split_feature=1 9 11 1 9 1 9 1 6 1 10 10 1 9 1 9 10 11 10 10
split_gain=76000.1 41803.4 66051.4 152731 86749.1 64158.2 104971 60360.1 55974.3 73655.2 53528.6 51762.3 138834 129443 164815 131185 149959 144809 125375 99119.8
threshold=0 19.965000000000003 1.0000000180025095e-35 1 30.505000000000006 2 7.5150000000000006 3 1.0000000180025095e-35 4 6.495000000000001 9.9450000000000021 5 10.465000000000002 6 10.465000000000002 19.465000000000003 1.0000000180025095e-35 31.255000000000006 14.315000000000003
decision_type=1 10 2 1 10 1 10 1 2 1 10 8 1 8 1 10 8 2 8 10
left_child=-1 5 8 4 -4 6 -2 -5 9 -3 -10 12 -7 19 15 16 -15 -17 -18 -13
right_child=1 2 3 7 -6 11 -8 -9 10 -11 -12 13 -14 14 -16 17 18 -19 -20 -21
leaf_value=0.098982955131342948 -0.66974006073362946 -0.44431336878459882 0.45974830859683441 -0.60130320646188573 -0.51263731510594157 2.334151010130475 0.25476038931706241 -1.571047012674009 -0.63201708952160385 -0.061309585260042036 0.14255698848109227 0.015478704437769386 0.076439846752524673 2.6315026000458568 -0.33806417177536813 0.21989051506997201 -0.72743106959624815 -0.43262642311919808 1.9203276947522232 -0.53736163446336138
leaf_weight=30801 674 3171 1076 1103 816 130 7932 484 481 12658 7297 2534 8556 225 4742 9559 230 2098 149 4653
leaf_count=30801 674 3171 1076 1103 816 130 7932 484 481 12658 7297 2534 8556 225 4742 9559 230 2098 149 4653
internal_value=0.00619559 -0.0354942 -0.104225 -0.393542 0.0401515 0.00937572 0.182138 -0.905109 -0.0615866 -0.138358 0.0946498 -0.0358934 0.113029 -0.0893825 0.0175847 0.155284 1.17738 0.10245 0.313708 -0.342443
internal_weight=99369 68568 27086 3479 1892 41482 8606 1587 23607 15829 7778 32876 8686 24190 17003 12261 604 11657 379 7187
internal_count=99369 68568 27086 3479 1892 41482 8606 1587 23607 15829 7778 32876 8686 24190 17003 12261 604 11657 379 7187
cat_boundaries=0 2 3 5 7 9 11 13
cat_threshold=1213694249 258 2424309764 544786 2209 2637824 101 805844160 4112 536879104 4116 603988160 4696
is_linear=0
shrinkage=0.0711242


Tree=295
num_leaves=21
num_cat=8
split_feature=1 7 1 10 1 1 1 10 0 7 10 10 2 4 11 10 7 7 1 10
split_gain=68769.5 64776.9 80527.3 57886 94240.2 83086.4 54994.8 69891.2 74082.7 71841.5 67066.1 59180.7 53731.1 52564.7 117456 165638 94552.3 91670.3 55055.8 52011.7
threshold=0 17.815000000000001 1 13.205000000000002 2 3 4 7.5950000000000006 5 16.845000000000002 4.3850000000000007 3.6750000000000003 6 5.5000000000000009 1.0000000180025095e-35 15.255000000000001 19.755000000000006 20.475000000000005 7 8.0450000000000017
decision_type=1 2 1 8 1 1 1 10 1 2 10 10 1 2 2 10 2 2 1 10
left_child=-1 3 13 5 -5 -2 7 8 10 19 -7 -10 -11 -3 16 -16 -15 -18 -19 -9
right_child=1 2 -4 4 -6 6 -8 9 11 12 -12 -13 -14 14 15 -17 17 18 -20 -21
leaf_value=0.055076805098775793 1.324176698432834 -0.099972617851372486 -0.34869095920607046 -0.55382511196328199 -0.04679523577783138 1.0450239135066903 0.18100898001997454 -1.2781821106580149 -0.66041406365212296 -0.38104696070929112 -0.64516284269254232 0.86419548955325798 1.3162901200757109 -1.0185651515868046 2.8935979367240616 -0.36801387106678174 2.2056439666195642 -1.1348192108586912 0.7547725573726155 -0.25072421781711357
leaf_weight=39745 260 6524 7944 1987 26051 151 8911 265 149 149 555 947 242 304 193 133 129 127 171 4170
leaf_count=39745 260 6524 7944 1987 26051 151 8911 265 149 149 555 947 242 304 193 133 129 127 171 4170
internal_value=-0.0173232 -0.0657959 -0.190653 -0.0215919 -0.0829433 0.0872864 0.0656888 -0.0893925 0.28843 -0.230657 -0.279618 0.650951 0.69345 -0.0245542 0.440679 1.5632 -0.0600485 0.622428 -0.0633661 -0.312141
internal_weight=99107 59362 15525 43837 28038 15799 15539 6628 1802 4826 706 1096 391 7581 1057 326 731 427 298 4435
internal_count=99107 59362 15525 43837 28038 15799 15539 6628 1802 4826 706 1096 391 7581 1057 326 731 427 298 4435
cat_boundaries=0 2 4 6 8 10 11 12 14
cat_threshold=2945597 2329 1637024128 5126 167773440 1024 0 4160 1662124416 36 22 22 1114240 1026
is_linear=0
shrinkage=0.0711242


Tree=296
num_leaves=21
num_cat=13
split_feature=3 1 1 3 3 9 3 9 1 4 9 3 3 9 1 3 3 3 9 9
split_gain=101541 120306 113557 105222 102018 145540 109190 67063 171461 137453 65457.6 72214.1 64112 63089.6 121864 111307 61151.4 61145.3 59537.6 59403.7
threshold=0 1 2 3 4 8.3450000000000006 5 1.0000000180025095e-35 6 2.5000000000000004 6.7550000000000008 7 8 8.2350000000000012 9 10 11 12 5.2550000000000008 5.0750000000000011
decision_type=9 1 1 9 9 8 9 10 1 2 10 9 9 10 1 9 9 9 10 8
left_child=1 16 4 -4 5 6 -2 8 9 -3 11 -8 -10 14 -5 18 -1 -12 -16 -17
right_child=2 7 3 13 -6 -7 10 -9 12 -11 17 -13 -14 -15 15 19 -18 -19 -20 -21
leaf_value=-0.097247116670553496 -0.77422245724161165 4.0856060244879364 0.077439526243678211 -0.14433752926065785 0.03444459918429766 0.23703733968728022 2.4101869227403716 -0.24308680049425246 -1.875446862204768 0.50190252136032032 3.7575659802064059 0.29070262205904801 0.18341580780351849 -0.11325419492291455 -1.0195559407866166 1.473984986781647 0.19647215198795448 1.0965856133252283 -2.5896825655174713 -0.68531793107998751
leaf_weight=7171 108 100 16639 1851 18955 12183 123 19372 101 118 113 236 246 13666 217 78 7154 114 280 369
leaf_count=7171 108 100 16639 1851 18955 12183 123 19372 101 118 113 236 246 13666 217 78 7154 114 280 369
internal_value=-0.00871125 -0.107758 0.0435614 -0.0486735 0.139455 0.293884 1.29589 -0.220698 0.542958 2.05266 1.66232 1.0925 -0.451898 -0.17612 -0.484113 -1.1367 0.0494732 2.63591 -1.86688 -0.301565
internal_weight=99194 34262 64932 33100 31832 12877 694 19937 565 218 586 359 347 16461 2795 944 14325 227 497 447
internal_count=99194 34262 64932 33100 31832 12877 694 19937 565 218 586 359 347 16461 2795 944 14325 227 497 447
cat_boundaries=0 3 5 7 10 13 15 17 19 21 23 25 27 29
cat_threshold=3254933776 1123700873 6 1359272783 833 2734330917 6695 553427490 2282063620 1 469827789 352331858 1 134217868 64 604176528 4234 65536 67110912 1073741824 8409217 1543774978 1104 268501120 285222962 1107429392 1084379136 268500992 285212672
is_linear=0
shrinkage=0.0711242


Tree=297
num_leaves=21
num_cat=6
split_feature=10 1 11 1 9 7 1 7 9 1 9 10 9 1 7 5 10 1 7 9
split_gain=54198.9 86841.4 68116.1 180072 117219 136671 137379 150620 112104 98612.2 112017 121171 97398.3 70677.3 68925.7 71167.2 125998 68786.7 85311.9 114880
threshold=15.555000000000001 0 1.0000000180025095e-35 1 9.1550000000000029 9.8950000000000014 2 8.5050000000000008 18.695000000000004 3 5.9050000000000011 17.545000000000005 4.0150000000000006 4 7.8450000000000006 1.0000000180025095e-35 38.085000000000008 5 17.085000000000004 7.6350000000000007
decision_type=8 1 2 1 8 2 1 2 8 1 10 10 8 1 2 2 10 1 2 8
left_child=-1 -2 4 -4 5 6 7 -3 13 10 -7 -12 -5 -6 -8 16 -16 18 19 -14
right_child=1 2 3 12 8 9 14 -9 -10 -11 11 -13 17 -15 15 -17 -18 -19 -20 -21
leaf_value=0.075470822058979314 -0.45018772668479373 -0.70646089799617617 0.2497370124500333 2.0572456558949046 -0.097165852068981748 -0.11841589291253066 -2.0303084567408263 2.7514586480807091 -0.022283062744124203 -0.24149584622007061 -3.9351479999467744 -1.2517728857025963 -3.6697234683918332 0.31090050550176795 -0.071580015816668036 -1.2583842013203801 3.1201347566219573 -0.32761508759742269 0.15921205944130018 -1.01627966109724
leaf_weight=42520 2382 92 3182 80 2688 398 90 207 27554 1764 97 693 93 10657 286 140 80 5105 261 730
leaf_count=42520 2382 92 3182 80 2688 398 90 207 27554 1764 97 693 93 10657 286 140 80 5105 261 730
internal_value=0.014796 -0.0308021 -0.0122837 -0.185782 0.0243592 -0.350984 0.418897 1.63299 0.0596651 -0.584406 -1.08238 -1.58165 -0.406593 0.228866 -0.214135 0.104961 0.626638 -0.439126 -0.952401 -1.31648
internal_weight=99099 56579 54197 9451 44746 3847 895 299 40899 2952 1188 790 6269 13345 596 506 366 6189 1084 823
internal_count=99099 56579 54197 9451 44746 3847 895 299 40899 2952 1188 790 6269 13345 596 506 366 6189 1084 823
cat_boundaries=0 2 4 6 8 10 12
cat_threshold=218105216 3072 2431386136 896 66048 528 536879169 592 269238808 160 1610694658 16
is_linear=0
shrinkage=0.0711242


Tree=298
num_leaves=21
num_cat=5
split_feature=9 2 2 9 2 7 9 9 7 9 2 7 9 8 7 8 9 7 2 9
split_gain=51036.6 151941 115478 91198.9 76969.4 341498 69301.2 62785 62069.3 49268.6 72235.1 122282 54984.8 91846.8 58151.1 103927 104884 51884.5 47390.9 47407.8
threshold=25.065000000000001 0 1 17.075000000000003 2 17.145000000000003 32.085000000000008 34.705000000000005 17.145000000000003 7.5150000000000006 3 8.7950000000000017 7.1450000000000005 1.6500000000000001 21.175000000000004 0.95000000000000007 5.4250000000000007 14.225000000000003 4 16.105000000000004
decision_type=8 1 1 10 1 2 10 8 2 10 1 2 10 2 2 2 10 2 1 10
left_child=1 3 6 -1 5 -4 -2 8 -6 10 11 -3 14 -14 -12 -16 -17 -13 19 -11
right_child=2 9 4 -5 7 -7 -8 -9 -10 18 12 17 13 -15 15 16 -18 -19 -20 -21
leaf_value=3.1958747203730962 -0.36172097848857543 0.45235103322064329 -0.30913727810081204 0.57802556202795397 0.25808261775066038 4.4040258107988635 -2.2350016723658537 -0.11632243059158487 -0.13716489217500111 0.30768118423487828 -0.061963610134655421 -3.354603908390148 -0.34378286853507567 -2.4674633512356352 -1.0898085289645261 4.0545742665607047 0.26817278381200943 -1.1861898597536609 -0.0053350885989627015 0.057725572499480939
leaf_weight=70 4674 152 284 1708 5675 107 102 16885 3112 5562 9119 101 983 115 73 75 73 125 37610 12387
leaf_count=70 4674 152 284 1708 5675 107 102 16885 3112 5562 9119 101 983 115 73 75 73 125 37610 12387
internal_value=-0.00389642 0.0304567 -0.0798153 0.677433 -0.0208088 0.95688 -0.400929 -0.0360696 0.118102 0.0130211 -0.125858 -1.07885 -0.0902174 -0.566388 -0.034331 1.10543 2.18822 -2.15619 0.04006 0.135107
internal_weight=98992 68153 30839 1778 26063 391 4776 25672 8787 66375 10816 378 10438 1098 9340 221 148 226 55559 17949
internal_count=98992 68153 30839 1778 26063 391 4776 25672 8787 66375 10816 378 10438 1098 9340 221 148 226 55559 17949
cat_boundaries=0 1 2 3 4 5
cat_threshold=6 160 1 64 96
is_linear=0
shrinkage=0.0711242


Tree=299
num_leaves=21
num_cat=14
split_feature=3 1 9 3 9 3 1 9 3 1 3 1 9 1 3 9 3 1 9 1
split_gain=103974 131506 111672 180277 100462 136721 103114 114023 108200 99964.5 106168 96297.4 193679 96175.2 127571 86208.4 85327.2 128601 121577 87690.1
threshold=0 1 13.465000000000002 2 6.1950000000000012 3 4 4.0150000000000006 5 6 7 8 1.0000000180025095e-35 9 10 5.9050000000000011 11 12 6.6250000000000009 13
decision_type=9 1 10 9 10 9 1 10 9 1 9 1 10 1 9 8 9 1 10 1
left_child=1 2 3 11 5 6 7 8 -3 10 -2 12 -1 14 -5 -8 17 18 -6 -18
right_child=9 4 -4 13 16 -7 15 -9 -10 -11 -12 -13 -14 -15 -16 -17 19 -19 -20 -21
leaf_value=4.1314804276862782 0.21068856120924473 0.25319494530539438 0.12542559925348506 -0.74320941363587134 2.9077556420181367 -1.0579726847676909 -0.086646425007271072 -0.25635650010559197 2.6221864378902375 -0.13605940901393151 -0.083520528518723131 0.33131733192699359 1.086808030317852 0.0057221347855240445 2.0674561271647329 -1.7590742817421201 -0.49864238565861652 -0.062014823182952136 0.44408679557286979 0.0033474473153003123
leaf_weight=114 11724 219 13751 115 104 1044 463 446 181 31140 13160 808 1439 2793 259 235 2080 4072 3825 11166
leaf_count=114 11724 219 13751 115 104 1044 463 446 181 31140 13160 808 1439 2793 259 235 2080 4072 3825 11166
internal_value=0.0127478 0.0957653 0.233839 0.503937 -0.0159679 -0.434353 -0.00575771 0.519471 1.39737 -0.0511474 0.0551241 0.972722 1.30214 0.150893 1.20639 -0.640686 0.0349877 0.21822 0.50807 -0.0757987
internal_weight=99138 43114 19279 5528 23835 2588 1544 846 400 56024 24884 2361 1553 3167 374 698 21247 8001 3929 13246
internal_count=99138 43114 19279 5528 23835 2588 1544 846 400 56024 24884 2361 1553 3167 374 698 21247 8001 3929 13246
cat_boundaries=0 3 5 7 9 11 13 15 17 19 21 23 26 28 29
cat_threshold=3448246084 472556905 7 851353720 4294 3230139712 268476424 2231373056 337805569 1275154818 1025 16777472 268599553 3037367564 1849 538210345 3800043654 839163968 68 270696496 132 134219776 67109984 526848 203948105 1 1229003649 768 1073807744
is_linear=0
shrinkage=0.0711242


Tree=300
num_leaves=21
num_cat=9
split_feature=3 10 9 3 9 3 7 10 0 3 9 9 7 3 9 9 3 10 3 3
split_gain=79861.6 78706.1 153353 167112 121125 116507 104384 69931.1 63967.4 61886.5 94846.1 48921.4 47295.9 45436.5 44960.7 93521.9 199352 88655.5 86316.2 59667.5
threshold=0 6.7550000000000008 16.215000000000003 1 15.575000000000001 2 12.145000000000001 6.495000000000001 3 4 6.3350000000000009 8.1150000000000002 9.8950000000000014 5 3.0050000000000003 5.4250000000000007 6 11.655000000000003 7 8
decision_type=9 8 10 9 8 9 2 10 1 9 10 10 2 9 8 8 9 10 9 9
left_child=-1 2 3 8 7 12 -6 9 -2 10 -5 -9 -4 -10 19 16 -16 18 -18 -3
right_child=1 14 5 4 6 -7 -8 11 13 -11 -12 -13 -14 -15 15 -17 17 -19 -20 -21
leaf_value=-0.091725478879815844 1.0104344495572744 -0.46962583146348752 0.27761487960296888 3.3458044053543268 4.8621144389980611 -0.62618030612689735 1.0689412404511114 1.1768685871404252 0.14322262188629969 0.51315889855880781 0.45906436442109239 3.5900829533236189 2.3520802982178215 -0.66654414121014494 -2.4627330379370576 0.02867470142085678 2.2952478587889487 -0.62624923038358704 -0.045336272951956927 1.3917836671653094
leaf_weight=33133 252 128 132 109 71 1159 76 106 828 1728 122 71 96 596 224 59220 111 701 241 253
leaf_count=33133 252 128 132 109 71 1159 76 106 828 1728 122 71 96 596 224 59220 111 701 241 253
internal_value=-0.001592 0.0435106 0.30517 0.53064 0.924509 -0.338395 2.90282 0.792575 -0.011344 0.670183 1.74639 2.14618 1.10327 -0.198 0.0205397 0.0156885 -0.586498 -0.162276 0.757031 0.79066
internal_weight=99357 66224 5346 3959 2283 1387 147 2136 1676 1959 231 177 228 1424 60878 60497 1277 1053 352 381
internal_count=99357 66224 5346 3959 2283 1387 147 2136 1676 1959 231 177 228 1424 60878 60497 1277 1053 352 381
cat_boundaries=0 3 5 7 8 10 12 14 16 18
cat_threshold=3255391520 3045793800 1 10780696 1111770358 545294348 576 36 269484037 6656 8421384 37765122 613419648 1538 32768 4489216 131584 6553600
is_linear=0
shrinkage=0.0711242


Tree=301
num_leaves=21
num_cat=6
split_feature=9 1 11 9 9 9 9 9 8 1 9 9 1 4 4 4 1 1 4 1
split_gain=50385 65628.9 141998 113241 88664.2 61966.9 85799.4 57239.9 67032.5 64507.1 59929.7 56724.4 73709.4 46855 44152.8 151254 51932.9 41013.9 39820.8 52751.4
threshold=35.245000000000012 0 1.0000000180025095e-35 4.705000000000001 5.2550000000000008 8.1150000000000002 9.3850000000000033 28.675000000000004 4.3500000000000005 1 18.115000000000006 27.295000000000005 2 4.5000000000000009 2.5000000000000004 1.5000000000000002 3 4 4.5000000000000009 5
decision_type=10 1 2 10 10 10 10 10 2 1 10 10 1 2 2 2 1 1 2 1
left_child=1 2 3 14 -4 13 -7 9 -9 -6 -11 -3 -13 -5 15 -1 -16 -12 19 -2
right_child=18 11 4 5 7 6 -8 8 -10 10 17 12 -14 -15 16 -17 -18 -19 -20 -21
leaf_value=-1.2461166984193459 -0.04663315856684154 0.00079451883032220739 1.1745997865973858 0.82493937614478552 -0.39974543159361925 -1.499311547458293 0.37715121852550082 -0.38619675016198596 -1.7217513159403939 1.9742360672006138 0.81800446945521288 -0.075888619761570186 -0.86154019733097009 2.934249442166025 -0.31442062017103545 2.2637216656709924 -2.0384199354198524 -0.043906869084380469 0.033429484445285734 -0.38361227672101617
leaf_weight=161 4754 67364 242 168 1532 125 8474 1168 227 94 340 1913 878 78 218 101 156 1382 5066 4659
leaf_count=161 4754 67364 242 168 1532 125 8474 1168 227 94 340 1913 878 78 218 101 156 1382 5066 4659
internal_value=-0.00474842 0.0162295 0.154109 0.315796 -0.153094 0.38171 0.349859 -0.220856 -0.603618 -0.0613604 0.225072 -0.0122218 -0.326419 1.49455 -0.600817 0.107212 -1.09673 0.1308 -0.127351 -0.213881
internal_weight=99100 84621 14466 9481 4985 8845 8599 4743 1395 3348 1816 70155 2791 246 636 262 374 1722 14479 9413
internal_count=99100 84621 14466 9481 4985 8845 8599 4743 1395 3348 1816 70155 2791 246 636 262 374 1722 14479 9413
cat_boundaries=0 2 4 6 7 8 10
cat_threshold=2161348640 5 8458240 4 2116612 296 13733888 2151677952 5373956 256
is_linear=0
shrinkage=0.0711242


Tree=302
num_leaves=21
num_cat=5
split_feature=1 11 9 1 1 10 9 9 1 7 7 10 9 7 10 7 0 9 7 4
split_gain=77420.8 47099.9 175348 137981 133379 147950 154959 122465 172098 153996 131831 106486 102506 112448 95377.7 130638 158858 82474.7 73576.1 130264
threshold=0 1.0000000180025095e-35 8.7050000000000018 1 2 14.635000000000003 7.5150000000000006 7.6350000000000007 3 8.6550000000000029 20.415000000000003 33.465000000000011 6.0550000000000006 7.9150000000000009 18.045000000000005 17.385000000000002 4 3.0050000000000003 20.295000000000005 2.5000000000000004
decision_type=1 2 10 1 1 8 8 8 1 2 2 10 8 2 10 2 1 10 2 2
left_child=-1 7 4 -4 5 6 -3 8 17 -10 -11 12 13 -6 15 -14 -17 -2 -15 -20
right_child=1 2 3 -5 11 -7 -8 -9 9 10 -12 -13 14 18 -16 16 -18 -19 19 -21
leaf_value=0.073610995921104497 0.95531813559336787 -1.9246154239311419 0.088220980049656519 -0.58866781873364393 2.5776473867950913 -4.0030444500505915 1.433104123774954 0.028560369106130978 -1.6205847042727062 0.23115246065575823 -1.5904342618083447 -1.9389969706309351 0.59543348598870882 -0.32711879448632275 -0.13838845824974549 0.98611757728712501 3.953513470141341 -1.208655899109264 -0.76595841060609504 3.356033527946539
leaf_weight=48446 96 152 2173 5104 80 72 128 35180 295 2562 218 101 984 1343 453 288 142 1228 77 78
leaf_count=48446 96 152 2173 5104 80 72 128 35180 295 2562 218 101 984 1343 453 288 142 1228 77 78
internal_value=0.00930688 -0.0520773 -0.181031 -0.38723 0.203912 -1.0984 -0.389686 -0.0156805 -0.36948 -0.075471 0.0882628 0.335364 0.403064 -0.0189428 0.759732 1.04745 2.08151 -1.04381 -0.157755 1.30905
internal_weight=99200 50754 11175 7277 3898 352 280 39579 4399 3075 2780 3546 3445 1578 1867 1414 430 1324 1498 155
internal_count=99200 50754 11175 7277 3898 352 280 39579 4399 3075 2780 3546 3445 1578 1867 1414 430 1324 1498 155
cat_boundaries=0 2 4 6 8 9
cat_threshold=2150292767 1863 297795712 32 269484160 160 1610621504 4096 10
is_linear=0
shrinkage=0.0711242


Tree=303
num_leaves=21
num_cat=2
split_feature=10 0 9 11 9 0 4 9 10 9 9 10 9 10 10 9 10 10 8 9
split_gain=50314.2 63196.6 102873 59472.6 108354 112780 91459.3 55625.4 75286.1 53859.7 58047.3 95581.8 92222.9 98049.1 114434 138209 89189.6 76439.3 72491.6 61653.4
threshold=29.675000000000004 0 30.205000000000002 1.0000000180025095e-35 9.9350000000000005 1 1.0000000180025095e-35 5.2550000000000008 35.715000000000011 3.0050000000000003 10.565000000000003 29.355000000000004 10.145000000000001 23.575000000000003 9.8350000000000026 9.6050000000000022 10.765000000000002 14.945000000000002 3.0000000000000004 18.115000000000006
decision_type=8 1 10 2 10 1 2 10 8 8 10 10 10 10 10 8 10 10 2 10
left_child=1 2 9 -2 5 7 -7 -5 -9 -1 12 18 13 14 15 -11 -16 -14 -12 -20
right_child=3 -3 -4 4 -6 6 -8 8 -10 10 11 -13 17 -15 16 -17 -18 -19 19 -21
leaf_value=-1.4168097891794951 -0.053422289707988638 -0.017127680243944485 -0.062389683936138779 0.032252956602689321 -0.71467580762464988 2.0151754297565265 -0.62957547754788667 3.2274258132888765 0.63065409076462953 0.40933689726562544 0.027361538859525268 1.8051017218776884 3.6087426356131216 1.194139815396138 -2.5881335011243167 2.8267685751435656 -0.087489328337662334 0.87963182945272533 2.2490284352361929 0.40400952937395024
leaf_weight=96 20972 54541 8424 124 1899 74 617 111 115 661 6480 181 86 654 77 146 1127 131 95 2517
leaf_count=96 20972 54541 8424 124 1899 74 617 111 115 661 6480 181 86 654 77 146 1127 131 95 2517
internal_value=-0.00555129 0.0230192 0.128873 -0.0954205 -0.394997 0.188175 -0.341189 1.20835 1.90682 0.260493 0.273751 0.187097 0.552548 0.437702 0.191658 0.846951 -0.247591 1.96224 0.15487 0.471187
internal_weight=99128 75216 20675 23912 2940 1041 691 350 226 12251 12155 9273 2882 2665 2011 807 1204 217 9092 2612
internal_count=99128 75216 20675 23912 2940 1041 691 350 226 12251 12155 9273 2882 2665 2011 807 1204 217 9092 2612
cat_boundaries=0 1 2
cat_threshold=20 50
is_linear=0
shrinkage=0.0711242


Tree=304
num_leaves=21
num_cat=7
split_feature=3 9 3 8 9 3 9 11 3 10 10 9 10 3 3 11 3 4 10 9
split_gain=124121 54934.3 87809.8 67044.7 87444.1 179864 130139 85087.9 81005.9 68059.4 53604.2 53488.4 93943.7 88235.3 72866.9 64854.5 48552.9 62338.3 47486.3 47124.8
threshold=0 36.82500000000001 1 2.3500000000000001 17.535000000000004 2 9.9350000000000005 1.0000000180025095e-35 3 13.815000000000003 11.155000000000003 28.375000000000004 47.515000000000008 4 5 1.0000000180025095e-35 6 2.5000000000000004 12.235000000000001 13.265000000000002
decision_type=9 8 9 2 10 9 10 2 9 8 10 10 10 9 9 2 9 2 8 10
left_child=1 3 -3 -1 5 7 9 -5 -6 -7 -9 -2 14 -14 15 -13 17 -8 -16 -18
right_child=11 2 -4 4 8 6 16 10 -10 -11 -12 12 13 -15 18 -17 19 -19 -20 -21
leaf_value=0.078326765258367709 -0.026322057852607616 0.25889714733383279 -0.25469691969517122 1.310427559101663 -0.037615473715559872 -3.1030359232666207 1.0757316048528633 2.0586625259691131 0.43261094977841619 -0.21706753605438278 4.7373492225628757 -0.365160242018429 -0.4472973654625787 2.3031973587117811 -0.55688500407164554 -1.2658047494034521 2.9188497024347475 -0.80805846310233798 -0.025429541627159474 0.88481733848102317
leaf_weight=29262 41721 2538 4960 235 3517 75 170 72 3913 92 80 3770 100 135 974 453 73 186 6703 273
leaf_count=29262 41721 2538 4960 235 3517 75 170 72 3913 92 80 3770 100 135 974 453 73 186 6703 273
internal_value=0.00850327 0.0950538 -0.0808436 0.129834 0.303352 0.852207 0.266837 2.10501 0.210562 -1.51411 3.47041 -0.0645375 -0.195977 1.21198 -0.22379 -0.460706 0.694448 0.0890441 -0.0927415 1.27768
internal_weight=99302 45446 7498 37948 8686 1256 869 387 7430 167 152 53856 12135 235 11900 4223 702 356 7677 346
internal_count=99302 45446 7498 37948 8686 1256 869 387 7430 167 152 53856 12135 235 11900 4223 702 356 7677 346
cat_boundaries=0 3 6 8 10 12 15 18
cat_threshold=3529556163 4129398258 5 274743424 536971296 1 2181054464 536969376 270581954 2718007426 76808192 134217737 1576744 13778944 2 270565376 369105168 1
is_linear=0
shrinkage=0.0711242


Tree=305
num_leaves=21
num_cat=18
split_feature=3 1 1 3 3 1 3 1 1 3 1 1 1 4 3 1 7 3 1 3
split_gain=121075 194667 148049 83959.4 82659 54819.7 53206.6 91594 52959.7 50982.5 121140 101032 49682.1 44124.4 98989.4 99858.5 68123.5 46424.4 47699.2 81000.6
threshold=0 1 2 3 4 5 6 7 8 9 10 11 12 3.5000000000000004 13 14 21.735000000000003 15 16 17
decision_type=9 1 1 9 9 1 9 1 1 9 1 1 1 2 9 1 2 9 1 9
left_child=1 4 3 5 -1 -2 7 -4 -8 10 -3 13 -6 17 15 16 -15 18 19 -11
right_child=2 9 6 -5 12 -7 8 -9 -10 11 -12 -13 -14 14 -16 -17 -18 -19 -20 -21
leaf_value=0.089887823844182993 -0.76757409621062878 0.54263919139313221 0.15756460170906109 -0.088093330800082803 -0.013339416154497973 -0.29373132345384229 0.26173826328415783 -0.23505316900414747 0.015493030427367712 2.0246056865384641 0.088929738128153815 0.28043941440098302 -0.35680727280961999 3.0165001489335213 -0.009710220441055583 0.15664489249516786 0.42999809995255123 -0.32730692156406116 -0.10301935441969924 0.046134214919312737
leaf_weight=6430 1498 5909 5046 12471 3235 7218 7377 7407 11010 153 6018 10241 6276 160 3384 314 76 3517 1271 305
leaf_count=6430 1498 5909 5046 12471 3235 7218 7377 7407 11010 153 6018 10241 6276 160 3384 314 76 3517 1271 305
internal_value=0.0129336 0.0952921 -0.0619311 -0.206641 -0.107035 -0.375963 0.0375192 -0.0759642 0.114378 0.19818 0.31398 0.126938 -0.240121 -0.044424 0.135592 1.01125 2.09528 -0.179504 0.122333 0.736454
internal_weight=99316 47289 52027 21187 15941 8716 30840 12453 18387 31348 11927 19421 9511 9180 3934 550 236 5246 1729 458
internal_count=99316 47289 52027 21187 15941 8716 30840 12453 18387 31348 11927 19421 9511 9180 3934 550 236 5246 1729 458
cat_boundaries=0 3 5 7 9 12 13 16 18 20 22 24 26 27 29 31 34 36 39
cat_threshold=2513008784 3262259097 5 348470401 200 3394290966 2147 1208125184 277446690 8396928 1111629313 5 33588224 34865195 687931462 2 813963297 648 668296 5140 352913424 3146112 1779433762 7699 1762803750 5137 281284608 2147483648 2147614720 135397376 4112 16512 1077942272 1 1073758208 1025 0 4196352 1
is_linear=0
shrinkage=0.0711242


Tree=306
num_leaves=21
num_cat=4
split_feature=1 4 10 9 9 7 9 1 11 1 7 10 9 7 9 1 4 9 10 7
split_gain=93287.4 89340.3 143368 157776 94611 128743 78271.6 146772 120826 77742.3 78791.6 76838.2 109847 87991.5 93339.5 87867.7 86162.5 71579.4 75744.4 71379.9
threshold=0 4.5000000000000009 19.865000000000006 12.195000000000002 10.875000000000002 14.845000000000001 6.4850000000000012 1 1.0000000180025095e-35 2 9.9650000000000016 10.865 4.495000000000001 9.5650000000000031 5.7350000000000012 3 3.5000000000000004 9.1550000000000029 10.255000000000001 9.5650000000000031
decision_type=1 2 8 10 8 2 10 1 2 1 2 10 8 2 10 1 2 10 10 2
left_child=1 -1 3 4 17 -6 7 -2 11 -10 -11 13 -13 -9 16 19 -15 -3 -19 -14
right_child=6 2 -4 -5 5 -7 -8 8 9 10 -12 12 15 14 -16 -17 -18 18 -20 -21
leaf_value=0.029530417360864473 0.061843000595022651 1.361021231295708 0.090142217462114649 0.28722600183845876 1.2610195782247298 4.4087621470021503 -0.016089551306896568 -1.6161171618002315 0.48170307045607214 0.77836498830299428 -1.0018989811390959 -3.9233895612979826 1.3222195344483179 0.70001395784308518 -1.6275342393850885 -1.8016114681934914 -0.6914535514182949 -2.0072025843892218 0.78028915978376645 -0.84469287489705691
leaf_weight=22003 3708 661 5776 1853 168 108 60493 292 710 165 528 76 94 502 198 479 408 72 156 421
leaf_count=22003 3708 661 5776 1853 168 108 60493 292 710 165 528 76 94 502 198 479 408 72 156 421
internal_value=0.00338666 0.106081 0.297731 0.695011 1.34355 2.49375 -0.0430819 -0.258523 -0.563939 -0.0382883 -0.56976 -0.864787 -1.31854 -0.51793 -0.228411 -1.11905 0.0761397 0.98624 -0.100399 -0.440469
internal_weight=98871 30797 8794 3018 1165 276 68074 7581 3873 1403 693 2470 1070 1400 1108 994 910 889 228 515
internal_count=98871 30797 8794 3018 1165 276 68074 7581 3873 1403 693 2470 1070 1400 1108 994 910 889 228 515
cat_boundaries=0 2 4 6 8
cat_threshold=3768879312 4609 117444616 1110 4399617 128 1115170 424
is_linear=0
shrinkage=0.0711242


Tree=307
num_leaves=21
num_cat=16
split_feature=3 1 1 3 3 1 10 1 3 3 1 10 10 10 1 3 3 1 3 1
split_gain=115592 131442 128698 93015.8 87562.1 89608.2 86332.2 93911.6 84078 72704.7 66877.4 66586.9 90327.1 62752.4 103551 98505 85151.5 78782.3 67831.7 67493.9
threshold=0 1 2 3 4 5 36.515000000000008 6 7 8 9 3.0050000000000003 5.4350000000000014 38.355000000000011 10 11 12 13 14 15
decision_type=9 1 1 9 9 1 10 1 9 9 1 8 10 8 1 9 9 1 9 1
left_child=1 9 8 6 5 -3 7 11 10 -1 -2 -4 -13 14 18 -15 17 -16 -10 -17
right_child=2 4 3 -5 -6 -7 -8 -9 13 -11 -12 12 -14 15 16 19 -18 -19 -20 -21
leaf_value=-0.25828607380286905 0.093572308936475432 0.27360949795088291 1.8427342044268533 -0.10551849109947653 0.27023644077274883 -0.17385985535896381 -1.3929637172937348 -0.49819737912815232 0.40654588465814218 0.030767643585168654 -0.28226819366336287 -1.0003195995012719 0.22115680088805778 0.4196274208487617 -0.056362265520120775 -0.097292574111084773 0.1535978278221975 0.83504070575167966 -0.15831427648743934 -1.0338183763918181
leaf_weight=6633 4137 3711 102 20374 17345 5771 416 5232 1432 13047 5671 382 1543 875 628 879 3485 2597 4220 702
leaf_count=6633 4137 3711 102 20374 17345 5771 416 5232 1432 13047 5671 382 1543 875 628 879 3485 2597 4220 702
internal_value=-0.00885546 0.0728533 -0.0809949 -0.185142 0.175243 0.00137218 -0.396094 -0.339494 0.0376556 -0.0667382 -0.123806 0.0722476 -0.0212688 0.144538 0.209875 -0.183733 0.398492 0.661824 -0.0147309 -0.51705
internal_weight=99182 46507 52675 28049 26827 9482 7675 7259 24626 19680 9808 2027 1925 14818 12362 2456 6710 3225 5652 1581
internal_count=99182 46507 52675 28049 26827 9482 7675 7259 24626 19680 9808 2027 1925 14818 12362 2456 6710 3225 5652 1581
cat_boundaries=0 3 5 7 9 12 14 16 19 21 23 25 27 29 31 33 35
cat_threshold=992773132 3327390925 5 2527619281 5824 2292280028 4723 72449 2885632 270795776 3225453573 1 675447336 260 285474849 3072 13647954 965214208 2 168329228 34734208 2149580948 562 2157971988 48 67184640 2576 3221291904 2359554 0 4098 131361 2080 2158051356 66
is_linear=0
shrinkage=0.0711242


Tree=308
num_leaves=21
num_cat=8
split_feature=3 10 9 3 9 7 9 2 3 10 3 2 3 9 9 3 10 9 9 9
split_gain=96610.9 34721.8 91035 105165 101907 69325 70977 59820 48091.4 42313.9 162485 76841.2 75854.5 69935.3 69551.8 49314.7 49031.5 95516.9 72986.8 70160.9
threshold=0 4.9350000000000014 45.245000000000012 1 8.4650000000000016 16.245000000000001 7.0150000000000006 2 3 11.745000000000003 4 5 6 9.6050000000000022 4.0150000000000006 7 5.5750000000000011 6.1950000000000012 6.4850000000000012 7.6350000000000007
decision_type=9 10 8 9 10 2 10 1 9 10 9 1 9 8 8 9 10 8 8 8
left_child=-1 2 3 -2 5 6 -5 -6 -9 10 14 12 -12 -14 -3 -11 19 -18 -19 -16
right_child=1 9 -4 4 7 -7 -8 8 -10 15 11 -13 13 -15 16 -17 17 18 -20 -21
leaf_value=-0.085787905835775766 -0.8110001339119588 2.0177074601605085 1.5713345364096247 0.93462145049872658 0.02092201923196807 -0.11471774934126641 3.3942533104582644 0.27493201100436038 -1.530054946121338 0.1132908647939703 0.42336414347790668 -0.021164945011110943 -3.5809295390936224 -0.98840654914445691 2.1826327478552954 -0.052510852233731142 -0.73683590533679133 2.5690298994961855 0.40399094181836775 0.30023906772807135
leaf_weight=48688 1092 140 144 299 899 246 74 104 273 18622 110 4987 82 147 186 17684 376 80 4794 217
leaf_count=48688 1092 140 144 299 899 246 74 104 273 18622 110 4987 82 147 186 17684 376 80 4794 217
internal_value=-0.0142901 0.054572 -0.174815 -0.259038 0.0630008 0.812121 1.42327 -0.299941 -1.03794 0.069728 0.191125 -0.0926249 -1.11287 -1.83754 0.45138 0.0325486 0.413356 0.355308 0.439573 1.16932
internal_weight=99244 50556 3131 2987 1895 619 373 1276 377 47425 11119 5326 339 229 5793 36306 5653 5250 4874 403
internal_count=99244 50556 3131 2987 1895 619 373 1276 377 47425 11119 5326 339 229 5793 36306 5653 5250 4874 403
cat_boundaries=0 2 4 5 7 9 10 12 15
cat_threshold=2166722446 1724898594 549457936 136323281 166 134225984 516 683814960 2167406785 1 67125248 528 1582317633 135274517 5
is_linear=0
shrinkage=0.0711242


Tree=309
num_leaves=21
num_cat=10
split_feature=3 1 1 3 3 9 3 9 3 9 1 4 9 7 3 9 1 9 9 4
split_gain=138432 131796 125392 97557 82661.2 69708.6 69429.4 101275 180346 114306 66484.6 67725.2 66185.2 65045.5 63601.7 59977.1 58762.9 57089.3 69170.9 55530.9
threshold=0 1 2 3 4 3.7250000000000005 5 7.2750000000000012 6 6.4850000000000012 7 1.5000000000000002 7.5150000000000006 17.575000000000003 8 3.3950000000000005 9 6.1950000000000012 5.5850000000000009 1.0000000180025095e-35
decision_type=9 1 1 9 9 10 9 8 9 10 1 2 8 2 9 8 1 10 8 2
left_child=2 4 3 5 15 -1 -3 8 -8 10 11 -10 -9 -13 -11 -2 17 18 -17 -5
right_child=1 6 -4 19 -6 -7 7 12 9 14 -12 13 -14 -15 -16 16 -18 -19 -20 -21
leaf_value=0.53957346931094263 1.8168275502688054 0.014314815470562112 -0.046725921633498459 0.49974035128686256 -0.14932247844905666 -0.73182172472420859 -1.0911566584243766 -1.368029389555657 -0.074869708035910532 3.6294233558942182 0.30311500243938033 0.65482531293763835 0.17707775612125337 3.0851620616609607 1.3076642526836075 0.084576905238989655 0.23218550538664301 -0.041763730650631263 -1.9791789968480789 -0.24926519329591978
leaf_weight=233 102 15683 21255 586 19738 3410 225 141 92 107 727 88 23440 152 216 154 5710 3858 176 3438
leaf_count=233 102 15683 21255 586 19738 3410 225 141 92 107 727 88 23440 152 216 154 5710 3858 176 3438
internal_value=-0.0047173 0.0489673 -0.13575 -0.382165 -0.06494 -0.648714 0.131843 0.204985 0.751368 1.05168 0.701948 1.52008 0.167834 2.1946 2.23038 0.101597 0.0840078 -0.118293 -1.01632 -0.139834
internal_weight=99531 70609 28922 7667 29738 3643 40871 25188 1607 1382 1059 332 23581 240 323 10000 9898 4188 330 4024
internal_count=99531 70609 28922 7667 29738 3643 40871 25188 1607 1382 1059 332 23581 240 323 10000 9898 4188 330 4024
cat_boundaries=0 3 5 7 9 12 14 16 18 20 22
cat_threshold=587519650 21200916 4 495505229 592 1644494992 7298 33609376 4 3433037824 2149586091 1 3426885640 1143218443 11534656 1216 1610612736 1024 65536 277348352 419450112 512
is_linear=0
shrinkage=0.0711242


Tree=310
num_leaves=21
num_cat=16
split_feature=3 1 1 3 3 10 1 3 3 1 10 1 3 1 3 10 3 10 3 3
split_gain=119964 180058 92775.2 112621 76041.8 74695.6 58787 55443.6 54824.6 102400 83532.4 92719.5 89448.2 80736.4 64993.6 58572.7 62753.9 55784.6 104465 50214.7
threshold=0 1 2 3 4 6.7550000000000008 5 6 7 8 7.3650000000000011 9 10 11 12 40.82500000000001 13 8.4650000000000016 14 15
decision_type=9 1 1 9 9 8 1 9 9 1 10 1 9 1 9 8 9 10 9 9
left_child=2 4 3 5 -2 7 -7 -1 9 19 11 14 -13 15 -11 17 -17 18 -10 -4
right_child=1 -3 8 -5 -6 6 -8 -9 13 10 -12 12 -14 -15 -16 16 -18 -19 -20 -21
leaf_value=-1.894471166769536 0.09173440006467605 0.20962029794679357 0.98856512351600201 -0.058727509729105933 -0.17678528963701926 -0.59290286400967829 -0.14427002770134781 -0.58887907830641806 0.62625872751576572 2.7922059750341859 -0.18315647628838669 -0.33393637257440473 0.75732091580917094 -0.15946658502841771 0.54214499502966473 0.72188571314750705 -1.1818075512501838 0.46263962342434767 -0.70991581183060359 0.31039384828427952
leaf_weight=263 9411 29425 645 14478 12296 2480 3688 499 520 118 4854 839 679 11251 167 120 278 2734 661 3832
leaf_count=263 9411 29425 645 14478 12296 2480 3688 499 520 118 4854 839 679 11251 167 120 278 2734 661 3832
internal_value=0.019168 0.0950077 -0.0614493 -0.171719 -0.0603809 -0.407351 -0.325855 -1.07225 0.0270032 0.147439 -0.0295606 0.383771 0.155958 -0.0591924 1.53736 0.202147 -0.619348 0.286189 -0.122296 0.410101
internal_weight=99238 51132 48106 21408 21707 6930 6168 762 26698 11134 6657 1803 1518 15564 285 4313 398 3915 1181 4477
internal_count=99238 51132 48106 21408 21707 6930 6168 762 26698 11134 6657 1803 1518 15564 285 4313 398 3915 1181 4477
cat_boundaries=0 3 5 7 10 12 14 15 17 19 21 23 25 27 29 31 32
cat_threshold=615214944 268248104 3 592316939 7508 1452670116 133 537076992 46661632 2 156241932 268570821 268540960 1 536880384 537079040 43058208 134873672 4386 543162370 8 3328 34669568 27 2120 66560 34603040 8912928 18874368 8388640 140779520 8448
is_linear=0
shrinkage=0.0711242


Tree=311
num_leaves=21
num_cat=9
split_feature=3 10 3 3 8 3 4 8 10 3 4 0 10 10 0 3 10 10 3 10
split_gain=149918 57520.4 85929.5 53486.3 49091.7 157484 77253.1 63136.4 119148 40982.3 47502.1 57205.3 44853.1 71175.7 39149.7 108581 117420 112034 101077 110056
threshold=0 22.965000000000003 1 2 1.2500000000000002 3 1.0000000180025095e-35 1.1500000000000001 27.835000000000004 4 5.5000000000000009 5 10.545000000000002 8.1450000000000014 6 7 8.9050000000000029 7.9250000000000007 8 6.495000000000001
decision_type=9 10 9 9 2 9 2 2 10 9 2 1 10 8 1 9 10 10 9 8
left_child=9 3 -3 -2 5 6 -4 -8 -9 10 -1 -12 13 -13 15 16 17 18 19 -11
right_child=1 2 4 -5 -6 -7 7 8 -10 14 11 12 -14 -15 -16 -17 -18 -19 -20 -21
leaf_value=0.1933146511034467 -0.1332528565176665 -0.32704716415504298 -0.81638491754205245 0.041577488986397328 -0.092771180397793113 -0.18105391418178721 0.62060852688689006 0.27205921249008858 3.2689708406132012 0.81982101865821211 0.019281743749437422 0.87119090222416307 0.72649186259917709 3.5431961262543847 0.045088399338620806 -0.047475862354344395 0.29229361074135751 3.5691055428114158 0.15205566854685382 3.6445434181309961
leaf_weight=6150 13131 8877 76 27113 8534 1070 195 101 200 163 392 120 442 87 27164 2974 1992 99 350 122
leaf_count=6150 13131 8877 76 27113 8534 1070 195 101 200 163 392 120 442 87 27164 2974 1992 99 350 122
internal_value=0.00812578 -0.0636789 -0.165497 -0.0154899 -0.0242225 0.331885 1.27221 1.61797 2.26374 0.114412 0.268156 0.712827 1.11421 1.99523 0.0806989 0.250025 0.573571 1.34461 0.997359 1.96096
internal_weight=99352 59297 19053 40244 10176 1642 572 496 301 40055 7191 1041 649 207 32864 5700 2726 734 635 285
internal_count=99352 59297 19053 40244 10176 1642 572 496 301 40055 7191 1041 649 207 32864 5700 2726 734 635 285
cat_boundaries=0 3 5 8 10 13 14 15 17 19
cat_threshold=3257927881 2539585875 5 625092132 1218462220 143176192 536915976 2 143196416 36864 64 2152726592 4 6 1 2147485696 17694995 2147483648 655363
is_linear=0
shrinkage=0.0711242


Tree=312
num_leaves=21
num_cat=16
split_feature=1 3 3 1 1 3 3 3 1 3 1 3 10 10 1 3 10 6 1 3
split_gain=135176 219421 188101 93316.4 75742.8 105366 70550.8 59367.2 113647 75749.2 57149.1 63585.5 131130 83377.1 56006.2 59513.5 78463.5 53902 52339 162700
threshold=0 1 2 3 4 5 6 7 8 9 10 11 5.7150000000000007 7.9250000000000007 12 13 13.205000000000002 1.0000000180025095e-35 14 15
decision_type=1 9 9 1 1 9 9 9 1 9 1 9 8 8 1 9 10 2 1 9
left_child=2 3 18 -2 5 -4 -6 8 9 -3 11 12 -9 -14 -13 -16 17 -17 19 -1
right_child=1 7 4 -5 6 -7 -8 10 -10 -11 -12 14 13 -15 15 16 -18 -19 -20 -21
leaf_value=1.0158879671978118 0.11918265785598833 0.33964371867898541 -0.73059744497548662 -0.23124896544587542 -0.36219521547024336 -0.12987289036049704 -0.049605690545672369 2.7445475185026558 0.41229025008281112 -0.41748937176915651 0.20880160747741372 0.39789914196490228 -2.0410601177998138 -0.20047647857749815 -0.4831829415164603 0.65752719298801809 -0.02682730190264539 2.8649555109040419 0.024997371174539838 0.020079215422601521
leaf_weight=1165 5677 1137 2987 11873 5123 2943 12701 75 10621 1594 14676 2517 128 4448 1048 186 1210 80 16368 2839
leaf_count=1165 5677 1137 2987 11873 5123 2943 12701 75 10621 1594 14676 2517 128 4448 1048 186 1210 80 16368 2839
internal_value=0.0157282 0.0898309 -0.077092 -0.117889 -0.213049 -0.433191 -0.139605 0.186483 0.307063 -0.102181 0.120313 -0.0137571 -0.203191 -0.252 0.161078 -0.0757307 0.214887 1.32214 0.0814625 0.311644
internal_weight=99396 55270 44126 17550 23754 5930 17824 37720 13352 2731 24368 9692 4651 4576 5041 2524 1476 266 20372 4004
internal_count=99396 55270 44126 17550 23754 5930 17824 37720 13352 2731 24368 9692 4651 4576 5041 2524 1476 266 20372 4004
cat_boundaries=0 2 4 7 9 11 13 16 19 21 23 25 28 30 32 34 36
cat_threshold=1229113235 7504 167801876 188633345 2284215124 182342061 1 9502724 676 1090650240 64 361332776 4110483536 1073816579 2139200 2 2293963 2961212466 6 0 681 65545 268436498 613482500 646 2685963008 1077938188 1 536870912 646 1094713344 67174528 1073741952 4160 16640 35275009
is_linear=0
shrinkage=0.0711242


Tree=313
num_leaves=21
num_cat=8
split_feature=3 10 9 3 8 3 3 9 3 10 3 10 9 3 7 8 3 7 10 9
split_gain=108992 41704.5 66483.6 82906.5 70044.7 100950 68541.3 64081.8 77370.4 83027.1 65962.1 55964 52205 46505.1 42767.7 41969.8 41151.6 69387.3 55093.6 94474.3
threshold=0 23.925000000000004 12.585000000000003 1 1.7500000000000002 2 3 9.1550000000000029 4 44.185000000000009 5 33.465000000000011 8.1150000000000002 6 17.575000000000003 1.1500000000000001 7 21.475000000000005 5.4350000000000014 4.8950000000000005
decision_type=9 8 8 9 2 9 9 10 9 8 9 10 10 9 2 2 9 2 10 8
left_child=1 16 3 -3 6 -6 -5 10 -9 11 15 -10 14 -4 -12 -8 17 18 -1 -20
right_child=-2 2 13 4 5 -7 7 8 9 -11 12 -13 -14 -15 -16 -17 -18 -19 19 -21
leaf_value=-0.55011593205124609 0.043111989952597886 0.13474847145180366 -0.35497298900119179 -1.0421862923913232 0.15595521119284392 -2.5585264676517014 1.8745608355280954 -0.96796901824298043 0.32273861559109573 -0.80852036607111855 -1.74546186782694 2.5027999367327811 -2.3330515080879857 -0.016384948473959215 -0.2451145297603626 -0.3324221170903629 -0.14245418289794889 1.9099845428032483 1.444210529808424 0.029991311289296635
leaf_weight=801 59668 804 2957 855 109 205 76 137 96 93 132 157 116 6671 353 102 13908 99 244 11364
leaf_count=801 59668 804 2957 855 109 205 76 137 96 93 132 157 116 6671 353 102 13908 99 244 11364
internal_value=-0.0174536 -0.109441 -0.214493 -0.493444 -0.698882 -1.69295 -0.554676 -0.214384 0.42752 0.979833 -0.615137 1.67598 -0.962121 -0.120762 -0.653699 0.577887 -0.0583276 0.0353011 0.0203598 0.0597289
internal_weight=98947 39279 12863 3235 2431 314 2117 1262 483 346 779 253 601 9628 485 178 26416 12508 12409 11608
internal_count=98947 39279 12863 3235 2431 314 2117 1262 483 346 779 253 601 9628 485 178 26416 12508 12409 11608
cat_boundaries=0 3 5 7 9 10 11 13 15
cat_threshold=1092626461 3065301147 3 8196 67403777 1073741824 34603026 1073741824 2450522258 2099208 2099208 2105356 2131976 1075847188 807421962
is_linear=0
shrinkage=0.0711242


Tree=314
num_leaves=21
num_cat=16
split_feature=3 1 1 3 1 3 1 1 3 10 3 10 10 3 3 1 1 10 3 3
split_gain=135672 84938 82861.9 139102 111180 91199.2 72825.4 58617 134971 72122.2 58343.7 98641 77085.4 61685.6 52688.6 61682.2 52630.5 65728.1 81937.6 53865.2
threshold=0 1 2 3 4 5 6 7 8 3.3850000000000002 9 5.8550000000000013 5.4350000000000014 10 11 12 13 6.8850000000000007 14 15
decision_type=9 1 1 9 1 9 1 1 9 8 9 8 10 9 9 1 1 8 9 9
left_child=1 14 3 4 -2 6 -4 8 9 -7 11 12 13 -9 15 -1 19 18 -18 -12
right_child=2 -3 5 -5 -6 7 -8 10 -10 -11 16 -13 -14 -15 -16 -17 17 -19 -20 -21
leaf_value=0.071978534137125655 0.1131701792653718 -0.21286828664778099 0.030294132022256878 0.0691709073499156 0.73932513311562353 2.0541969709034054 -0.32454836356461619 1.7736411745017717 -0.44532944200807723 0.16947309599392432 0.14001255971552745 0.21710917862000204 3.3657983802512472 -0.11045323206077545 0.078073503820129522 -0.45541473762427465 0.36087720784529681 0.21086025312378967 -1.1924735579848051 -0.35687243986127132
leaf_weight=2135 2569 19399 5225 19328 3279 107 6646 174 3129 2513 1819 7555 77 174 12728 2355 302 6848 383 2786
leaf_count=2135 2569 19399 5225 19328 3279 107 6646 174 3129 2513 1819 7555 77 174 12728 2355 302 6848 383 2786
internal_value=-0.0020114 -0.110841 0.0613369 0.161248 0.464927 -0.00534188 -0.168472 0.0695589 -0.130584 0.245574 0.126789 0.276081 1.33063 0.879581 0.00416829 -0.205039 0.0284915 0.144221 -0.519817 -0.160723
internal_weight=99531 36617 62914 25176 5848 37738 11871 25867 5749 2620 20118 7980 425 348 17218 4490 12138 7533 685 4605
internal_count=99531 36617 62914 25176 5848 37738 11871 25867 5749 2620 20118 7980 425 348 17218 4490 12138 7533 685 4605
cat_boundaries=0 2 4 6 8 10 12 14 16 18 21 23 25 27 29 31 33
cat_threshold=1725145088 55665749 3843619844 6954 2189922456 5541 268439585 805736448 2155876360 417 268963873 805736482 872442887 528 469762305 16 2298743058 2351431680 2147484812 1084228360 3 1024 8388872 8396800 20972548 605554692 2600 26212 2 18770 2281701376 2100032 2147485696
is_linear=0
shrinkage=0.0711242


Tree=315
num_leaves=21
num_cat=12
split_feature=3 1 1 3 1 3 1 9 9 3 8 1 3 9 4 8 9 3 4 1
split_gain=107527 188551 186802 88377.3 92173.9 78680.9 80011 78324.9 74600.8 94888.6 120289 72272.5 134302 118431 72091.4 151617 83984.1 67568 77958.7 116658
threshold=0 1 2 3 4 5 6 3.3950000000000005 4.8950000000000005 7 1.5500000000000003 8 9 7.6350000000000007 5.5000000000000009 1.7500000000000002 15.795000000000002 10 4.5000000000000009 11
decision_type=9 1 1 9 1 9 1 10 8 9 2 1 9 10 2 2 10 9 2 1
left_child=1 -1 5 11 -5 6 -2 -6 9 -3 -11 12 13 -4 -14 -16 -17 -13 -19 -20
right_child=2 8 3 4 7 -7 -8 -9 -10 10 -12 17 14 -15 15 16 -18 18 19 -21
leaf_value=0.093917319132050259 0.24702092562011357 0.84703803977417624 1.9710227583458932 -0.1403170976760677 -0.72539314152476253 -0.19678805718827666 -0.11090941672084023 0.21905858944397294 -0.20973339111249437 -0.77257202872926234 -3.1997326742390291 -0.069010161478136295 0.69740896572376787 -0.2690640388134129 -0.66176353145626221 4.719306004586068 1.8840226257154893 0.48245063266720989 0.55785035478045597 -0.60111127810134557
leaf_weight=14521 5468 118 133 7156 462 15561 7455 11475 23089 429 136 3271 2241 1160 98 70 216 4616 796 956
leaf_count=14521 5468 118 133 7156 462 15561 7455 11475 23089 429 136 3271 2241 1160 98 70 216 4616 796 956
internal_value=-0.0145491 -0.107988 0.0439896 0.160093 0.0614034 -0.0891045 0.0406131 0.182347 -0.231309 -0.963931 -1.33361 0.298934 0.556531 -0.0382313 0.848519 1.75212 2.5792 0.193755 0.328623 -0.0747959
internal_weight=99427 38293 61134 32650 19093 28484 12923 11937 23772 683 565 13557 3918 1293 2625 384 286 9639 6368 1752
internal_count=99427 38293 61134 32650 19093 28484 12923 11937 23772 683 565 13557 3918 1293 2625 384 286 9639 6368 1752
cat_boundaries=0 3 5 7 10 12 15 17 18 20 22 24 26
cat_threshold=2431860032 15206888 2 2568225548 4034 3912518548 3666 604241975 2181537814 4 623688 4132 1308672537 1292914689 1 3238003072 2640 197632 558088 4132 18 303108 537133057 33685520 42151968 128
is_linear=0
shrinkage=0.0711242


Tree=316
num_leaves=21
num_cat=13
split_feature=3 1 1 4 1 3 3 3 9 9 11 4 9 9 1 3 1 3 3 3
split_gain=96229.3 139034 119507 97314.4 114006 303982 93424.1 92944.1 207816 99857 103671 95793.2 107262 128436 166761 318889 151923 169228 157187 120653
threshold=0 1 2 3.5000000000000004 3 4 5 6 13.855000000000002 7.1450000000000005 1.0000000180025095e-35 4.5000000000000009 3.3950000000000005 6.3350000000000009 7 8 9 10 11 12
decision_type=9 1 1 2 1 9 9 9 10 10 2 2 8 10 1 9 1 9 9 9
left_child=1 7 -2 -3 5 -5 -6 9 11 10 -1 12 -9 14 15 -14 18 -18 -15 -16
right_child=2 3 -4 4 6 -7 -8 8 -10 -11 -12 -13 13 16 19 -17 17 -19 -20 -21
leaf_value=-1.5545416012352267 0.046172631834624556 -0.15875571195260868 -0.16793846163404105 1.5630609904790214 -0.35141246610496363 -0.13545110679542888 0.16317040189921764 -1.0130636735817544 0.09942198055040842 0.10719003664156519 0.20462753423222371 0.17504454955521997 5.7713052472352038 -0.41989940122015462 -0.86360632253447212 0.90382630004047837 1.0632561696048999 -0.22339596246033472 2.4688474273323511 1.5307879496607488
leaf_weight=386 26026 14196 26718 916 2551 1259 5878 144 7291 8819 302 1297 123 127 136 168 1047 1011 403 429
leaf_count=386 26026 14196 26718 916 2551 1259 5878 144 7291 8819 302 1297 123 127 136 168 1047 1011 403 429
internal_value=0.00344921 0.0780498 -0.0622988 -0.0369735 0.126026 0.583789 0.00720014 0.209564 0.339661 0.0427594 -0.782419 0.698913 0.888273 0.967795 1.723 3.08564 0.717956 0.433177 1.78172 0.949398
internal_weight=99227 46483 52744 24800 10604 2175 8429 21683 12176 9507 688 4885 3588 3444 856 291 2588 2058 530 565
internal_count=99227 46483 52744 24800 10604 2175 8429 21683 12176 9507 688 4885 3588 3444 856 291 2588 2058 530 565
cat_boundaries=0 3 5 7 9 11 14 16 18 20 22 24 26 28
cat_threshold=2047746888 1485249513 6 595211992 3210 2340451175 2901 1140916224 4097 403046920 134419200 1073881600 8718464 2 1510735872 134222433 2098840 2 131136 458752 64 1160 536879168 1350697096 536870912 1073875072 537002048 1073872896
is_linear=0
shrinkage=0.0711242


Tree=317
num_leaves=21
num_cat=5
split_feature=1 11 9 1 1 4 9 7 7 7 9 1 7 7 10 9 9 7 1 4
split_gain=114857 43048.6 255093 177499 163373 129092 139183 231885 137745 234749 106876 150967 119170 203433 117141 147766 109824 182471 98714.1 98201.9
threshold=0 1.0000000180025095e-35 10.875000000000002 1 2 2.5000000000000004 8.1150000000000002 10.365 16.305000000000003 19.095000000000002 8.1150000000000002 3 17.445000000000004 20.415000000000003 10.155000000000003 5.9050000000000011 3.0050000000000003 19.335000000000004 4 4.5000000000000009
decision_type=1 2 10 1 1 2 8 2 2 2 10 1 2 2 10 8 10 2 1 2
left_child=-1 10 3 5 -4 -3 19 -8 -9 -10 11 12 -2 16 -13 -16 17 -14 -6 -7
right_child=1 2 4 -5 18 6 7 8 9 -11 -12 14 13 -15 15 -17 -18 -19 -20 -21
leaf_value=0.10635514491732428 -0.39065121233115846 0.063651236640760153 -2.2485919827995553 -0.12464549275234826 0.032161226803339105 1.359973073552313 4.6069481696253227 -0.032204437715379057 5.4344285846800373 -0.065488546309068765 0.012226189516781533 -0.33584523470368877 3.0645876035951978 -1.213682410674455 -3.6285292889437373 -0.97862859191399232 0.37067332988872259 -0.41766354716485216 -0.51332405203429399 -0.13838549340985101
leaf_weight=30890 2348 1069 230 3819 2321 418 132 215 80 77 45541 1794 208 370 120 939 1718 120 6097 470
leaf_count=30890 2348 1069 230 3819 2321 418 132 215 80 77 45541 1794 208 370 120 939 1718 120 6097 470
internal_value=-0.00737451 -0.0589797 -0.165709 0.179309 -0.416254 0.648846 1.10288 2.04681 1.13751 2.73847 -0.0290183 -0.275611 -0.0297558 0.32086 -0.683631 -1.27918 0.598408 1.79082 -0.363065 0.566986
internal_weight=98976 68086 14928 6280 8648 2461 1392 504 372 157 53158 7617 4764 2416 2853 1059 2046 328 8418 888
internal_count=98976 68086 14928 6280 8648 2461 1392 504 372 157 53158 7617 4764 2416 2853 1059 2046 328 8418 888
cat_boundaries=0 2 4 6 8 10
cat_threshold=549918784 2595 2501379761 12 50331913 1024 253788315 4120 2282233988 256
is_linear=0
shrinkage=0.0711242


Tree=318
num_leaves=21
num_cat=8
split_feature=1 4 1 7 1 1 7 10 1 10 10 0 6 7 10 10 1 10 10 1
split_gain=66912 46489.9 88983.3 69389.2 65414.6 64294.4 53956.7 46807.1 49046.1 102067 90157.3 55460.5 93662.2 43595.6 50610.8 40446.9 37922.2 36090.2 82235.6 79697.5
threshold=0 3.5000000000000004 1 20.355000000000004 2 3 20.235000000000003 45.07500000000001 4 6.8850000000000007 4.9350000000000014 5 1.0000000180025095e-35 21.425000000000004 12.335000000000003 39.675000000000004 6 5.1150000000000011 6.245000000000001 7
decision_type=1 2 1 2 1 1 2 8 1 10 10 1 2 2 8 10 1 10 10 1
left_child=17 4 3 6 13 -5 7 8 9 10 -3 12 -11 -2 -15 -6 -9 19 -19 -1
right_child=1 2 -4 5 15 -7 -8 16 -10 11 -12 -13 -14 14 -16 -17 -18 18 -20 -21
leaf_value=-0.15820094595540185 -0.21784533945943899 0.15885626445481019 -0.093829993394152961 1.5221951622516181 -0.018546202460349149 0.34749384540164086 -1.8368958879632662 0.75207714080456189 0.0053153022384177613 -1.6723613898060385 3.1356193854777508 0.39105384632214335 0.2186764808890268 0.77289735441763374 -1.3099745735507538 -0.64476722518331986 -0.49003130740258527 -0.47505409239330015 0.06697453953632912 0.54979298297839196
leaf_weight=1279 11016 89 14178 331 20939 831 71 136 3900 187 122 3354 454 71 348 535 889 1472 37136 2152
leaf_count=1279 11016 89 14178 331 20939 831 71 136 3900 187 122 3354 454 71 348 535 889 1472 37136 2152
internal_value=-0.00224088 -0.052132 0.0219473 0.180247 -0.107393 0.698291 0.11502 0.130215 0.187479 0.355527 1.88061 0.275829 -0.328033 -0.24472 -0.95694 -0.0341345 -0.322617 0.0659376 0.0463077 0.287012
internal_weight=99490 57451 24542 10364 32909 1162 9202 9131 8106 4206 211 3995 641 11435 419 21474 1025 42039 38608 3431
internal_count=99490 57451 24542 10364 32909 1162 9202 9131 8106 4206 211 3995 641 11435 419 21474 1025 42039 38608 3431
cat_boundaries=0 2 4 6 8 10 11 13 15
cat_threshold=3518202737 584 33822848 6419 33822848 6147 33820672 256 33822720 4097 8 2176 2 1367408704 584
is_linear=0
shrinkage=0.0711242


Tree=319
num_leaves=21
num_cat=2
split_feature=10 11 0 10 4 4 10 7 10 4 10 8 8 8 0 10 10 7 10 7
split_gain=47987.4 69094.1 48842.7 58883.5 79636.3 50820.8 111640 72549.9 54068.1 75442.8 69479.9 67343.2 47233.4 43773 43672.2 90542.2 40532.4 42160.6 38499.4 37405.8
threshold=14.115 1.0000000180025095e-35 0 25.645000000000003 5.5000000000000009 4.5000000000000009 18.415000000000003 12.015000000000002 18.925000000000004 1.0000000180025095e-35 16.115000000000006 2.5500000000000003 1.6500000000000001 1.8500000000000003 1 20.675000000000004 14.945000000000002 18.915000000000003 15.355000000000002 12.265000000000002
decision_type=10 2 1 10 2 2 10 2 10 2 10 2 2 2 1 10 10 2 10 2
left_child=-1 -2 13 4 5 8 19 -8 10 11 -4 -10 -5 16 15 -11 -3 -18 -15 -7
right_child=1 2 3 12 -6 6 7 -9 9 14 -12 -13 -14 18 -16 -17 17 -19 -20 -21
leaf_value=0.047162858081550463 -0.018566255339143654 0.29186210901535564 0.27418888047317674 -0.10880099220006584 -0.61724800473980979 3.0204956014527253 1.2950632720722237 -1.1357648086855372 2.4635019591224361 1.7894290150240921 -0.6502877612670519 -0.13777777990071341 -0.71230241674984596 -1.4093890387000869 -0.69979892220604467 -0.0084715735509344869 -1.3425761384280648 0.028096414601405217 -0.22248658777199598 1.2492119865790019
leaf_weight=40296 48960 127 831 1495 732 93 101 161 153 187 814 75 1169 147 217 584 600 140 2302 172
leaf_count=40296 48960 127 831 1495 732 93 101 161 153 187 814 75 1169 147 217 584 600 140 2302 172
internal_value=-0.0126782 -0.0535071 -0.222882 -0.112893 0.055437 0.200788 0.842558 -0.198567 0.0825502 0.442155 -0.183282 1.60809 -0.373641 -0.446206 0.172975 0.422271 -0.881841 -1.08329 -0.293778 1.87163
internal_weight=99356 59060 10100 6784 4120 3388 527 262 2861 1216 1645 228 2664 3316 988 771 867 740 2449 265
internal_count=99356 59060 10100 6784 4120 3388 527 262 2861 1216 1645 228 2664 3316 988 771 867 740 2449 265
cat_boundaries=0 1 2
cat_threshold=18 5
is_linear=0
shrinkage=0.0711242


Tree=320
num_leaves=21
num_cat=7
split_feature=1 10 11 1 1 9 1 10 2 4 9 2 9 1 10 10 11 4 4 10
split_gain=47764.1 39182.9 73801.4 87527.7 76906.7 81184.5 65712.9 61479 71023.6 157638 60859 44781.1 72192 43035.1 41120.5 55982.5 101689 40675.6 40153.7 101593
threshold=0 29.675000000000004 1.0000000180025095e-35 1 2 23.025000000000002 3 29.355000000000004 4 3.5000000000000004 14.455000000000002 5 6.6250000000000009 6 29.055000000000003 28.735000000000003 1.0000000180025095e-35 4.5000000000000009 5.5000000000000009 42.375000000000007
decision_type=1 8 2 1 1 8 1 10 1 2 10 1 10 1 10 10 2 2 2 8
left_child=-1 7 3 10 -4 11 -5 14 -9 -10 -3 12 -6 -13 15 -2 -17 -14 -8 -20
right_child=1 2 4 6 5 -7 18 8 9 -11 -12 13 17 -15 -16 16 -18 -19 19 -21
leaf_value=-0.063949536635287837 0.066165375202500279 2.3945521939342607 -1.1930608399308913 -0.88122843903243875 1.2964972804946486 -0.72467185686570013 -0.04072191928995595 -0.4446396153298221 0.34892955645653323 4.5150183660754486 0.091804025886360066 0.052889374486998354 -1.0378798258544497 2.1334078310517652 -0.80308595037186659 2.0628905554522299 -0.69107926490415517 0.37808910090897935 0.78347448483369242 -0.21058723117418565
leaf_weight=33012 47970 133 516 424 155 751 12740 104 121 74 103 100 266 107 273 185 107 167 1061 1020
leaf_count=33012 47970 133 516 424 155 751 12740 104 121 74 103 100 266 107 273 185 107 167 1061 1020
internal_value=0.00595458 0.0407243 -0.0504423 0.00279916 -0.45015 -0.193173 -0.0186701 0.0734832 1.09008 1.83706 1.33347 0.306503 -0.0199312 1.17749 0.0672185 0.0721429 1.05382 -0.491799 0.00658851 0.296247
internal_weight=99389 66377 17543 15481 2062 1546 15245 48834 299 195 236 795 588 207 48535 48262 292 433 14821 2081
internal_count=99389 66377 17543 15481 2062 1546 15245 48834 299 195 236 795 588 207 48535 48262 292 433 14821 2081
cat_boundaries=0 2 3 5 7 8 9 10
cat_threshold=336487440 1746 1614807297 136382529 2056 34603520 4356 210 49 8388866
is_linear=0
shrinkage=0.0711242


Tree=321
num_leaves=21
num_cat=4
split_feature=1 10 1 1 9 9 1 9 10 10 10 4 4 4 10 9 9 4 10 10
split_gain=107473 44464.3 112020 46471.1 81110.9 42348.9 39169.3 128760 92066.4 90882.5 100553 84773.6 85993 93578.6 77482.5 71281.6 94135.9 64339.1 61892.2 59840.5
threshold=0 5.1150000000000011 1 2 9.6050000000000022 43.925000000000004 3 9.7150000000000016 22.815000000000001 6.245000000000001 15.455000000000002 5.5000000000000009 2.5000000000000004 3.5000000000000004 16.815000000000001 7.8750000000000009 6.4850000000000012 4.5000000000000009 9.2350000000000012 8.2450000000000028
decision_type=1 10 1 1 8 10 1 8 10 10 10 2 2 2 10 10 10 2 10 10
left_child=1 2 -1 4 -4 -2 7 9 17 -3 11 12 15 -14 -12 16 -11 -9 -17 -15
right_child=5 6 3 -5 -6 -7 -8 8 -10 10 14 -13 13 19 -16 18 -18 -19 -20 -21
leaf_value=0.70988487477016915 0.052419562223107369 -2.9308815436774003 -2.9013522091690747 -0.029079929474250692 -0.28115656407485112 -0.21721005189829498 -0.10803024506217333 -0.21725979726354425 -2.4120920152559591 1.1172245607442091 -4.0048951496580196 1.2379624420554241 -3.0954607234813158 0.91304387621936955 -1.0928257794890823 2.2928440953294258 -2.1255781361524333 0.56200370195063853 -0.47578942634176835 -1.4711702971382477
leaf_weight=1125 54222 109 83 1668 213 3116 34709 2167 84 73 76 129 124 79 118 96 119 712 71 163
leaf_count=1125 54222 109 83 1668 213 3116 34709 2167 84 73 76 129 124 79 118 96 119 712 71 163
internal_value=-0.0255219 -0.112065 0.147618 -0.177184 -0.983306 0.0377598 -0.132753 -0.339933 -0.092286 -0.977022 -0.773577 -0.441412 -0.740339 -1.50736 -2.23493 0.041815 -0.892685 -0.0245301 1.11612 -0.6928
internal_weight=99256 41918 3089 1964 296 57338 38829 4120 2963 1157 1048 854 725 366 194 359 192 2879 167 242
internal_count=99256 41918 3089 1964 296 57338 38829 4120 2963 1157 1048 854 725 366 194 359 192 2879 167 242
cat_boundaries=0 2 4 6 7
cat_threshold=3241534107 584 3221521024 8 81928 64 1073741952
is_linear=0
shrinkage=0.0711242


Tree=322
num_leaves=21
num_cat=4
split_feature=1 9 1 9 11 4 1 1 9 9 9 8 9 9 9 9 9 4 9 6
split_gain=70684 45780.4 65399.7 62124.7 61937.4 52961.6 169725 69691.8 66210.4 66203.8 64383.4 62336.1 55126 64489.2 59194 79930.2 70586.1 55218.9 47189.4 49858.5
threshold=0 23.665000000000003 1 30.205000000000002 1.0000000180025095e-35 4.5000000000000009 2 3 3.0050000000000003 19.315000000000001 23.495000000000001 2.8500000000000001 7.0150000000000006 5.4250000000000007 9.2750000000000004 8.4650000000000016 9.6050000000000022 1.5000000000000002 20.735000000000003 1.0000000180025095e-35
decision_type=1 10 1 10 2 2 1 1 8 10 8 2 8 10 8 10 8 2 10 2
left_child=-1 5 -3 -4 -5 7 10 12 -8 11 -7 -10 13 17 15 -14 -16 -2 19 -9
right_child=1 2 3 4 -6 6 8 18 9 -11 -12 -13 14 -15 16 -17 -18 -19 -20 -21
leaf_value=-0.042438562693856624 0.965338802554634 -0.28820489728980264 0.31250755139477276 0.031241979647301771 -0.48398150753489633 0.28651905456752524 1.7473887027340778 0.25374651012492994 -0.33776693916334233 0.19393412796319223 1.6142394279440015 -2.0333985128998586 -0.15341571524856437 1.1557774567233425 1.8394138851777186 -1.7209877947956747 -0.069424404919007476 -0.6928574858282831 -0.023592432956650519 1.0891994351951746
leaf_weight=39756 159 3496 3566 10737 1326 3845 84 19777 5108 1295 194 112 451 398 100 259 4694 281 3236 368
leaf_count=39756 159 3496 3566 10737 1326 3845 84 19777 5108 1295 194 112 451 398 100 259 4694 281 3236 368
internal_value=0.0309829 0.0800459 -0.0105827 0.0516702 -0.0253959 0.12301 -0.0131762 0.171752 -0.235307 -0.261255 0.34946 -0.374182 -0.0374605 0.499853 -0.119343 -0.725391 -0.0295742 -0.0935709 0.228418 0.269013
internal_weight=99242 59486 19125 15629 12063 40361 10638 29723 6599 6515 4039 5220 6342 838 5504 710 4794 440 23381 20145
internal_count=99242 59486 19125 15629 12063 40361 10638 29723 6599 6515 4039 5220 6342 838 5504 710 4794 440 23381 20145
cat_boundaries=0 2 4 6 8
cat_threshold=1721241031 4129 28688 2122 4542464 2588 2154102784 272
is_linear=0
shrinkage=0.0711242


Tree=323
num_leaves=21
num_cat=3
split_feature=1 10 10 10 9 1 9 9 9 9 10 10 10 9 7 10 1 10 7 9
split_gain=69704 94494.5 85701.9 114497 167661 70920.2 61617.4 263254 53579.8 92681 87906.9 84979.5 66088.5 63185.9 56710.5 72952.5 53521.3 51575.9 49536.6 118598
threshold=0 15.455000000000002 12.035000000000002 12.625000000000002 13.665000000000001 1 7.2750000000000012 9.3850000000000033 6.6250000000000009 6.4850000000000012 30.965000000000003 27.835000000000004 18.045000000000005 5.4250000000000007 19.755000000000006 35.175000000000004 2 20.675000000000004 21.125000000000004 18.945000000000004
decision_type=1 8 10 10 8 1 8 8 8 10 8 10 10 10 2 8 1 10 2 8
left_child=1 2 18 4 -4 6 -3 -8 9 10 11 12 -7 -14 15 -12 -6 -9 -1 -20
right_child=-2 5 3 -5 16 8 7 17 -10 -11 14 -13 13 -15 -16 -17 -18 -19 19 -21
leaf_value=0.074249428450011506 -0.032899769598725544 1.0889542802841201 3.8054084802390045 0.40478955098824171 1.4647637719647399 2.0196857286335619 -3.9463518571005962 -0.042291496630828047 0.031011571698391818 2.8044123984852165 -1.3820815588046895 2.446855695370886 0.72695203120514196 -1.1109312894730912 -2.1685128567148664 0.60597057546642163 -0.26258478671274293 -1.3081973598787859 3.5813966203662178 0.079442628263143536
leaf_weight=5036 61964 112 127 2745 228 109 111 805 26578 83 139 139 256 150 75 284 148 204 70 162
leaf_count=5036 61964 112 127 2745 228 109 111 805 26578 83 139 139 256 150 75 284 148 204 70 162
internal_value=0.0134434 0.08988 0.298241 0.585586 1.57199 0.0288186 -0.49704 -0.660151 0.0522734 0.510229 0.344736 0.886848 0.465452 0.0478359 -0.367223 -0.0474618 0.81691 -0.298325 0.121072 1.13702
internal_weight=99525 37561 8516 3248 503 29045 1232 1120 27813 1235 1152 654 515 406 498 423 376 1009 5268 232
internal_count=99525 37561 8516 3248 503 29045 1232 1120 27813 1235 1152 654 515 406 498 423 376 1009 5268 232
cat_boundaries=0 2 3 4
cat_threshold=2150215928 346 144 2147483824
is_linear=0
shrinkage=0.0711242


Tree=324
num_leaves=21
num_cat=5
split_feature=1 10 10 10 10 8 10 2 4 10 10 1 1 11 4 1 10 10 10 8
split_gain=74085 52997.3 42975.8 217891 56856 67668.9 32034 52537.9 28738.9 26861.3 72843.6 61029.2 60836.4 50293.2 69236.4 113045 88116.3 61329.4 89631.9 100208
threshold=0 51.175000000000004 3.6750000000000003 3.9250000000000003 4.7550000000000008 1.0500000000000003 5.2750000000000012 1 2.5000000000000004 21.385000000000002 20.825000000000003 2 3 1.0000000180025095e-35 5.5000000000000009 4 36.785000000000004 35.455000000000005 33.465000000000011 1.7500000000000002
decision_type=1 10 8 8 8 2 8 1 2 10 10 1 1 2 2 1 10 10 10 2
left_child=2 9 -1 -4 5 -5 7 -6 -9 10 -2 -12 13 14 16 -16 -11 18 -15 -20
right_child=1 -3 3 4 6 -7 -8 8 -10 12 11 -13 -14 17 15 -17 -18 -19 19 -21
leaf_value=-0.53691047354284727 -0.024030050825970595 -1.3677651026993607 3.2773203166768963 2.523707869415261 0.44843137082107565 0.41561627667164336 0.076328747344650769 -2.261842825354337 -0.57396561209940311 0.17752205696436105 -0.24706703051311107 1.0247904467178672 -0.27934946009649869 -0.35870847911329085 -0.42465729442377187 0.94402969293321115 -0.28128746075504812 -1.5727263208127531 3.3624042306922881 -0.13861236839812172
leaf_weight=564 39393 153 108 98 142 359 38093 96 109 4816 278 600 6975 1803 442 957 3779 183 72 97
leaf_count=564 39393 153 108 98 142 359 38093 96 109 4816 278 600 6975 1803 442 957 3779 183 72 97
internal_value=0.00401429 -0.0461084 0.0794362 0.0883699 0.0795082 0.868077 0.0701312 -0.610066 -1.30155 -0.0427095 -0.00974851 0.630955 -0.112118 -0.0158624 0.0513231 0.515319 -0.0242054 -0.327504 -0.211884 1.35391
internal_weight=99117 59548 39569 39005 38897 457 38440 347 205 59395 40271 878 19124 12149 9994 1399 8595 2155 1972 169
internal_count=99117 59548 39569 39005 38897 457 38440 347 205 59395 40271 878 19124 12149 9994 1399 8595 2155 1972 169
cat_boundaries=0 2 3 5 7 9
cat_threshold=2211553434 227 131 133124 24 2103364 524 68 4
is_linear=0
shrinkage=0.0711242


Tree=325
num_leaves=21
num_cat=8
split_feature=3 9 11 2 3 10 10 3 9 3 9 3 10 10 0 4 10 3 10 10
split_gain=127541 57746.8 151741 136775 81519.2 65235.6 55352.3 111113 52574.2 155388 60816.8 213144 120202 54498 51868.1 66935 138290 121717 139723 85487.3
threshold=0 41.785000000000004 1.0000000180025095e-35 1 2 10.955000000000002 8.3550000000000022 3 5.5850000000000009 4 6.0550000000000006 5 26.555000000000003 5.995000000000001 6 2.5000000000000004 16.445000000000004 7 9.7350000000000012 19.065000000000001
decision_type=9 8 2 1 9 10 10 9 8 9 8 9 10 10 1 2 10 9 8 10
left_child=1 6 4 -4 -3 -5 7 -1 9 -2 11 -10 13 -13 -11 19 17 18 -17 -16
right_child=8 2 3 5 -6 -7 -8 -9 10 14 -12 12 -14 -15 15 16 -18 -19 -20 -21
leaf_value=-0.36296147404369972 0.38414436178178879 -0.77320084580755799 -0.38677725280756603 4.3726112073721941 -0.080271353645945717 1.622077731171959 0.14250609917732437 0.18917600625832032 2.3913262516361344 0.50054126531571563 -0.068213981556427702 0.11675919471716968 2.0964202648179571 -1.5728080628844356 -0.73827281114481624 -0.36616580797577286 -2.2511901029207633 -1.4827977226990223 2.9518181367939005 0.7935709471200757
leaf_weight=3465 1009 1139 142 70 3433 116 38335 3919 217 173 44721 178 89 211 664 361 376 403 78 255
leaf_count=3465 1009 1139 142 70 3433 116 38335 3919 217 173 44721 178 89 211 664 361 376 403 78 255
internal_value=0.00421136 0.083273 -0.148755 1.32874 -0.254776 2.5232 0.108159 -0.0701553 -0.0779077 -0.351185 -0.0579531 0.602225 -0.254955 -0.799835 -0.671135 -0.767894 -1.11723 -0.610677 0.218846 -0.313188
internal_weight=99354 50619 4900 328 4572 186 45719 7384 48735 3319 45416 695 478 389 2310 2137 1218 842 439 919
internal_count=99354 50619 4900 328 4572 186 45719 7384 48735 3319 45416 695 478 389 2310 2137 1218 842 439 919
cat_boundaries=0 2 3 5 7 9 11 12 14
cat_threshold=3975762201 2103453137 162 2147565825 1344274449 1211699216 339739856 285377540 2147684354 10752 311296 16 270464 34374144
is_linear=0
shrinkage=0.0711242


Tree=326
num_leaves=21
num_cat=12
split_feature=3 1 1 3 9 5 3 1 9 3 9 3 9 11 2 1 7 9 3 1
split_gain=111088 188089 77561.6 173511 82691.4 63507.6 106602 88926.1 87807.5 63993.5 86790.7 127181 113092 95799.7 85720.8 71016.3 67679.7 61935.9 59112 61986.8
threshold=0 1 2 3 4.0150000000000006 1.0000000180025095e-35 4 5 9.4950000000000028 6 9.2750000000000004 7 10.255000000000001 1.0000000180025095e-35 8 9 18.855000000000004 4.8950000000000005 10 11
decision_type=9 1 1 9 8 2 9 1 8 9 10 9 10 2 1 1 2 10 9 1
left_child=1 -1 3 4 -2 9 8 -8 -7 15 11 13 -12 14 -11 16 -6 -13 19 -4
right_child=2 -3 18 -5 5 6 7 -9 -10 10 12 17 -14 -15 -16 -17 -18 -19 -20 -21
leaf_value=-0.40306460671261835 2.1980963751639342 0.020448081087801571 0.017632905096254588 -0.034367046446887754 1.8495200038407487 -1.691449673181703 0.26488038233204092 1.4488725093477455 0.33976299657338027 0.74638801404692889 2.168738758741775 -0.15492189981530383 0.17594416929088663 2.2118338457365594 -1.8793200874885592 0.20296774711027149 -0.18688118200638321 -2.2342686541221108 0.056413642599992708 -0.19051318999978775
leaf_weight=9110 125 12686 14131 11896 373 122 505 961 911 139 149 104 4273 101 100 600 106 239 27629 14831
leaf_count=9110 125 12686 14131 11896 373 122 505 961 911 139 149 104 4273 101 100 600 106 239 27629 14831
internal_value=-0.0148966 -0.156671 0.0250986 0.142855 0.381974 0.356247 0.658828 1.04562 0.0987916 0.233965 0.127627 -0.618273 0.243133 0.365555 -0.399901 0.729083 1.37032 -1.55857 -0.0180006 -0.0889847
internal_weight=99091 21796 77295 20704 8808 8683 2499 1466 1033 6184 5105 683 4422 340 239 1079 479 343 56591 28962
internal_count=99091 21796 77295 20704 8808 8683 2499 1466 1033 6184 5105 683 4422 340 239 1079 479 343 56591 28962
cat_boundaries=0 3 5 7 10 12 14 17 19 20 22 25 27
cat_threshold=1090815564 544227328 2 4079223962 756 4348051 784 2325835938 101462657 1 2191540226 266368 4210704 16 2 786560 1 81952 100672000 10 133122 528 3089125410 512670341 1 396920076 39
is_linear=0
shrinkage=0.0711242


Tree=327
num_leaves=21
num_cat=9
split_feature=3 10 3 0 11 3 10 3 10 10 0 10 10 3 3 0 4 4 10 8
split_gain=92140.1 61337.5 222180 95346.2 81276 67333.1 62488.5 53196.7 54978.2 52980.5 45932.6 43146.5 85543.7 50219.9 44823.1 44543.4 69807.5 43259.9 65399.2 42501.7
threshold=0 4.3850000000000007 1 2 1.0000000180025095e-35 3 3.0050000000000003 4 3.9250000000000003 3.0050000000000003 5 11.555000000000001 11.455000000000002 6 7 8 1.5000000000000002 1.5000000000000002 13.205000000000002 1.4500000000000002
decision_type=9 8 9 1 2 9 10 9 10 10 1 10 10 9 9 1 2 2 10 2
left_child=11 2 3 -2 7 9 -5 10 -9 -6 -4 12 13 15 17 -1 -17 -13 -19 -16
right_child=1 -3 4 6 5 -7 -8 8 -10 -11 -12 14 -14 -15 19 16 -18 18 -20 -21
leaf_value=-0.61307487893863666 0.5611955909953773 0.052637105175974246 2.3179727588516523 1.4527396846893659 -0.64259086011088529 -1.0539462568607827 3.999068039865993 -0.57208768126539133 1.3382448030918699 1.5649041487521871 0.29602949453009969 -0.66227321419457474 1.8802394784460061 0.10521553950703924 -0.27118355730666899 0.61907076165188235 -0.2959013411266031 -1.1780277538984467 -0.10117065618479623 -0.014826418877287211
leaf_weight=1026 159 65519 128 75 107 413 140 238 112 113 118 1415 125 7911 4508 583 1525 313 3214 11927
leaf_count=1026 159 65519 128 75 107 413 140 238 112 113 118 1415 125 7911 4508 583 1525 313 3214 11927
internal_value=0.0156473 0.0632629 0.497936 1.98964 0.0274717 -0.533503 2.97352 0.623725 0.0383032 0.470067 1.39797 -0.0825447 0.0307172 0.00977071 -0.141765 -0.230751 -0.0426338 -0.329391 -0.196762 -0.0850927
internal_weight=99669 67122 1603 374 1229 633 215 596 350 220 246 32547 11170 11045 21377 3134 2108 4942 3527 16435
internal_count=99669 67122 1603 374 1229 633 215 596 350 220 246 32547 11170 11045 21377 3134 2108 4942 3527 16435
cat_boundaries=0 3 5 6 8 10 11 14 16 17
cat_threshold=541412481 553028360 1 2174747136 33574914 40 337289472 1073742864 131328 269025280 19 262273 11534336 1 3072 4620288 33
is_linear=0
shrinkage=0.0711242


Tree=328
num_leaves=21
num_cat=6
split_feature=1 9 10 10 1 1 10 9 9 5 9 1 1 7 10 5 8 10 2 10
split_gain=53559.3 44812.3 98592.5 164155 216725 155584 114253 93221.8 72912.1 93910.9 107280 91837.6 89820.1 74750.8 66968.9 135359 71703.4 62842.5 139856 75880.3
threshold=0 6.6250000000000009 6.245000000000001 10.655000000000003 1 2 7.1250000000000009 1.0000000180025095e-35 5.4250000000000007 1.0000000180025095e-35 5.9050000000000011 3 4 17.145000000000003 5.1150000000000011 1.0000000180025095e-35 1.5500000000000003 27.035000000000004 5 18.165000000000003
decision_type=1 10 8 10 1 1 10 10 8 2 10 1 1 2 10 2 2 10 1 10
left_child=1 2 7 4 6 -5 -4 -1 17 11 12 -10 -11 -13 -9 16 -16 18 19 -7
right_child=-2 -3 3 5 -6 8 -8 14 9 10 -12 13 -14 -15 15 -17 -18 -19 -20 -21
leaf_value=1.8787334718775366 -0.046114959510693387 0.033839667352623837 6.0530530505898481 -1.4089615307801999 0.73227074756272559 -1.774876437474102 2.0432261388554047 -0.067313940159177563 1.7229438155122627 2.135299284738208 -1.9097167241238917 -0.4636642842803067 -0.44913065796280455 1.6428144342938018 -1.4558662805243567 0.72907333664959806 -4.1408723048090854 -0.40884077230934973 2.341281137478664 1.2116246475477546
leaf_weight=90 59805 35152 73 259 529 109 71 632 544 105 123 247 163 130 179 116 70 729 144 71
leaf_count=90 59805 35152 73 259 529 109 71 632 544 105 123 247 163 130 179 116 70 729 144 71
internal_value=-0.00365636 0.0605659 0.274996 0.468662 1.45956 0.214479 3.81375 -0.312405 0.396594 0.752045 -0.171458 1.14409 0.626684 0.256125 -0.510349 -1.27727 -2.21188 -0.0425447 0.781507 -0.565448
internal_weight=99341 39536 4384 3297 673 2624 144 1087 2365 1312 391 921 268 377 997 365 249 1053 324 180
internal_count=99341 39536 4384 3297 673 2624 144 1087 2365 1312 391 921 268 377 997 365 249 1053 324 180
cat_boundaries=0 2 3 5 7 9 10
cat_threshold=1345390028 3847 1073741952 1343227136 2304 136 515 136 512 1
is_linear=0
shrinkage=0.0711242


Tree=329
num_leaves=21
num_cat=6
split_feature=3 6 3 2 2 11 10 10 10 3 10 7 2 10 10 7 10 7 10 10
split_gain=99780.3 66424 84711.5 84498.7 83439.4 92912.4 137010 79157.1 197172 78764.1 91104.3 48544.6 45512.3 64109 102353 42108.5 59370.7 56006.9 43632.7 39598.1
threshold=0 1.0000000180025095e-35 1 2 3 1.0000000180025095e-35 10.865 7.4750000000000005 8.7950000000000017 4 16.335000000000004 8.5850000000000026 5 15.055000000000001 22.665000000000003 12.385000000000003 19.195000000000004 19.635000000000002 13.505000000000001 9.8350000000000026
decision_type=9 2 9 1 1 2 10 10 10 9 10 2 1 8 8 2 8 2 10 10
left_child=1 -1 4 9 5 15 -7 -6 -9 11 -11 -4 -13 -14 -15 -3 18 -18 -17 -10
right_child=-2 2 3 -5 7 6 -8 8 19 10 -12 12 13 14 -16 16 17 -19 -20 -21
leaf_value=0.058487166211189698 -0.028925719343567784 1.8707280505146973 -0.96569965077695741 -0.10374406550202243 -0.50717848431319179 5.1248485389069085 1.1718317251881596 3.3835865819101705 -1.2601143702154498 -0.63888269581681278 0.66089818592237004 1.2495944593475401 -1.2868779679755711 2.2882934868983682 -0.35207504381433574 0.54792056603414074 -1.1056837883531154 1.2062111576144885 2.7494005278108782 0.4588770070711935
leaf_weight=20016 70790 142 71 3196 411 70 121 119 71 546 545 807 97 133 168 121 153 81 73 1463
leaf_count=20016 70790 142 71 3196 411 70 121 119 71 546 545 807 97 133 168 121 153 81 73 1463
internal_value=0.0162637 0.128852 0.296912 0.134853 0.613375 1.24853 2.62227 0.374259 0.595698 0.456089 0.0103176 0.834159 0.947193 0.295089 0.814922 0.809777 0.457467 -0.305257 1.37718 0.379247
internal_weight=99194 28404 8388 5563 2825 761 191 2064 1653 2367 1091 1276 1205 398 301 570 428 234 194 1534
internal_count=99194 28404 8388 5563 2825 761 191 2064 1653 2367 1091 1276 1205 398 301 570 428 234 194 1534
cat_boundaries=0 3 6 7 8 10 11
cat_threshold=302257296 1012935688 3 33558528 140517376 2 41 129 268698624 603980800 40
is_linear=0
shrinkage=0.0711242


Tree=330
num_leaves=21
num_cat=14
split_feature=1 3 3 1 1 3 9 2 3 9 1 1 3 7 9 3 9 1 3 10
split_gain=90788.3 180973 90698.2 103813 95409.3 88442.5 74053.8 67324.2 63871.6 117821 129019 65615.1 82608.2 61751.1 70630.7 60501.8 58607.5 66044.5 94537.9 59573.5
threshold=0 1 2 3 4 5 12.095000000000001 6 7 14.755000000000001 8 9 10 20.115000000000006 9.2750000000000004 11 6.8850000000000007 12 13 3.3850000000000002
decision_type=1 9 9 1 1 9 10 1 9 10 1 1 9 2 8 9 10 1 9 8
left_child=1 -1 4 8 15 6 7 -5 9 10 13 -11 -13 -4 -15 -2 17 18 -10 -18
right_child=2 -3 3 5 -6 -7 -8 -9 16 11 -12 12 -14 14 -16 -17 19 -19 -20 -21
leaf_value=0.064142550157908804 0.13681624920494087 -0.26786328641238277 1.3702170053876574 -0.3288077971163107 0.042629988602433992 0.14533990551144924 -0.074216422619260397 -1.4045514689169549 1.9459114138408371 -0.57033434777376746 0.31963335587102276 1.0234131250797607 0.075299719406584364 1.3391941708560404 -1.3743710602036761 -0.30058125049514389 2.105936895496257 -0.89629967637260777 -0.39778604891728631 0.15837585775464263
leaf_weight=16182 1946 17050 1307 1150 18679 9310 7370 396 113 585 2102 556 2632 99 95 8930 80 561 291 10032
leaf_count=16182 1946 17050 1307 1150 18679 9310 7370 396 113 585 2102 556 2632 99 95 8930 80 561 291 10032
internal_value=-0.010314 -0.106226 0.0378188 0.112517 -0.0548918 -0.00790839 -0.167912 -0.61563 0.231401 0.393577 0.684996 0.116321 0.243361 1.18657 0.0103611 -0.222265 0.123151 -0.406302 0.289185 0.173802
internal_weight=99466 33232 66234 36679 29555 18226 8916 1546 18453 7376 3603 3773 3188 1501 194 10876 11077 965 404 10112
internal_count=99466 33232 66234 36679 29555 18226 8916 1546 18453 7376 3603 3773 3188 1501 194 10876 11077 965 404 10112
cat_boundaries=0 2 5 7 9 11 13 14 16 18 20 22 24 26 28
cat_threshold=2785051307 2129 3570404282 1692184201 1 2287704744 1657057941 1226380304 5772 161030144 5640 925106176 2235187458 140 807411792 87769088 1074332688 4096 1224737792 5120 536870912 67108864 2147680256 1073741952 1048592 1676 278532 2304
is_linear=0
shrinkage=0.0711242


Tree=331
num_leaves=21
num_cat=11
split_feature=3 1 3 9 9 1 3 9 10 10 3 3 10 10 1 9 3 1 9 3
split_gain=106958 147045 127065 96145.6 170357 95640.8 143470 90631.1 86617.2 80975.4 79192 67776.7 63192.5 61768.3 60146.4 94609.8 59681.9 95128.3 76982.2 97580.7
threshold=0 1 2 4.2650000000000006 5.2550000000000008 3 4 12.195000000000002 13.005000000000001 6.3650000000000011 5 6 18.285000000000004 31.255000000000006 7 8.5850000000000026 8 9 8.2350000000000012 10
decision_type=9 1 9 8 8 1 9 10 8 8 9 9 8 10 1 10 9 1 10 9
left_child=1 2 12 -4 -5 6 -2 9 11 -8 -11 14 -1 -12 15 -6 17 18 19 -7
right_child=5 -3 3 4 8 16 7 -9 -10 10 13 -13 -14 -15 -16 -17 -18 -19 -20 -21
leaf_value=-0.19314029739314698 0.044947343740232258 0.0061653730526989173 -0.6086354042870542 2.381364906530465 3.383888942075254 0.083364374446701084 0.80022384141336245 -0.26181286087812039 0.30824261757278631 -0.50722213876005662 -1.7169398976729309 1.2955992225065114 0.27059515184386329 -0.47272768504519697 0.16886044247745197 0.39530645350361321 0.059658406598230539 0.039398093239697944 -0.19493376905745102 -1.2132993323142047
leaf_weight=2844 5201 31783 376 250 86 443 149 4457 4309 1210 752 980 3114 276 824 142 25327 9467 6424 886
leaf_count=2844 5201 31783 376 250 86 443 149 4457 4309 1210 752 980 3114 276 824 142 25327 9467 6424 886
internal_value=0.0068934 0.0884506 0.29063 0.496765 0.560587 -0.0599029 -0.236751 -0.450575 0.488769 -0.804896 -0.911787 0.871558 0.0491528 -1.36964 0.459778 1.45946 -0.00979322 -0.111917 -0.296496 -0.789602
internal_weight=99300 44708 12925 6967 6591 54592 12045 6844 6341 2387 2238 2032 5958 1028 1052 228 42547 17220 7753 1329
internal_count=99300 44708 12925 6967 6591 54592 12045 6844 6341 2387 2238 2032 5958 1028 1052 228 42547 17220 7753 1329
cat_boundaries=0 3 5 7 9 11 13 15 16 19 21 23
cat_threshold=1118867624 901118156 1 50399527 531 1076920448 604325956 605108288 4608 2500199490 138936339 675357444 132096 41943048 293605384 33554436 352650818 134742275 6 1518601106 2108 16778240 524288
is_linear=0
shrinkage=0.0711242


Tree=332
num_leaves=21
num_cat=4
split_feature=1 7 1 9 6 10 9 9 9 10 2 10 10 5 10 7 7 10 1 10
split_gain=106271 61056.5 95367.5 66430.8 106764 84163.4 51655.2 91759.4 50502.1 51573.3 46689.9 48126.1 50450.7 46006.5 41586.1 70315.5 39492.7 63831.8 61114.2 51427.5
threshold=0 9.6250000000000018 1 7.2750000000000012 1.0000000180025095e-35 7.4750000000000005 3.7250000000000005 4.8950000000000005 5.5850000000000009 48.385000000000012 2 8.3550000000000022 5.8550000000000013 1.0000000180025095e-35 24.845000000000002 16.845000000000002 19.215000000000003 39.415000000000006 3 37.295000000000009
decision_type=1 2 1 8 2 8 8 8 8 10 1 10 10 2 10 2 2 10 1 10
left_child=1 2 3 4 -1 -5 -4 -8 10 -10 -2 12 13 -12 15 -13 17 18 -16 -18
right_child=8 -3 6 5 -6 -7 7 -9 9 -11 11 14 -14 -15 16 -17 19 -19 -20 -21
leaf_value=-2.4198811652286651 0.77689722439113296 0.11487390811887448 1.6964227789163435 1.617059608455782 0.14537258386556987 -0.32022889334141363 -1.8961488450487973 0.11545995963218728 -0.045331251537477489 -0.79654212777313482 -0.13328506625690179 -0.64723871916369513 0.56395685261921147 -1.0922572912803366 0.43525484078758842 -2.7164058440383752 -0.57214289973954158 -2.3395017769760891 -1.2892461963405846 1.866019406816344
leaf_weight=189 163 40740 101 117 145 3644 117 5648 45234 467 900 216 349 352 212 135 109 109 189 73
leaf_count=189 163 40740 101 117 145 3644 117 5648 45234 467 900 216 349 352 212 135 109 109 189 73
internal_value=0.00427034 0.0762652 -0.0815654 -0.34447 -1.30647 -0.259926 0.102381 0.0746063 -0.0709804 -0.0530091 -0.363815 -0.435454 -0.192162 -0.402958 -0.813032 -1.44355 -0.493072 -0.814013 -0.398933 0.406222
internal_weight=99209 50701 9961 4095 334 3761 5866 5765 48508 45701 2807 2644 1601 1252 1043 351 692 510 401 182
internal_count=99209 50701 9961 4095 334 3761 5866 5765 48508 45701 2807 2644 1601 1252 1043 351 692 510 401 182
cat_boundaries=0 2 4 5 6
cat_threshold=1559345540 4954 1148194944 4120 1 262208
is_linear=0
shrinkage=0.0711242


Tree=333
num_leaves=21
num_cat=7
split_feature=1 7 1 7 9 1 9 9 1 1 9 7 1 7 4 9 1 9 9 7
split_gain=89212.4 64709 148217 122633 232783 86727.1 73468.3 67758.6 112024 101848 56813.3 54096.2 58913.6 55758.4 60480.1 105274 99495.1 54527.1 73811.6 237543
threshold=0 21.125000000000004 1 21.275000000000002 14.255000000000001 2 7.8750000000000009 27.295000000000005 3 4 18.115000000000006 10.665000000000001 5 9.3150000000000031 4.5000000000000009 6.1950000000000012 6 9.1550000000000029 11.795000000000002 8.8650000000000002
decision_type=1 2 1 2 8 1 8 8 1 1 10 2 1 2 2 8 1 8 10 2
left_child=11 7 3 4 -3 -6 -4 9 -9 10 -2 12 13 17 15 -15 -16 -1 19 -19
right_child=1 2 6 -5 5 -7 -8 8 -10 -11 -12 -13 -14 14 16 -17 -18 18 -20 -21
leaf_value=-0.83668520303576754 2.468880537528781 5.4776572417959475 -1.9937404689180169 0.54484817072888536 -0.54616740110731221 2.2416312178940765 -0.011652074249084063 -1.14159086534975 -0.060695253813937061 0.052739208905477369 0.5186415607485394 -0.042144196725560357 -0.077701903797800093 -2.967660569808618 1.7878535157883007 -0.78948165358027178 -0.65111039050511721 -0.054366792520403301 -0.29014931515922088 3.8877501574029214
leaf_weight=639 79 78 101 1337 106 108 1474 490 16275 37825 1700 28836 5971 126 103 1024 326 434 2158 94
leaf_count=639 79 78 101 1337 106 108 1474 490 16275 37825 1700 28836 5971 126 103 1024 326 434 2158 94
internal_value=-0.0105369 0.0445075 0.355431 0.828236 2.1536 0.94029 -0.137985 0.0268421 -0.0930102 0.0775775 0.60198 -0.0931003 -0.228299 -0.410661 -0.759508 -1.02834 -0.0387927 -0.246218 -0.105722 0.647974
internal_weight=99284 59573 3204 1629 292 214 1575 56369 16765 39604 1779 39711 10875 4904 1579 1150 429 3325 2686 528
internal_count=99284 59573 3204 1629 292 214 1575 56369 16765 39604 1779 39711 10875 4904 1579 1150 429 3325 2686 528
cat_boundaries=0 2 4 6 8 10 11 12
cat_threshold=2014090148 4930 2186371152 1068 24576 44 1 2176 2161246208 5 1611432352 262272
is_linear=0
shrinkage=0.0711242


Tree=334
num_leaves=21
num_cat=12
split_feature=3 1 3 3 1 1 3 10 10 10 3 10 9 3 1 4 3 9 9 3
split_gain=130350 120018 106270 92398.2 92164.3 72571.4 74996.1 84676.7 118297 96045.1 77397 167231 117422 69395.8 74394.9 112254 131347 77417.8 81548.4 54773.1
threshold=0 1 2 3 4 5 6 34.045000000000009 37.045000000000009 24.645000000000003 7 9.8350000000000026 21.125000000000004 8 9 4.5000000000000009 10 6.4850000000000012 12.885000000000003 11
decision_type=9 1 9 9 1 1 9 8 8 10 9 10 8 9 1 2 9 10 10 9
left_child=4 3 -3 -2 13 6 7 9 -9 10 11 -4 -13 14 15 16 -1 -18 -19 -10
right_child=1 2 5 -5 -6 -7 -8 8 19 -11 -12 12 -14 -15 -16 -17 17 18 -20 -21
leaf_value=-0.068439794479041333 -0.21401696999874334 0.0045961569729645818 0.086460612397651793 0.039118154377995339 -0.046757987111685093 0.10710152688248967 0.22508458311402346 3.5822549689375394 1.4865330700453987 -0.86401700369236456 0.40609844467244199 4.2767828499500293 1.2819990683560964 -0.40639197817276301 -0.19573907246193817 -0.74206183429759076 0.05110424509137157 3.8794253755769739 1.2518947162982113 0.032830624739423282
leaf_weight=288 12746 17418 248 17035 22573 8145 4756 104 365 242 1921 122 145 8444 4157 246 72 134 108 213
leaf_count=288 12746 17418 248 17035 22573 8145 4756 104 365 242 1921 122 145 8444 4157 246 72 134 108 213
internal_value=-0.0265942 0.0347481 0.126709 -0.0692572 -0.134633 0.257427 0.407968 0.665387 1.37486 0.487153 0.621409 1.38947 2.65136 -0.281978 -0.0716826 0.531609 1.06094 2.03396 2.70769 0.977196
internal_weight=99482 63460 33679 29781 36022 16261 8116 3360 682 2678 2436 515 267 13449 5005 848 602 314 242 578
internal_count=99482 63460 33679 29781 36022 16261 8116 3360 682 2678 2436 515 267 13449 5005 848 602 314 242 578
cat_boundaries=0 3 5 8 10 12 14 16 18 21 23 25 27
cat_threshold=2149593945 1622062369 2 776152498 5068 503743648 437324370 1 559237120 2236680324 680530555 6466 1360805900 3073 555288576 2151677952 65536 2147483648 2097920 1075873025 2 72 64 0 1075872000 538443776 4194304
is_linear=0
shrinkage=0.0711242


Tree=335
num_leaves=21
num_cat=11
split_feature=3 1 1 3 3 1 3 1 3 10 7 4 10 10 7 4 3 10 10 3
split_gain=118557 80477.6 77579.8 63969.6 56106.4 52291.8 51513.6 50304.2 115622 142842 130454 78123.6 120219 143792 56664.8 50165.8 49757 66395.8 111843 60497.8
threshold=0 1 2 3 4 5 6 7 8 6.7550000000000008 9.9650000000000016 3.5000000000000004 20.265000000000004 28.425000000000004 6.7350000000000012 5.5000000000000009 9 37.555000000000007 35.175000000000004 10
decision_type=9 1 1 9 9 1 9 1 9 8 2 2 8 10 2 2 9 10 8 9
left_child=1 6 3 -2 5 16 -1 8 11 10 -10 14 -13 -14 -6 -15 -4 18 19 -18
right_child=2 -3 4 -5 7 -7 -8 -9 9 -11 -12 12 13 15 -16 -17 17 -19 -20 -21
leaf_value=-0.24028971931336671 -0.14784490816390058 -0.21660184654469269 0.215880052992695 0.073667211163482446 -1.4388998204179011 0.15521117596172423 0.054006059652956087 -0.009911470729277139 4.0732203714416126 -0.19622342812451823 0.49683044075034632 0.36087468133817618 4.1057520517493025 1.8866623311485513 0.42283687809116755 -0.053926857428507398 -0.075412724445387908 0.013282234654353284 2.8291268760553439 1.1450505114218144
leaf_weight=3758 13521 17815 1753 12858 89 10971 14921 16860 75 2649 165 446 121 188 1154 105 301 419 156 670
leaf_count=3758 13521 17815 1753 12858 89 10971 14921 16860 75 2649 165 446 121 188 1154 105 301 419 156 670
internal_value=-0.00663811 -0.108481 0.0528365 -0.0398856 0.120541 0.230211 -0.00530055 0.0488507 0.246934 -0.0455121 1.61553 0.646982 1.17119 2.04388 0.289442 1.19142 0.478394 0.772728 1.06191 0.777761
internal_weight=98995 36494 62501 26379 36122 14270 18679 21852 4992 2889 240 2103 860 414 1243 293 3299 1546 1127 971
internal_count=98995 36494 62501 26379 36122 14270 18679 21852 4992 2889 240 2103 860 414 1243 293 3299 1546 1127 971
cat_boundaries=0 2 4 6 8 11 13 15 17 19 21 24
cat_threshold=2233620675 3772353560 2893180207 295 1041385808 239 336948 254038821 1384984 251921028 5 1082130568 2560 147457 2151677960 2148302850 4096 813695012 268570720 1376792 134217856 0 262656 1
is_linear=0
shrinkage=0.0711242


Tree=336
num_leaves=21
num_cat=13
split_feature=3 1 3 1 3 1 3 3 10 1 1 3 10 10 10 1 10 3 5 10
split_gain=112507 124967 118170 112867 111014 95244.2 96063.8 70656 69515.2 69503.2 63592.3 65415.3 55725.2 54446.9 52475 115989 93292.1 72088.9 69583.5 51927.8
threshold=0 1 2 3 4 5 6 7 45.07500000000001 8 9 10 45.07500000000001 7.1250000000000009 5.1150000000000011 11 3.9250000000000003 12 1.0000000180025095e-35 9.4350000000000005
decision_type=9 1 9 1 9 1 9 9 10 1 1 9 10 10 8 1 10 9 2 8
left_child=1 2 5 4 -2 6 19 9 -7 -3 11 13 -12 -4 15 16 -6 -17 -19 -1
right_child=3 7 10 -5 14 8 -8 -9 -10 -11 12 -13 -14 -15 -16 17 -18 18 -20 -21
leaf_value=0.49411468074339138 -0.42969341865484856 -0.42041571606252165 1.5509125967394539 0.021640392430711992 0.37701464266741669 0.39605063321693468 0.6114178326482933 0.12579098146139159 -1.2071251962597609 0.02368545876501205 0.30780782613815227 -0.50680949098086847 -0.94517784906474744 0.03294214858825726 -0.092926484353990049 -1.4769794842630972 3.3899935362877924 1.0922902697582595 -0.98963829789363522 2.1143599769365919
leaf_weight=129 6204 2979 142 51079 97 3694 1343 11580 142 4422 4461 1382 187 753 9694 125 112 260 118 447
leaf_count=129 6204 2979 142 51079 97 3694 1343 11580 142 4422 4461 1382 187 753 9694 125 112 260 118 447
internal_value=0.0210269 0.13167 0.304482 -0.0307407 -0.191738 0.542562 0.951948 0.0161257 0.335803 -0.1554 0.106124 -0.201281 0.256828 0.270885 -0.0495917 0.539659 1.90143 -0.0629407 0.430898 1.72174
internal_weight=99350 31661 12680 67689 16610 5755 1919 18981 3836 7401 6925 2277 4648 895 10406 712 209 503 378 576
internal_count=99350 31661 12680 67689 16610 5755 1919 18981 3836 7401 6925 2277 4648 895 10406 712 209 503 378 576
cat_boundaries=0 3 5 8 10 12 14 16 19 21 22 24 25 27
cat_threshold=1092638274 2156682117 3 1212366457 578 1075840512 262917 3 1260397696 1090 809599156 208674832 12880 64 1536 1 1075840512 773 2 302252418 4276 4203120 16777282 8912896 1090519168 1187840 285212672
is_linear=0
shrinkage=0.0711242


Tree=337
num_leaves=21
num_cat=11
split_feature=3 1 3 1 3 10 3 1 10 3 10 10 9 9 3 3 9 1 9 9
split_gain=89103.6 113567 109451 79850.2 111313 60943.4 58343 83786.7 82960.1 79142.7 75734.9 221523 175674 146767 74268.4 71988.9 71393.3 67582.5 85867.5 66647.9
threshold=0 1 2 3 4 4.1550000000000011 5 6 11.745000000000003 7 36.235000000000007 39.675000000000004 8.3450000000000006 10.875000000000002 8 9 11.995000000000003 10 3.0050000000000003 4.0150000000000006
decision_type=9 1 9 1 9 8 9 1 8 9 10 10 8 8 9 9 8 1 8 8
left_child=1 2 -1 4 -2 -6 7 8 9 -5 12 -12 -10 -14 -13 -15 -17 19 -19 -8
right_child=3 -3 -4 6 5 -7 17 -9 10 -11 11 14 13 15 -16 16 -18 18 -20 -21
leaf_value=-0.20172237104151161 -0.10864695376246838 -0.17428239257167633 0.24520393974268001 1.4154935774812791 1.721904060856996 0.28323049347991125 -1.6112961021853398 0.0091857738795121727 -2.3472498766123282 0.3108226784375791 3.3295894607572625 1.4164167597337018 2.1882301636911121 -0.98265708412782993 -0.82670460667405454 -1.9083602994817055 0.43236539720714567 1.7232924858003693 -0.0078567007119062487 -0.20256732626324064
leaf_weight=4313 4807 29452 7721 639 151 10545 173 10921 160 703 136 101 157 340 218 72 770 146 18490 9203
leaf_count=4313 4807 29452 7721 639 151 10545 173 10921 160 703 136 101 157 340 218 72 770 146 18490 9203
internal_value=-0.0195748 -0.0990718 0.0849901 0.0375621 0.175561 0.303271 -0.0131293 0.104174 0.417919 0.849739 0.12346 0.927075 -0.120505 0.145709 -0.0978226 -0.125731 0.229307 -0.0726805 0.00571053 -0.228332
internal_weight=99218 41486 12034 57732 15503 10696 42229 14217 3296 1342 1954 455 1499 1339 319 1182 842 28012 18636 9376
internal_count=99218 41486 12034 57732 15503 10696 42229 14217 3296 1342 1954 455 1499 1339 319 1182 842 28012 18636 9376
cat_boundaries=0 3 5 8 10 12 14 16 18 20 22 24
cat_threshold=2147707231 2260566137 3 22300492 288 147523 2156724256 3 1686248448 538 639107616 272635904 806916256 1346375680 2449768832 1024 536907776 268439552 536870912 272633856 36896 1077936128 2182611858 4352
is_linear=0
shrinkage=0.0711242


Tree=338
num_leaves=21
num_cat=13
split_feature=3 1 1 3 1 3 1 9 9 3 9 1 3 1 9 3 9 11 3 8
split_gain=100017 140085 129095 89018.6 84394.2 82203.3 78629.9 66609 114923 85458.1 61682.1 59578.8 60129.9 69597.1 57030.3 148383 149819 137233 136317 130395
threshold=0 1 2 3 4 5 6 8.9350000000000005 8.3450000000000006 7 5.2550000000000008 8 9 10 9.0450000000000017 11 4.495000000000001 1.0000000180025095e-35 12 1.7500000000000002
decision_type=9 1 1 9 1 9 1 8 10 9 8 1 9 1 8 9 10 2 9 2
left_child=1 -1 3 4 -2 6 10 8 9 -6 -4 -7 13 -13 15 -5 -17 18 -18 -19
right_child=2 -3 5 14 7 11 -8 -9 -10 -11 -12 12 -14 -15 -16 16 17 19 -20 -21
leaf_value=-0.074779762707596134 -0.14908964385816098 0.22122558803851336 2.1042511900944683 -0.31916540490004824 -1.7770127990073969 0.26312054012764141 -0.18700884585685729 -0.47757711502233535 -3.4924555025747024 0.11582430356827125 0.1149308057454228 -0.15374847354885698 -0.10784768795308737 0.41012732099791027 -0.13055353855542282 -0.92076729822221237 -0.85144123282758211 1.5988552549039858 1.301186549947126 4.9877901178637671
leaf_weight=13905 4664 19315 80 1203 233 9012 11777 3556 100 245 5093 1691 7268 3186 16696 211 228 300 395 71
leaf_count=13905 4664 19315 80 1203 233 9012 11777 3556 100 245 5093 1691 7268 3186 16696 211 228 300 395 71
internal_value=-0.00329753 0.0973406 -0.0539518 -0.170165 -0.357301 0.0311624 -0.0855191 -0.591272 -1.3008 -0.841735 0.145449 0.124638 0.021747 0.214701 -0.0838402 0.239693 0.793671 1.16563 0.520595 2.24844
internal_weight=99229 33220 66009 27902 8798 38107 16950 4134 578 478 5173 21157 12145 4877 19104 2408 1205 994 623 371
internal_count=99229 33220 66009 27902 8798 38107 16950 4134 578 478 5173 21157 12145 4877 19104 2408 1205 994 623 371
cat_boundaries=0 2 4 6 9 11 14 16 18 20 22 24 26 28
cat_threshold=2155546841 3389327873 489490487 740 2483253978 2311 134231040 84947396 2 67268618 2305 1962967590 814253208 5 545292324 112 1024 1052996 1225788673 584 134488064 68292644 537133092 1024 1132462112 551600154 67125764 268435488
is_linear=0
shrinkage=0.0711242


Tree=339
num_leaves=21
num_cat=18
split_feature=3 1 1 3 1 4 3 1 3 3 1 3 3 4 1 3 3 1 1 1
split_gain=128425 115511 106457 152713 54965.5 55625.3 47824.8 75834.1 77464.5 63168.1 48910.4 46411.8 45051.9 71850.6 115630 84059.4 79199.2 66670.4 57655.6 55318.7
threshold=0 1 2 3 4 2.5000000000000004 5 6 7 8 9 10 11 1.0000000180025095e-35 12 13 14 15 16 17
decision_type=9 1 1 9 1 2 9 1 9 9 1 9 9 2 1 9 9 1 1 1
left_child=1 12 3 4 5 11 7 9 10 -4 -9 -2 17 14 15 -14 19 -1 -15 -16
right_child=2 -3 6 -5 -6 -7 -8 8 -10 -11 -12 -13 13 18 16 -17 -18 -19 -20 -21
leaf_value=0.37488975038050448 -0.15536836321041553 -0.21881786295095521 -0.49598300871540046 0.0882682017416732 0.71667037339984974 -0.21296212408016302 0.079169396789173591 0.067367953913538448 0.18548470212992196 -0.086549217886488852 -0.45083386298673306 1.1366887451398133 0.32028620960473009 -0.38472567104486116 2.0212850565689013 1.8573553921895321 -0.62774276875676194 -0.03909859657928972 -0.021732892754753718 0.10678872616728162
leaf_weight=3733 219 19298 2989 12390 3387 785 23178 1697 7241 5271 2008 394 409 3145 101 334 622 4152 7436 262
leaf_count=3733 219 19298 2989 12390 3387 785 23178 1697 7241 5271 2008 394 409 3145 101 334 622 4152 7436 262
internal_value=0.00501803 -0.0944249 0.07096 0.220288 0.561226 0.182185 0.0104109 -0.0725654 0.0502138 -0.235133 -0.213943 0.691137 0.0244986 -0.060519 0.36464 1.02687 -0.143898 0.157125 -0.130012 0.679723
internal_weight=99051 39492 59559 17175 4785 1398 42384 19206 10946 8260 3705 613 20194 12309 1728 743 985 7885 10581 363
internal_count=99051 39492 59559 17175 4785 1398 42384 19206 10946 8260 3705 613 20194 12309 1728 743 985 7885 10581 363
cat_boundaries=0 3 5 7 10 12 14 16 18 20 22 24 26 28 30 33 35 37 38
cat_threshold=3013908713 3775334016 1 450317667 2830 548143300 4308 1208090628 5263404 4 2097156 132 1275274240 206598157 3691104000 1027 201523200 1064960 9216 205529088 37883939 2048 0 4198436 2189459488 1073809024 278283521 512 287574209 2147483648 72 2701393920 1 138545443 14 16675 514 167772194
is_linear=0
shrinkage=0.0711242


Tree=340
num_leaves=21
num_cat=15
split_feature=3 1 9 1 3 1 3 9 3 3 1 9 3 3 9 1 1 1 9 1
split_gain=154708 142666 106555 142021 192416 96492.2 84925.3 84656.7 83869.6 79587.2 95805.4 77234.5 122303 111495 72083.3 68717.2 66506.5 65179.7 110072 61478.2
threshold=0 1 9.7150000000000016 2 3 4 5 7.6350000000000007 6 7 8 15.065000000000003 9 10 3.3950000000000005 11 12 13 10.255000000000001 14
decision_type=9 1 8 1 9 1 9 10 9 9 1 10 9 9 8 1 1 1 8 1
left_child=1 2 3 4 7 11 -5 -1 15 17 -11 12 14 19 16 -7 -2 18 -4 -13
right_child=5 -3 9 6 -6 8 -8 -9 -10 10 -12 13 -14 -15 -16 -17 -18 -19 -20 -21
leaf_value=-1.4762266809210591 -1.6495934847175409 0.026901560718646772 2.4996347985294554 -0.13720734660929307 -2.9264971900714052 0.1131713950430239 -0.84931436593565879 1.2342275134883745 0.064563835761593483 -0.042078000393149462 -0.55253226781463605 -0.37216988437317094 0.13112293942258513 -0.12928129486869269 0.67774618290581767 -0.36483102919470822 0.46615926474919789 -0.20498252649583745 0.14565726182051705 0.44132721919283824
leaf_weight=117 124 22136 103 2337 273 2245 1331 116 28945 3476 4013 531 6594 6255 4439 4703 166 3770 3984 3778
leaf_count=117 124 22136 103 2337 273 2245 1331 116 28945 3476 4013 531 6594 6255 4439 4703 166 3770 3984 3778
internal_value=0.00775688 -0.096715 -0.23684 -0.555587 -1.66255 0.0830774 -0.397229 -0.121637 0.0112854 -0.150295 -0.315982 0.200751 0.329894 0.0625183 0.60549 -0.210441 -0.479524 0.00802585 0.204534 0.340444
internal_weight=99436 41656 19520 4174 506 57780 3668 233 35893 15346 7489 21887 11323 10564 4729 6948 290 7857 4087 4309
internal_count=99436 41656 19520 4174 506 57780 3668 233 35893 15346 7489 21887 11323 10564 4729 6948 290 7857 4087 4309
cat_boundaries=0 3 5 7 9 11 13 15 17 19 21 23 25 27 29 31
cat_threshold=3440484582 2753016416 7 1967197936 1627 192 64 2148606016 1441792 3842085240 1665 67215492 68591648 2577 17301507 1292902528 2751533568 335611072 1601 33692177 52970632 810024985 1484783875 403849221 288 553648128 1536 541067504 536 67109184 1536
is_linear=0
shrinkage=0.0711242


Tree=341
num_leaves=21
num_cat=16
split_feature=3 1 3 1 3 11 1 3 1 3 7 7 3 3 1 5 3 1 3 1
split_gain=163054 139852 69965.7 60881.7 79359.7 77961.8 122008 77142.3 64601.1 105285 66600 118980 78806.4 61321.2 58265.8 57226.5 57220.1 50578.8 50209.6 48345.7
threshold=0 1 2 3 4 1.0000000180025095e-35 5 6 7 8 8.8650000000000002 7.9850000000000012 9 10 11 1.0000000180025095e-35 12 13 14 15
decision_type=9 1 9 1 9 2 1 9 1 9 2 2 9 9 1 2 9 1 9 1
left_child=1 2 -1 4 -2 14 13 8 9 10 11 -5 -12 17 -6 -11 -17 -7 19 -8
right_child=3 -3 -4 7 5 6 18 -9 -10 15 12 -13 -14 -15 -16 16 -18 -19 -20 -21
leaf_value=-0.40287856322018417 0.12707105738154706 0.01115577412145422 -0.13035211262061827 1.4071057148286397 0.15771655067093365 1.526529154931118 -2.1225711824392177 0.051136287726363749 0.19849574053446242 -0.0070121177358008369 2.5205081364786404 -2.1106283696691936 0.85342291524962 -0.22503096918767679 -0.17038679334416246 -0.56128732796704028 1.3212062901917063 -0.080940270991051833 -0.49837554833884579 -0.81744831245191119
leaf_weight=8520 12436 22213 10875 138 4781 219 236 18616 9718 1139 274 75 366 945 6380 102 366 181 1132 471
leaf_count=8520 12436 22213 10875 138 4781 219 236 18616 9718 1139 274 75 366 945 6380 102 366 181 1132 471
internal_value=-0.00345207 -0.110711 -0.250217 0.0740674 -0.00437048 -0.118329 -0.428844 0.142263 0.281406 0.606787 1.24301 0.168105 1.6201 0.0880502 -0.0298494 0.263428 0.927124 0.815048 -0.802986 -1.27684
internal_weight=99183 41608 19395 57575 26781 14345 3184 30794 12178 2460 853 213 640 1345 11161 1607 468 400 1839 707
internal_count=99183 41608 19395 57575 26781 14345 3184 30794 12178 2460 853 213 640 1345 11161 1607 468 400 1839 707
cat_boundaries=0 2 4 6 8 11 13 16 18 20 22 24 25 27 29 31 32
cat_threshold=3005346090 2632126784 3850950768 1646 2164269090 140709952 1484695838 7424 9176645 34653357 2 402786560 7424 1145310337 1612187138 4 603979904 513 67111041 1572864 2048 524288 4327424 1090519056 1349001496 4194304 1073741824 2304 6400 133120 537403920 794632
is_linear=0
shrinkage=0.0711242


Tree=342
num_leaves=21
num_cat=5
split_feature=1 9 9 1 7 1 7 4 10 1 9 1 7 7 9 10 9 4 10 7
split_gain=68493.7 56924.8 55754.4 148860 118340 63278.2 36628.1 33557.4 32161.8 73039.9 105991 45502.5 53385.4 84104 56940.2 51623.9 49174.7 31482.6 30896 63696.8
threshold=0 45.715000000000011 44.785000000000004 1 16.425000000000004 2 21.965000000000003 3.5000000000000004 24.845000000000002 3 8.8250000000000011 4 13.245000000000003 8.5050000000000008 15.265000000000002 22.665000000000003 20.345000000000002 3.5000000000000004 27.035000000000004 8.8650000000000002
decision_type=1 10 8 1 2 1 2 2 10 1 10 1 2 2 10 10 10 2 10 2
left_child=6 2 8 4 7 17 -1 -4 11 18 -11 12 13 16 15 -14 -2 -5 19 -10
right_child=1 -3 3 5 -6 -7 -8 -9 9 10 -12 -13 14 -15 -16 -17 -18 -19 -20 -21
leaf_value=-0.074220536211535126 2.6939059241186372 -0.42692829531076393 1.8044253751972781 0.00011880514071470634 3.9780264014950135 0.43793156448300191 0.9204293857015734 -0.20029758698240999 -1.6729311692224582 -3.1920286926321766 -0.38026337799262216 0.06688676559512903 1.155632214196618 -0.67338415714168665 0.46848669397067727 3.5755181331600521 0.083690059177497431 -1.165554496649075 0.044586106473682288 -0.12110363806076557
leaf_weight=44066 74 1243 92 259 99 1289 188 78 159 71 1476 36945 123 300 300 70 72 214 11263 842
leaf_count=44066 74 1243 92 259 99 1289 188 78 159 71 1476 36945 123 300 300 70 72 214 11263 842
internal_value=-0.00412672 0.0488917 0.05991 0.425441 1.9517 0.180246 -0.0699774 0.884975 0.0455482 -0.0473649 -0.506212 0.0794207 0.56578 0.00794282 1.08182 2.03454 1.4075 -0.516467 0.0109217 -0.367723
internal_weight=99223 54969 53726 2031 269 1762 44254 170 51695 13811 1547 37884 939 446 493 193 146 473 12264 1001
internal_count=99223 54969 53726 2031 269 1762 44254 170 51695 13811 1547 37884 939 446 493 193 146 473 12264 1001
cat_boundaries=0 2 4 6 8 10
cat_threshold=1399085401 358 8192 5632 9502722 2049 8486944 537 98304 9
is_linear=0
shrinkage=0.0711242


Tree=343
num_leaves=21
num_cat=14
split_feature=3 7 10 3 3 2 3 6 3 2 2 3 0 3 10 10 3 2 10 3
split_gain=107252 36942.8 30611.2 111549 83330.8 60700.8 142352 63422.9 87259.1 58096.2 55338.8 54641.1 54414.2 48178.3 47367.8 62581.7 73525.2 63304.6 52556.9 45756.7
threshold=0 21.225000000000005 22.515000000000004 1 2 3 4 1.0000000180025095e-35 5 6 7 8 9 10 23.425000000000004 33.765000000000008 11 12 34.905000000000008 13
decision_type=9 2 8 9 9 1 9 2 9 1 1 9 1 9 8 8 9 1 8 9
left_child=1 -1 4 10 -2 6 7 8 -6 11 13 -5 -10 -4 -13 16 -16 -18 -17 -11
right_child=2 -3 3 9 5 -7 -8 -9 12 19 -12 14 -14 -15 15 18 17 -19 -20 -21
leaf_value=0.067930727692161269 -0.18442821824040831 1.0693949246824199 1.486111891473467 -0.45999709004217004 3.6336756080310648 0.01979204865804993 -0.11788775055140829 -0.14622038471136198 2.0121171162781168 -0.69677392557189977 0.01706239558224161 -1.061370039091392 -0.10333625634231917 0.045429632302435283 1.7387613737923686 -1.7682389049105649 1.6448164136725936 -0.082212924241734486 0.029081095911368607 -0.29680300165399437
leaf_weight=46356 12283 187 245 1185 106 20754 643 88 138 1979 6669 161 112 230 231 87 125 525 1498 5582
leaf_count=46356 12283 187 245 1185 106 20754 643 88 138 1979 6669 161 112 230 231 87 125 525 1498 5582
internal_value=-0.00670796 0.071941 -0.0762453 -0.149887 -0.0363064 0.047058 0.562675 1.52899 1.98596 -0.288097 0.0704434 -0.0611548 1.09714 0.803971 0.119828 0.197467 0.678021 0.269967 -0.0696644 -0.40228
internal_weight=99184 46543 52641 18517 34124 21841 1087 444 356 11373 7144 3812 250 475 2627 2466 881 650 1585 7561
internal_count=99184 46543 52641 18517 34124 21841 1087 444 356 11373 7144 3812 250 475 2627 2466 881 650 1585 7561
cat_boundaries=0 3 5 8 9 11 13 14 15 17 18 20 22 23 26
cat_threshold=4092926124 293741492 4 67665921 2187631617 67666433 2321645569 2 64 134235456 1073746954 1280 1073741824 42 16 140608 1074790400 32 557056 33592320 512 201392128 8 17408 606216 3
is_linear=0
shrinkage=0.0711242


Tree=344
num_leaves=21
num_cat=5
split_feature=9 1 4 1 4 7 8 1 9 1 1 9 7 7 4 7 6 9 7 9
split_gain=74198.2 87637.4 82686.4 79621.6 74348.3 92357.7 80981.9 72145.5 64920.3 82340.1 58090.4 90489.6 45569.4 50694.3 44361.5 60697.9 43860.7 56261.4 42853.9 39780.4
threshold=22.435000000000006 0 4.5000000000000009 1 4.5000000000000009 6.495000000000001 4.3500000000000005 2 27.055000000000003 3 4 4.8950000000000005 10.985000000000001 7.9150000000000009 1.5000000000000002 15.575000000000001 1.0000000180025095e-35 12.785000000000002 20.975000000000005 30.815000000000001
decision_type=10 1 2 1 2 2 2 1 10 1 1 10 2 2 2 2 2 8 2 10
left_child=1 4 7 -4 5 -1 16 8 9 14 18 -12 13 -9 -2 -16 -7 -18 -6 -15
right_child=2 -3 3 -5 10 6 -8 12 -10 -11 11 -13 -14 19 15 -17 17 -19 -20 -21
leaf_value=1.9462606774826197 0.39683931782734055 -0.00026432168129980198 0.34392159881275391 -0.059071350640742322 0.29170832008247699 0.20062584960109936 1.3936252458104119 -0.23877240740445627 -0.11262817738905173 0.090105122996709364 -1.5984920312116204 -0.1542716808934457 -0.21673221589713693 -0.61673556077962532 3.0329690378580483 0.66190603234988632 2.8442060372314661 0.47879794654326624 -1.1757583706797325 -1.4842988566390052
leaf_weight=163 163 46875 3843 6957 1971 13336 303 1126 12399 1442 242 2349 6547 815 119 101 71 179 106 398
leaf_count=163 163 46875 3843 6957 1971 13336 303 1126 12399 1442 242 2349 6547 815 119 101 71 179 106 398
internal_value=0.00754878 0.0517079 -0.0778718 0.0845923 0.181749 0.263541 0.243781 -0.153796 -0.0542939 0.341716 -0.0640784 -0.2881 -0.312657 -0.582473 1.25372 1.94513 0.218128 1.15134 0.215731 -0.901481
internal_weight=99505 65595 33910 10800 18720 14052 13889 23110 14224 1825 4668 2591 8886 2339 383 220 13586 250 2077 1213
internal_count=99505 65595 33910 10800 18720 14052 13889 23110 14224 1825 4668 2591 8886 2339 383 220 13586 250 2077 1213
cat_boundaries=0 2 4 6 8 10
cat_threshold=210900082 2087 278013984 256 2698135556 353 12582912 256 76551184 2052
is_linear=0
shrinkage=0.0711242


Tree=345
num_leaves=21
num_cat=12
split_feature=3 9 3 3 11 9 2 9 11 3 2 4 4 3 11 3 0 2 2 0
split_gain=130882 62966.4 92411.8 87993.2 63826.5 76955.4 63298.2 60836.1 98247 129797 82879.4 89447.5 77830.3 80945.5 71872.4 116122 123674 69076.9 68364.4 63123.5
threshold=0 14.865 1 2 1.0000000180025095e-35 14.865 3 9.7150000000000016 1.0000000180025095e-35 4 5 1.0000000180025095e-35 2.5000000000000004 6 1.0000000180025095e-35 7 8 9 10 11
decision_type=9 8 9 9 2 10 1 10 2 9 1 2 2 9 2 9 1 1 1 1
left_child=-1 3 4 7 -3 -6 -4 8 -2 17 -11 -12 -13 -14 -9 16 18 -10 -16 -17
right_child=1 2 6 -5 5 -7 -8 14 9 10 11 12 13 -15 15 19 -18 -19 -20 -21
leaf_value=-0.091040528841789689 -0.56974978962419687 -0.085531537149959425 -0.52186010399440341 0.30171630820596113 1.1948445549988711 -0.68561589186812444 0.1157853354339128 0.29985996183678615 -0.1077827377766901 -1.8889195304695219 2.1713656377187243 -1.6569963581428364 -1.2628625124795629 1.0489301370292408 3.0013739769029315 -0.23582215777132232 -0.35238311559355873 1.29352402442629 0.47678916238243069 -1.5647348521410549
leaf_weight=46412 1917 8368 808 11398 118 1627 21381 4096 273 157 77 171 110 203 104 381 401 522 131 359
leaf_count=46412 1917 8368 808 11398 118 1627 21381 4096 273 157 77 171 110 203 104 381 401 522 131 359
internal_value=-0.00399612 0.0728087 0.0111339 0.170983 -0.166965 -0.558402 0.0923392 0.00324964 -0.231588 0.196878 -0.494255 -0.0774758 -0.437175 0.229517 0.15046 -0.294257 0.409894 0.816998 1.6716 -0.892898
internal_weight=99014 52602 32302 20300 10113 1745 22189 8902 3430 1513 718 561 484 313 5472 1376 636 795 235 740
internal_count=99014 52602 32302 20300 10113 1745 22189 8902 3430 1513 718 561 484 313 5472 1376 636 795 235 740
cat_boundaries=0 3 5 8 9 11 12 14 17 18 19 20 21
cat_threshold=2090422926 1212084392 2 175441 327155712 2197815328 2751532887 1 8 16777216 604045846 65 32 3072 2181038112 2684420161 1 3 16 49 56
is_linear=0
shrinkage=0.0711242


end of trees

feature_importances:
time_of_day_bin=1542
segment_id=1478
current_speed=1292
previous_segment_speed=775
hour_of_day=430
distance_km=304
weather_severity=303
day_of_week=282
segment_type=258
route_id=109
is_holiday=102
is_weekend=45

parameters:
[boosting: gbdt]
[objective: regression]
[metric: l1]
[tree_learner: serial]
[device_type: cpu]
[data_sample_strategy: bagging]
[data: ]
[valid: ]
[num_iterations: 600]
[learning_rate: 0.0711242]
[num_leaves: 21]
[num_threads: -1]
[seed: 0]
[deterministic: 0]
[force_col_wise: 0]
[force_row_wise: 0]
[histogram_pool_size: -1]
[max_depth: 10]
[min_data_in_leaf: 70]
[min_sum_hessian_in_leaf: 0.001]
[bagging_fraction: 0.713702]
[pos_bagging_fraction: 1]
[neg_bagging_fraction: 1]
[bagging_freq: 1]
[bagging_seed: 3]
[bagging_by_query: 0]
[feature_fraction: 0.705021]
[feature_fraction_bynode: 1]
[feature_fraction_seed: 2]
[extra_trees: 0]
[extra_seed: 6]
[early_stopping_round: 0]
[early_stopping_min_delta: 0]
[first_metric_only: 0]
[max_delta_step: 0]
[lambda_l1: 0.013347]
[lambda_l2: 0.0873089]
[linear_lambda: 0]
[min_gain_to_split: 0]
[drop_rate: 0.1]
[max_drop: 50]
[skip_drop: 0.5]
[xgboost_dart_mode: 0]
[uniform_drop: 0]
[drop_seed: 4]
[top_rate: 0.2]
[other_rate: 0.1]
[min_data_per_group: 100]
[max_cat_threshold: 32]
[cat_l2: 10]
[cat_smooth: 10]
[max_cat_to_onehot: 4]
[top_k: 20]
[monotone_constraints: ]
[monotone_constraints_method: basic]
[monotone_penalty: 0]
[feature_contri: ]
[forcedsplits_filename: ]
[refit_decay_rate: 0.9]
[cegb_tradeoff: 1]
[cegb_penalty_split: 0]
[cegb_penalty_feature_lazy: ]
[cegb_penalty_feature_coupled: ]
[path_smooth: 0]
[interaction_constraints: ]
[verbosity: -1]
[saved_feature_importance_type: 0]
[use_quantized_grad: 0]
[num_grad_quant_bins: 4]
[quant_train_renew_leaf: 0]
[stochastic_rounding: 1]
[linear_tree: 0]
[max_bin: 255]
[max_bin_by_feature: ]
[min_data_in_bin: 3]
[bin_construct_sample_cnt: 200000]
[data_random_seed: 1]
[is_enable_sparse: 1]
[enable_bundle: 1]
[use_missing: 1]
[zero_as_missing: 0]
[feature_pre_filter: 1]
[pre_partition: 0]
[two_round: 0]
[header: 0]
[label_column: ]
[weight_column: ]
[group_column: ]
[ignore_column: ]
[categorical_feature: 0,1,2,3]
[forcedbins_filename: ]
[precise_float_parser: 0]
[parser_config_file: ]
[objective_seed: 5]
[num_class: 1]
[is_unbalance: 0]
[scale_pos_weight: 1]
[sigmoid: 1]
[boost_from_average: 1]
[reg_sqrt: 0]
[alpha: 0.9]
[fair_c: 1]
[poisson_max_delta_step: 0.7]
[tweedie_variance_power: 1.5]
[lambdarank_truncation_level: 30]
[lambdarank_norm: 1]
[label_gain: ]
[lambdarank_position_bias_regularization: 0]
[eval_at: ]
[multi_error_top_k: 1]
[auc_mu_weights: ]
[num_machines: 1]
[local_listen_port: 12400]
[time_out: 120]
[machine_list_filename: ]
[machines: ]
[gpu_platform_id: -1]
[gpu_device_id: -1]
[gpu_use_dp: 0]
[num_gpu: 1]

end of parameters

pandas_categorical:[["R1", "R2", "R3", "R4", "R5", "R6"], ["R1_S1", "R1_S2", "R1_S3", "R1_S4", "R1_S5", "R1_S6", "R1_S7", "R1_S8", "R2_S1", "R2_S2", "R2_S3", "R2_S4", "R2_S5", "R2_S6", "R2_S7", "R3_S1", "R3_S2", "R3_S3", "R3_S4", "R3_S5", "R3_S6", "R3_S7", "R3_S8", "R3_S9", "R4_S1", "R4_S2", "R4_S3", "R4_S4", "R4_S5", "R4_S6", "R5_S1", "R5_S2", "R5_S3", "R5_S4", "R5_S5", "R5_S6", "R5_S7", "R6_S1", "R6_S2", "R6_S3", "R6_S4", "R6_S5", "R6_S6", "R6_S7", "R6_S8"], ["commercial_hub", "flyover", "highway", "market", "narrow_lane", "residential", "school_zone", "signalized_corridor"], ["06:00-06:15", "06:15-06:30", "06:30-06:45", "06:45-07:00", "07:00-07:15", "07:15-07:30", "07:30-07:45", "07:45-08:00", "08:00-08:15", "08:15-08:30", "08:30-08:45", "08:45-09:00", "09:00-09:15", "09:15-09:30", "09:30-09:45", "09:45-10:00", "10:00-10:15", "10:15-10:30", "10:30-10:45", "10:45-11:00", "11:00-11:15", "11:15-11:30", "11:30-11:45", "11:45-12:00", "12:00-12:15", "12:15-12:30", "12:30-12:45", "12:45-13:00", "13:00-13:15", "13:15-13:30", "13:30-13:45", "13:45-14:00", "14:00-14:15", "14:15-14:30", "14:30-14:45", "14:45-15:00", "15:00-15:15", "15:15-15:30", "15:30-15:45", "15:45-16:00", "16:00-16:15", "16:15-16:30", "16:30-16:45", "16:45-17:00", "17:00-17:15", "17:15-17:30", "17:30-17:45", "17:45-18:00", "18:00-18:15", "18:15-18:30", "18:30-18:45", "18:45-19:00", "19:00-19:15", "19:15-19:30", "19:30-19:45", "19:45-20:00", "20:00-20:15", "20:15-20:30", "20:30-20:45", "20:45-21:00", "21:00-21:15", "21:15-21:30", "21:30-21:45", "21:45-22:00", "22:00-22:15", "22:15-22:30", "22:30-22:45", "22:45-23:00"]]
